Gene_set,Term,Overlap,P-value,Adjusted P-value,Odds Ratio,Combined Score,Genes,group,category,n_genes
GO_Biological_Process_2021_fixed.gmt,B cell mediated immunity (GO:0019724),2/11,0.0018233052117919125,0.020186593416267603,45.14907210222087,284.75991015981776,FCER1G;CD74,5,GO_BP,100
GO_Biological_Process_2021_fixed.gmt,B cell receptor signaling pathway (GO:0050853),2/34,0.017036345116058747,0.0872936691897225,13.176967541129391,53.66196522197375,SYK;MNDA,5,GO_BP,100
GO_Biological_Process_2021_fixed.gmt,"DNA damage response, signal transduction by p53 class mediator (GO:0030330)",1/74,0.35488639509697906,0.4021508635590634,3.446413994169096,3.570338613309085,ZNF385A,5,GO_BP,100
GO_Biological_Process_2021_fixed.gmt,"DNA damage response, signal transduction by p53 class mediator resulting in cell cycle arrest (GO:0006977)",1/56,0.282159009152707,0.3414921782347292,4.56972972972973,5.782008217744046,ZNF385A,5,GO_BP,100
GO_Biological_Process_2021_fixed.gmt,DNA metabolic process (GO:0006259),1/277,0.8083536576820713,0.8136027074072796,0.9035494704210798,0.19223522874739823,SAMHD1,5,GO_BP,100
GO_Biological_Process_2021_fixed.gmt,ERK1 and ERK2 cascade (GO:0070371),2/23,0.008011227197180818,0.05228379855002218,19.93345879822557,96.21703794980094,CTSH;LGALS9,5,GO_BP,100
GO_Biological_Process_2021_fixed.gmt,Fc receptor mediated stimulatory signaling pathway (GO:0002431),3/74,0.009478410707012599,0.05789768116598829,8.461088618983355,39.418000347883456,FCER1G;RAC1;SYK,5,GO_BP,100
GO_Biological_Process_2021_fixed.gmt,Fc receptor signaling pathway (GO:0038093),4/112,0.004307641103633563,0.034147979644278646,7.2354865977694764,39.41433523824903,FCER1G;FCER1A;SYK;RAC1,5,GO_BP,100
GO_Biological_Process_2021_fixed.gmt,Fc-epsilon receptor signaling pathway (GO:0038095),4/111,0.004172280803739098,0.033378246429912786,7.3032888399614695,40.01685530868475,FCER1G;FCER1A;SYK;RAC1,5,GO_BP,100
GO_Biological_Process_2021_fixed.gmt,Fc-gamma receptor signaling pathway (GO:0038094),3/72,0.008794069699964123,0.05548394426927995,8.705751188522866,41.21022010964204,FCER1G;RAC1;SYK,5,GO_BP,100
GO_Biological_Process_2021_fixed.gmt,Fc-gamma receptor signaling pathway involved in phagocytosis (GO:0038096),2/71,0.06566119331106997,0.1520745156932656,6.146504761508712,16.738451838410384,RAC1;SYK,5,GO_BP,100
GO_Biological_Process_2021_fixed.gmt,MAPK cascade (GO:0000165),3/303,0.2646009085327614,0.3249362615092789,1.9820085432660965,2.635144959261866,IL1B;CTSH;LGALS9,5,GO_BP,100
GO_Biological_Process_2021_fixed.gmt,N-acetylglucosamine metabolic process (GO:0006044),1/16,0.09025321665410073,0.1690543635212763,16.406820276497697,39.46063476205768,NAGK,5,GO_BP,100
GO_Biological_Process_2021_fixed.gmt,N-acetylneuraminate catabolic process (GO:0019262),1/6,0.03483764982618056,0.12266140012116471,46.26857142857143,155.3262124144681,NAGK,5,GO_BP,100
GO_Biological_Process_2021_fixed.gmt,N-acetylneuraminate metabolic process (GO:0006054),1/10,0.05739333693277774,0.1449444761642452,26.77984962406015,76.53217901759103,NAGK,5,GO_BP,100
GO_Biological_Process_2021_fixed.gmt,RNA catabolic process (GO:0006401),2/49,0.033743981656821444,0.12266140012116471,9.006693033160937,30.523261165737562,RNH1;RNASE6,5,GO_BP,100
GO_Biological_Process_2021_fixed.gmt,RNA metabolic process (GO:0016070),1/133,0.5458729855429699,0.571691302426759,1.9041509433962265,1.1527138715451068,RNASE6,5,GO_BP,100
GO_Biological_Process_2021_fixed.gmt,RNA phosphodiester bond hydrolysis (GO:0090501),1/28,0.1526127557838886,0.2258231708496681,9.24,17.36982854333114,RNASE6,5,GO_BP,100
GO_Biological_Process_2021_fixed.gmt,Rac protein signal transduction (GO:0016601),2/19,0.0054979689030295225,0.03918092781469315,24.49628406275805,127.4633899393196,AIF1;RAC1,5,GO_BP,100
GO_Biological_Process_2021_fixed.gmt,Ras protein signal transduction (GO:0007265),2/142,0.20393874097387293,0.27279831586580633,3.0258367103449695,4.810885564802836,AIF1;RAC1,5,GO_BP,100
GO_Biological_Process_2021_fixed.gmt,T cell activation (GO:0042110),2/92,0.10231807326175477,0.18150845614388542,4.7135375083831,10.745305113849652,CD1C;CD74,5,GO_BP,100
GO_Biological_Process_2021_fixed.gmt,T cell activation involved in immune response (GO:0002286),3/28,0.0005818695863191964,0.00925023444917697,23.798073615411077,177.27813814140995,FCER1G;CD1C;CD74,5,GO_BP,100
GO_Biological_Process_2021_fixed.gmt,T cell differentiation (GO:0030217),2/41,0.0242501755263242,0.11304593102496995,10.836686910075365,40.30523015047147,FCER1G;SPI1,5,GO_BP,100
GO_Biological_Process_2021_fixed.gmt,T cell mediated cytotoxicity (GO:0001913),1/8,0.04618140745129543,0.13317429125489844,33.925714285714285,104.32761013829499,CTSH,5,GO_BP,100
GO_Biological_Process_2021_fixed.gmt,T cell mediated immunity (GO:0002456),1/16,0.09025321665410073,0.1690543635212763,16.406820276497697,39.46063476205768,CTSH,5,GO_BP,100
GO_Biological_Process_2021_fixed.gmt,T cell receptor signaling pathway (GO:0050852),9/158,3.694357200960018e-07,2.082274058722919e-05,11.75025767232494,174.03646310522032,HLA-DRB1;HLA-DPB1;HLA-DRA;HLA-DQA2;HLA-DQB1;HLA-DPA1;HLA-DQB2;HLA-DQA1;HLA-DRB5,5,GO_BP,100
GO_Biological_Process_2021_fixed.gmt,T-helper 1 type immune response (GO:0042088),1/9,0.051803755642352164,0.13904038310934347,29.932436974789915,88.6087725623409,HLA-DRB1,5,GO_BP,100
GO_Biological_Process_2021_fixed.gmt,TOR signaling (GO:0031929),1/26,0.14252114696261678,0.21737542710165414,9.966050420168067,19.41650613102388,CCDC88A,5,GO_BP,100
GO_Biological_Process_2021_fixed.gmt,TRAIL-activated apoptotic signaling pathway (GO:0036462),1/7,0.04052610249614882,0.12720366110583672,39.14769230769231,125.5000245796484,SPI1,5,GO_BP,100
GO_Biological_Process_2021_fixed.gmt,UDP-N-acetylglucosamine biosynthetic process (GO:0006048),1/11,0.06295034010487634,0.14953720637939974,24.227755102040817,66.99965481281787,NAGK,5,GO_BP,100
GO_Biological_Process_2021_fixed.gmt,UDP-N-acetylglucosamine metabolic process (GO:0006047),1/13,0.0739673618540095,0.15786493751974487,20.34857142857143,52.990352563030946,NAGK,5,GO_BP,100
GO_Biological_Process_2021_fixed.gmt,UV protection (GO:0009650),1/10,0.05739333693277774,0.1449444761642452,26.77984962406015,76.53217901759103,GPX1,5,GO_BP,100
GO_Biological_Process_2021_fixed.gmt,"Wnt signaling pathway, planar cell polarity pathway (GO:0060071)",2/85,0.0895487161042728,0.1690543635212763,5.111107265238309,12.33296121307288,AP2S1;RAC1,5,GO_BP,100
GO_Biological_Process_2021_fixed.gmt,actin crosslink formation (GO:0051764),1/12,0.06847495286588197,0.1520745156932656,22.119503105590063,59.30874170143665,AIF1,5,GO_BP,100
GO_Biological_Process_2021_fixed.gmt,actin cytoskeleton reorganization (GO:0031532),2/63,0.053169457616372894,0.14178522031032773,6.949809671507119,20.39262603413029,PHACTR1;GSN,5,GO_BP,100
GO_Biological_Process_2021_fixed.gmt,actin filament bundle assembly (GO:0051017),1/33,0.17733095730063678,0.24846371418394303,7.815824175824176,13.519323991183047,AIF1,5,GO_BP,100
GO_Biological_Process_2021_fixed.gmt,actin filament bundle organization (GO:0061572),1/33,0.17733095730063678,0.24846371418394303,7.815824175824176,13.519323991183047,AIF1,5,GO_BP,100
GO_Biological_Process_2021_fixed.gmt,actin filament capping (GO:0051693),2/19,0.0054979689030295225,0.03918092781469315,24.49628406275805,127.4633899393196,CAPG;GSN,5,GO_BP,100
GO_Biological_Process_2021_fixed.gmt,actin filament depolymerization (GO:0030042),1/11,0.06295034010487634,0.14953720637939974,24.227755102040817,66.99965481281787,GSN,5,GO_BP,100
GO_Biological_Process_2021_fixed.gmt,actin filament organization (GO:0007015),5/152,0.002031211144198873,0.02194412448335384,6.565614533644575,40.70105233435907,CAPG;TPM4;AIF1;RAC1;GSN,5,GO_BP,100
GO_Biological_Process_2021_fixed.gmt,actin filament polymerization (GO:0030041),3/29,0.0006462542847430924,0.010143738140271323,22.898488359262938,168.17376882628315,AIF1;RAC1;GSN,5,GO_BP,100
GO_Biological_Process_2021_fixed.gmt,actin filament reorganization (GO:0090527),1/8,0.04618140745129543,0.13317429125489844,33.925714285714285,104.32761013829499,GSN,5,GO_BP,100
GO_Biological_Process_2021_fixed.gmt,actin polymerization or depolymerization (GO:0008154),4/50,0.0002106234327572784,0.004748601029436822,16.953807978621874,143.5214221373016,AIF1;RAC1;GSN;CAPG,5,GO_BP,100
GO_Biological_Process_2021_fixed.gmt,actin-mediated cell contraction (GO:0070252),1/9,0.051803755642352164,0.13904038310934347,29.932436974789915,88.6087725623409,GSN,5,GO_BP,100
GO_Biological_Process_2021_fixed.gmt,actin-myosin filament sliding (GO:0033275),2/38,0.021027411025760362,0.10067177479514614,11.729748990418877,45.29945081506326,VIM;TPM4,5,GO_BP,100
GO_Biological_Process_2021_fixed.gmt,activation of cysteine-type endopeptidase activity involved in apoptotic process (GO:0006919),1/81,0.3811582188425946,0.42426947160216993,3.145235137533274,3.0337073562766363,BID,5,GO_BP,100
GO_Biological_Process_2021_fixed.gmt,activation of protein kinase B activity (GO:0032148),1/31,0.1675304039472078,0.2406616595377294,8.329461358313818,14.881335933878487,CCDC88A,5,GO_BP,100
GO_Biological_Process_2021_fixed.gmt,activation of protein kinase activity (GO:0032147),1/114,0.4914417740440774,0.5226310461532213,2.2257772183763374,1.581218427357071,CCDC88A,5,GO_BP,100
GO_Biological_Process_2021_fixed.gmt,actomyosin structure organization (GO:0031032),1/76,0.36250313943554335,0.4071593232790523,3.3546641438032165,3.4040519931146886,PHACTR1,5,GO_BP,100
GO_Biological_Process_2021_fixed.gmt,acute inflammatory response (GO:0002526),1/27,0.14758171560773037,0.22262935201166137,9.58932614555256,18.347960156261912,PLSCR1,5,GO_BP,100
GO_Biological_Process_2021_fixed.gmt,acute-phase response (GO:0006953),1/15,0.08485630975545977,0.16492448917989044,17.539507389162562,43.26638537899271,PLSCR1,5,GO_BP,100
GO_Biological_Process_2021_fixed.gmt,adaptive immune response based on somatic recombination of immune receptors built from immunoglobulin superfamily domains (GO:0002460),1/20,0.11152797501071594,0.1881560394738609,13.037802197802197,28.59815605185406,HLA-DRB1,5,GO_BP,100
GO_Biological_Process_2021_fixed.gmt,adenylate cyclase-inhibiting G protein-coupled receptor signaling pathway (GO:0007193),1/60,0.2989907080352925,0.35512306318368075,4.261368547418968,5.144932560915505,RGS1,5,GO_BP,100
GO_Biological_Process_2021_fixed.gmt,adenylate cyclase-modulating G protein-coupled receptor signaling pathway (GO:0007188),1/165,0.6248260387440152,0.6397888423142682,1.5304038211029092,0.7197213789760829,RGS1,5,GO_BP,100
GO_Biological_Process_2021_fixed.gmt,aggrephagy (GO:0035973),1/29,0.15761443782098158,0.23156623566115778,8.915187969924812,16.47173245373291,VIM,5,GO_BP,100
GO_Biological_Process_2021_fixed.gmt,alpha-linolenic acid metabolic process (GO:0036109),1/13,0.0739673618540095,0.15786493751974487,20.34857142857143,52.990352563030946,ACAA1,5,GO_BP,100
GO_Biological_Process_2021_fixed.gmt,ameboidal-type cell migration (GO:0001667),1/52,0.26492787127893624,0.3249362615092789,4.925991678224688,6.543183287825445,SEMA4A,5,GO_BP,100
GO_Biological_Process_2021_fixed.gmt,amino sugar biosynthetic process (GO:0046349),1/12,0.06847495286588197,0.1520745156932656,22.119503105590063,59.30874170143665,NAGK,5,GO_BP,100
GO_Biological_Process_2021_fixed.gmt,amino sugar catabolic process (GO:0046348),1/7,0.04052610249614882,0.12720366110583672,39.14769230769231,125.5000245796484,NAGK,5,GO_BP,100
GO_Biological_Process_2021_fixed.gmt,amyloid fibril formation (GO:1990000),4/63,0.0005139662752944858,0.008276859498248863,13.23797921535478,100.25588837247578,LYZ;TGFBI;CST3;GSN,5,GO_BP,100
GO_Biological_Process_2021_fixed.gmt,anterior/posterior pattern specification (GO:0009952),1/63,0.3113578658095179,0.36560961515511575,4.056,4.732590828417397,BASP1,5,GO_BP,100
GO_Biological_Process_2021_fixed.gmt,anterograde trans-synaptic signaling (GO:0098916),1/244,0.7662837122456685,0.7737718266975805,1.0283250220005866,0.27374299635573696,GABARAP,5,GO_BP,100
GO_Biological_Process_2021_fixed.gmt,antibacterial humoral response (GO:0019731),1/44,0.22922959059504416,0.29516582797285024,5.8350738916256155,8.595245888832943,RNASE6,5,GO_BP,100
GO_Biological_Process_2021_fixed.gmt,antigen processing and presentation of endogenous peptide antigen (GO:0002483),2/14,0.0029822815780102077,0.025957452863801002,34.30635838150289,199.49376020551287,HLA-DRA;HLA-DRB1,5,GO_BP,100
GO_Biological_Process_2021_fixed.gmt,antigen processing and presentation of exogenous peptide antigen (GO:0002478),16/103,7.50874750130578e-19,3.1036156338730556e-16,38.39704433497537,1602.425697840448,FCER1G;AP2S1;HLA-DMA;HLA-DRB1;HLA-DMB;HLA-DPB1;HLA-DRA;IFI30;AP1S2;HLA-DQA2;HLA-DQB1;HLA-DPA1;HLA-DQB2;HLA-DQA1;HLA-DRB5;CD74,5,GO_BP,100
GO_Biological_Process_2021_fixed.gmt,antigen processing and presentation of exogenous peptide antigen via MHC class I (GO:0042590),2/78,0.07730774039285127,0.16279407153577521,5.581434886093166,14.288256714977392,FCER1G;IFI30,5,GO_BP,100
GO_Biological_Process_2021_fixed.gmt,antigen processing and presentation of exogenous peptide antigen via MHC class II (GO:0019886),16/98,3.242583700698863e-19,2.8287301519826357e-16,40.737931034482756,1734.3256033852372,FCER1G;AP2S1;HLA-DMA;HLA-DRB1;HLA-DMB;HLA-DPB1;HLA-DRA;IFI30;AP1S2;HLA-DQA2;HLA-DQB1;HLA-DPA1;HLA-DQB2;HLA-DQA1;HLA-DRB5;CD74,5,GO_BP,100
GO_Biological_Process_2021_fixed.gmt,antigen processing and presentation of lipid antigen via MHC class Ib (GO:0048003),2/5,0.00033923073874759076,0.006373426000712312,122.59702725020644,979.4068137243092,CD1D;CD1C,5,GO_BP,100
GO_Biological_Process_2021_fixed.gmt,antigen processing and presentation of peptide antigen via MHC class I (GO:0002474),2/33,0.016095153831719267,0.08421093144021895,13.596201486374897,56.141939005772784,FCER1G;IFI30,5,GO_BP,100
GO_Biological_Process_2021_fixed.gmt,antigen processing and presentation of peptide antigen via MHC class II (GO:0002495),16/100,4.5624679870687675e-19,2.8287301519826357e-16,39.76833299326668,1679.4665345933718,FCER1G;AP2S1;HLA-DMA;HLA-DRB1;HLA-DMB;HLA-DPB1;HLA-DRA;IFI30;AP1S2;HLA-DQA2;HLA-DQB1;HLA-DPA1;HLA-DQB2;HLA-DQA1;HLA-DRB5;CD74,5,GO_BP,100
GO_Biological_Process_2021_fixed.gmt,"antigen processing and presentation, endogenous lipid antigen via MHC class Ib (GO:0048006)",2/5,0.00033923073874759076,0.006373426000712312,122.59702725020644,979.4068137243092,CD1D;CD1C,5,GO_BP,100
GO_Biological_Process_2021_fixed.gmt,"antigen processing and presentation, exogenous lipid antigen via MHC class Ib (GO:0048007)",2/5,0.00033923073874759076,0.006373426000712312,122.59702725020644,979.4068137243092,CD1D;CD1C,5,GO_BP,100
GO_Biological_Process_2021_fixed.gmt,antigen receptor-mediated signaling pathway (GO:0050851),11/185,1.0918304931198052e-08,1.5919101997276343e-06,12.47939735650245,228.78260914955408,HLA-DRB1;HLA-DPB1;HLA-DRA;HLA-DQA2;HLA-DQB1;HLA-DPA1;HLA-DQB2;HLA-DQA1;HLA-DRB5;SYK;MNDA,5,GO_BP,100
GO_Biological_Process_2021_fixed.gmt,antimicrobial humoral immune response mediated by antimicrobial peptide (GO:0061844),1/64,0.31543212342742566,0.3693445071293747,3.9918560179977503,4.605850417145635,RNASE6,5,GO_BP,100
GO_Biological_Process_2021_fixed.gmt,apoptotic cell clearance (GO:0043277),2/33,0.016095153831719267,0.08421093144021895,13.596201486374897,56.141939005772784,RAC1;TYROBP,5,GO_BP,100
GO_Biological_Process_2021_fixed.gmt,apoptotic mitochondrial changes (GO:0008637),1/33,0.17733095730063678,0.24846371418394303,7.815824175824176,13.519323991183047,BID,5,GO_BP,100
GO_Biological_Process_2021_fixed.gmt,apoptotic process (GO:0006915),4/231,0.04752088942762109,0.1367190322279586,3.422914363742766,10.428202593644428,IL1B;BID;ZNF385A;PLSCR1,5,GO_BP,100
GO_Biological_Process_2021_fixed.gmt,arachidonic acid metabolic process (GO:0019369),1/57,0.2864040200521464,0.34412886130296655,4.488546144121365,5.6122617843458595,GPX1,5,GO_BP,100
GO_Biological_Process_2021_fixed.gmt,aromatic compound catabolic process (GO:0019439),1/8,0.04618140745129543,0.13317429125489844,33.925714285714285,104.32761013829499,ACAA1,5,GO_BP,100
GO_Biological_Process_2021_fixed.gmt,autophagosome assembly (GO:0000045),1/58,0.2906242113314079,0.3471811387774045,4.4101863354037265,5.449774053241523,GABARAP,5,GO_BP,100
GO_Biological_Process_2021_fixed.gmt,autophagosome maturation (GO:0097352),1/34,0.18218836979107858,0.25157414091418423,7.582004264392324,12.909985781775939,GABARAP,5,GO_BP,100
GO_Biological_Process_2021_fixed.gmt,autophagosome organization (GO:1905037),1/56,0.282159009152707,0.3414921782347292,4.56972972972973,5.782008217744046,GABARAP,5,GO_BP,100
GO_Biological_Process_2021_fixed.gmt,autophagy of mitochondrion (GO:0000422),1/40,0.21074305613377056,0.27770604633993146,6.427703435804702,10.008677491323533,GABARAP,5,GO_BP,100
GO_Biological_Process_2021_fixed.gmt,axon guidance (GO:0007411),2/203,0.3365882138462188,0.3868112930206778,2.1010771812561857,2.287852464912646,SEMA4A;RAC1,5,GO_BP,100
GO_Biological_Process_2021_fixed.gmt,axonogenesis (GO:0007409),1/240,0.7606007044646839,0.7686592286358663,1.0457858634059052,0.2861759103432571,SEMA4A,5,GO_BP,100
GO_Biological_Process_2021_fixed.gmt,barbed-end actin filament capping (GO:0051016),2/19,0.0054979689030295225,0.03918092781469315,24.49628406275805,127.4633899393196,CAPG;GSN,5,GO_BP,100
GO_Biological_Process_2021_fixed.gmt,benzene-containing compound metabolic process (GO:0042537),1/8,0.04618140745129543,0.13317429125489844,33.925714285714285,104.32761013829499,ACAA1,5,GO_BP,100
GO_Biological_Process_2021_fixed.gmt,bile acid metabolic process (GO:0008206),1/33,0.17733095730063678,0.24846371418394303,7.815824175824176,13.519323991183047,ACAA1,5,GO_BP,100
GO_Biological_Process_2021_fixed.gmt,blood circulation (GO:0008015),1/51,0.26055658142034366,0.32180294916456786,5.023875530410184,6.756787233303926,GPX1,5,GO_BP,100
GO_Biological_Process_2021_fixed.gmt,blood vessel endothelial cell migration (GO:0043534),1/23,0.12716055223147585,0.20515091185147563,11.297142857142857,23.298151942162995,ID1,5,GO_BP,100
GO_Biological_Process_2021_fixed.gmt,blood vessel morphogenesis (GO:0048514),2/56,0.043040420339981095,0.1330925716248792,7.846157925438829,24.680996746101332,ID1;SYK,5,GO_BP,100
GO_Biological_Process_2021_fixed.gmt,bone cell development (GO:0098751),2/9,0.0012026219228415543,0.015697380887616078,57.19653179190752,384.54664928917884,ANXA2;ZNF385A,5,GO_BP,100
GO_Biological_Process_2021_fixed.gmt,bone development (GO:0060348),1/40,0.21074305613377056,0.27770604633993146,6.427703435804702,10.008677491323533,SULF2,5,GO_BP,100
GO_Biological_Process_2021_fixed.gmt,carbohydrate derivative catabolic process (GO:1901136),1/19,0.10625585510518272,0.18376186935903288,13.743474903474903,30.811570131162792,SAMHD1,5,GO_BP,100
GO_Biological_Process_2021_fixed.gmt,carboxylic acid catabolic process (GO:0046395),1/12,0.06847495286588197,0.1520745156932656,22.119503105590063,59.30874170143665,NAGK,5,GO_BP,100
GO_Biological_Process_2021_fixed.gmt,cardiac muscle cell contraction (GO:0086003),1/19,0.10625585510518272,0.18376186935903288,13.743474903474903,30.811570131162792,GSN,5,GO_BP,100
GO_Biological_Process_2021_fixed.gmt,cardiac muscle contraction (GO:0060048),1/34,0.18218836979107858,0.25157414091418423,7.582004264392324,12.909985781775939,GSN,5,GO_BP,100
GO_Biological_Process_2021_fixed.gmt,cartilage development (GO:0051216),1/52,0.26492787127893624,0.3249362615092789,4.925991678224688,6.543183287825445,SULF2,5,GO_BP,100
GO_Biological_Process_2021_fixed.gmt,cell morphogenesis involved in differentiation (GO:0000904),2/72,0.06728596827138732,0.1520745156932656,6.058910343131227,16.351808799486772,RAC1;SPI1,5,GO_BP,100
GO_Biological_Process_2021_fixed.gmt,cell projection assembly (GO:0030031),3/22,0.000280603511287347,0.006104357087654567,31.13315339631129,254.62460827295217,RAC1;GSN;CAPG,5,GO_BP,100
GO_Biological_Process_2021_fixed.gmt,cell projection organization (GO:0030030),3/30,0.0007150139294712152,0.010682135813786828,22.064327485380115,159.816525132062,RAC1;GSN;CAPG,5,GO_BP,100
GO_Biological_Process_2021_fixed.gmt,cell-matrix adhesion (GO:0007160),1/100,0.4472536533676169,0.48436203508807424,2.5413639626704954,2.044856130256685,RAC1,5,GO_BP,100
GO_Biological_Process_2021_fixed.gmt,cellular component assembly (GO:0022607),5/261,0.018975462493093828,0.09305982684807836,3.7475575165458554,14.857598692329203,CAPG;AIF1;RAC1;GSN;CD74,5,GO_BP,100
GO_Biological_Process_2021_fixed.gmt,cellular component disassembly (GO:0022411),2/66,0.05774506725010627,0.1451317941296366,6.6252184433391585,18.893250374532407,CAPG;GSN,5,GO_BP,100
GO_Biological_Process_2021_fixed.gmt,cellular defense response (GO:0006968),3/49,0.002993480451228664,0.025957452863801002,13.032069420863987,75.73350661431537,TYROBP;MNDA;LSP1,5,GO_BP,100
GO_Biological_Process_2021_fixed.gmt,cellular macromolecule catabolic process (GO:0044265),1/53,0.26927361177792547,0.32961429279825033,4.831836734693877,6.339501570567301,RNASE6,5,GO_BP,100
GO_Biological_Process_2021_fixed.gmt,cellular modified amino acid biosynthetic process (GO:0042398),1/20,0.11152797501071594,0.1881560394738609,13.037802197802197,28.59815605185406,PLSCR1,5,GO_BP,100
GO_Biological_Process_2021_fixed.gmt,cellular protein catabolic process (GO:0044257),2/60,0.048731812729433464,0.13904038310934347,7.3076923076923075,22.079631247658412,AP2S1;CTSH,5,GO_BP,100
GO_Biological_Process_2021_fixed.gmt,cellular protein localization (GO:0034613),4/329,0.1292703020935769,0.20790554422313273,2.376325907343277,4.861605648845533,ARF5;ID1;ARF3;CD74,5,GO_BP,100
GO_Biological_Process_2021_fixed.gmt,cellular protein metabolic process (GO:0044267),3/417,0.44703864138766425,0.48436203508807424,1.4256378783710382,1.1477956573272468,LGALS1;CST3;CTSH,5,GO_BP,100
GO_Biological_Process_2021_fixed.gmt,cellular protein modification process (GO:0006464),4/1025,0.8622964261937687,0.8643876867261707,0.7209290201496233,0.10681009366825765,LGALS1;RPS6KA4;SYK;CST3,5,GO_BP,100
GO_Biological_Process_2021_fixed.gmt,cellular protein-containing complex assembly (GO:0034622),2/168,0.2604230700704415,0.32180294916456786,2.5488204967973753,3.4293048735072715,AP2S1;POMP,5,GO_BP,100
GO_Biological_Process_2021_fixed.gmt,cellular response to DNA damage stimulus (GO:0006974),4/350,0.15161457474007023,0.2258231708496681,2.229078613693998,4.204964370491495,ZNF385A;BID;MNDA;SAMHD1,5,GO_BP,100
GO_Biological_Process_2021_fixed.gmt,cellular response to chemical stress (GO:0062197),4/101,0.0029736516552848944,0.025957452863801002,8.057806099226218,46.880030379794256,AIF1;GSTP1;PRDX3;GPX1,5,GO_BP,100
GO_Biological_Process_2021_fixed.gmt,cellular response to cytokine stimulus (GO:0071345),8/482,0.0074687707549562265,0.04926210497949852,3.1989672031363514,15.665421891126144,IL1B;HLA-DPA1;CEBPD;VIM;AIF1;SYK;MNDA;LGALS9,5,GO_BP,100
GO_Biological_Process_2021_fixed.gmt,cellular response to drug (GO:0035690),1/26,0.14252114696261678,0.21737542710165414,9.966050420168067,19.41650613102388,IL1B,5,GO_BP,100
GO_Biological_Process_2021_fixed.gmt,cellular response to fluid shear stress (GO:0071498),1/12,0.06847495286588197,0.1520745156932656,22.119503105590063,59.30874170143665,KLF4,5,GO_BP,100
GO_Biological_Process_2021_fixed.gmt,cellular response to growth factor stimulus (GO:0071363),1/158,0.6088059693425968,0.6259696533870813,1.5991836734693878,0.7936039611511153,KLF4,5,GO_BP,100
GO_Biological_Process_2021_fixed.gmt,cellular response to hormone stimulus (GO:0032870),1/76,0.36250313943554335,0.4071593232790523,3.3546641438032165,3.4040519931146886,CTSH,5,GO_BP,100
GO_Biological_Process_2021_fixed.gmt,cellular response to interferon-beta (GO:0035458),1/20,0.11152797501071594,0.1881560394738609,13.037802197802197,28.59815605185406,MNDA,5,GO_BP,100
GO_Biological_Process_2021_fixed.gmt,cellular response to interferon-gamma (GO:0071346),12/121,5.604243762328228e-12,1.6252770216132613e-09,21.996150058196793,569.865191434936,HLA-DRB1;HLA-DPB1;HLA-DRA;IFI30;HLA-DQA2;HLA-DQB1;HLA-DPA1;HLA-DQB2;HLA-DQA1;HLA-DRB5;AIF1;LGALS9,5,GO_BP,100
GO_Biological_Process_2021_fixed.gmt,cellular response to interleukin-1 (GO:0071347),2/155,0.2320625259756311,0.29824287531316956,2.7671292199356063,4.042079677771058,RPS6KA4;IL1B,5,GO_BP,100
GO_Biological_Process_2021_fixed.gmt,cellular response to interleukin-12 (GO:0071349),1/48,0.24728792669326707,0.31004755217356034,5.342255639097744,7.46420986885149,ANXA2,5,GO_BP,100
GO_Biological_Process_2021_fixed.gmt,cellular response to interleukin-2 (GO:0071352),1/11,0.06295034010487634,0.14953720637939974,24.227755102040817,66.99965481281787,SYK,5,GO_BP,100
GO_Biological_Process_2021_fixed.gmt,cellular response to interleukin-6 (GO:0071354),1/28,0.1526127557838886,0.2258231708496681,9.24,17.36982854333114,SPI1,5,GO_BP,100
GO_Biological_Process_2021_fixed.gmt,cellular response to laminar fluid shear stress (GO:0071499),1/7,0.04052610249614882,0.12720366110583672,39.14769230769231,125.5000245796484,KLF4,5,GO_BP,100
GO_Biological_Process_2021_fixed.gmt,cellular response to lectin (GO:1990858),4/115,0.004731463556028444,0.035993955886351355,7.039376973492185,37.68545037408651,FCER1G;CLEC10A;SYK;TYROBP,5,GO_BP,100
GO_Biological_Process_2021_fixed.gmt,cellular response to lipid (GO:0071396),3/219,0.13893830629367307,0.21616499348074608,2.766892211282633,5.461085115487031,VIM;IL1B;GSTP1,5,GO_BP,100
GO_Biological_Process_2021_fixed.gmt,cellular response to lipopolysaccharide (GO:0071222),3/120,0.03388344299887466,0.12266140012116471,5.132636555928829,17.37309598834028,VIM;IL1B;GSTP1,5,GO_BP,100
GO_Biological_Process_2021_fixed.gmt,cellular response to low-density lipoprotein particle stimulus (GO:0071404),2/14,0.0029822815780102077,0.025957452863801002,34.30635838150289,199.49376020551287,FCER1G;SYK,5,GO_BP,100
GO_Biological_Process_2021_fixed.gmt,cellular response to mechanical stimulus (GO:0071260),1/49,0.2517367588815263,0.31403780786025415,5.231752577319588,7.216529589632424,IL1B,5,GO_BP,100
GO_Biological_Process_2021_fixed.gmt,cellular response to molecule of bacterial origin (GO:0071219),3/115,0.030414486471244017,0.12087808725750829,5.362573099415204,18.73058974394709,VIM;IL1B;GSTP1,5,GO_BP,100
GO_Biological_Process_2021_fixed.gmt,cellular response to muramyl dipeptide (GO:0071225),1/9,0.051803755642352164,0.13904038310934347,29.932436974789915,88.6087725623409,VIM,5,GO_BP,100
GO_Biological_Process_2021_fixed.gmt,cellular response to nitrogen levels (GO:0043562),1/12,0.06847495286588197,0.1520745156932656,22.119503105590063,59.30874170143665,GABARAP,5,GO_BP,100
GO_Biological_Process_2021_fixed.gmt,cellular response to nitrogen starvation (GO:0006995),1/12,0.06847495286588197,0.1520745156932656,22.119503105590063,59.30874170143665,GABARAP,5,GO_BP,100
GO_Biological_Process_2021_fixed.gmt,cellular response to organic cyclic compound (GO:0071407),1/150,0.5896679802606626,0.6118730506470473,1.6856760630673675,0.890366756747976,IL1B,5,GO_BP,100
GO_Biological_Process_2021_fixed.gmt,cellular response to organic substance (GO:0071310),2/123,0.16371504997281006,0.23771271893007548,3.5035324341682723,6.3400899101410175,KLF4;IL1B,5,GO_BP,100
GO_Biological_Process_2021_fixed.gmt,cellular response to oxidative stress (GO:0034599),4/125,0.0063450746993205165,0.04377152744325763,6.455621301775148,32.66593702835681,AIF1;GSTP1;PRDX3;GPX1,5,GO_BP,100
GO_Biological_Process_2021_fixed.gmt,cellular response to oxygen-containing compound (GO:1901701),4/323,0.12316177624147934,0.20147836746627226,2.42195182931911,5.072188443107239,VIM;IL1B;GSTP1;PRDX3,5,GO_BP,100
GO_Biological_Process_2021_fixed.gmt,cellular response to peptide (GO:1901653),1/57,0.2864040200521464,0.34412886130296655,4.488546144121365,5.6122617843458595,VIM,5,GO_BP,100
GO_Biological_Process_2021_fixed.gmt,cellular response to reactive oxygen species (GO:0034614),1/63,0.3113578658095179,0.36560961515511575,4.056,4.732590828417397,PRDX3,5,GO_BP,100
GO_Biological_Process_2021_fixed.gmt,cellular response to starvation (GO:0009267),1/158,0.6088059693425968,0.6259696533870813,1.5991836734693878,0.7936039611511153,GABARAP,5,GO_BP,100
GO_Biological_Process_2021_fixed.gmt,cellular response to thyroid hormone stimulus (GO:0097067),1/12,0.06847495286588197,0.1520745156932656,22.119503105590063,59.30874170143665,CTSH,5,GO_BP,100
GO_Biological_Process_2021_fixed.gmt,cellular response to transforming growth factor beta stimulus (GO:0071560),1/114,0.4914417740440774,0.5226310461532213,2.2257772183763374,1.581218427357071,ID1,5,GO_BP,100
GO_Biological_Process_2021_fixed.gmt,cellular response to tumor necrosis factor (GO:0071356),1/194,0.6845661537070942,0.6980773277934185,1.2984717607973422,0.49208183491108376,TNFSF13B,5,GO_BP,100
GO_Biological_Process_2021_fixed.gmt,cellular response to type I interferon (GO:0071357),1/65,0.3194825485695211,0.37232928592688547,3.9297009966777408,4.483995648420875,SAMHD1,5,GO_BP,100
GO_Biological_Process_2021_fixed.gmt,cellular response to virus (GO:0098586),1/35,0.18701742591792456,0.2556798325669531,7.361739130434783,12.34234935608545,LGALS9,5,GO_BP,100
GO_Biological_Process_2021_fixed.gmt,cellular senescence (GO:0090398),1/27,0.14758171560773037,0.22262935201166137,9.58932614555256,18.347960156261912,SPI1,5,GO_BP,100
GO_Biological_Process_2021_fixed.gmt,central nervous system development (GO:0007417),3/268,0.20987319677924038,0.27770604633993146,2.248686688472594,3.5107660399497442,CAPG;GSTP1;GSN,5,GO_BP,100
GO_Biological_Process_2021_fixed.gmt,chemical homeostasis within a tissue (GO:0048875),1/7,0.04052610249614882,0.12720366110583672,39.14769230769231,125.5000245796484,CTSH,5,GO_BP,100
GO_Biological_Process_2021_fixed.gmt,chemical synaptic transmission (GO:0007268),1/306,0.8390843136241279,0.843164140108524,0.8161515080664017,0.143188954201043,GABARAP,5,GO_BP,100
GO_Biological_Process_2021_fixed.gmt,chondrocyte development (GO:0002063),1/6,0.03483764982618056,0.12266140012116471,46.26857142857143,155.3262124144681,SULF2,5,GO_BP,100
GO_Biological_Process_2021_fixed.gmt,chondrocyte differentiation (GO:0002062),1/32,0.1724450238621847,0.24521998806090484,8.064489795918368,14.174766582278064,SULF2,5,GO_BP,100
GO_Biological_Process_2021_fixed.gmt,chordate embryonic development (GO:0043009),1/58,0.2906242113314079,0.3471811387774045,4.4101863354037265,5.449774053241523,SULF2,5,GO_BP,100
GO_Biological_Process_2021_fixed.gmt,chromatin organization (GO:0006325),1/142,0.5696048743656718,0.592541983400531,1.7819485108531046,1.002902649281075,SPI1,5,GO_BP,100
GO_Biological_Process_2021_fixed.gmt,chromatin organization involved in regulation of transcription (GO:0034401),1/13,0.0739673618540095,0.15786493751974487,20.34857142857143,52.990352563030946,SPI1,5,GO_BP,100
GO_Biological_Process_2021_fixed.gmt,cilium assembly (GO:0060271),1/314,0.8466678230706508,0.8500956280223538,0.7948872180451128,0.1323064670364565,GSN,5,GO_BP,100
GO_Biological_Process_2021_fixed.gmt,cilium organization (GO:0044782),1/228,0.7427191551339969,0.7512004505433574,1.1018524332810047,0.32773200551032544,GSN,5,GO_BP,100
GO_Biological_Process_2021_fixed.gmt,clathrin coat assembly (GO:0048268),1/15,0.08485630975545977,0.16492448917989044,17.539507389162562,43.26638537899271,AP2S1,5,GO_BP,100
GO_Biological_Process_2021_fixed.gmt,clathrin-dependent endocytosis (GO:0072583),1/26,0.14252114696261678,0.21737542710165414,9.966050420168067,19.41650613102388,AP2S1,5,GO_BP,100
GO_Biological_Process_2021_fixed.gmt,cognition (GO:0050890),1/48,0.24728792669326707,0.31004755217356034,5.342255639097744,7.46420986885149,HLA-DRA,5,GO_BP,100
GO_Biological_Process_2021_fixed.gmt,"complement activation, alternative pathway (GO:0006957)",1/7,0.04052610249614882,0.12720366110583672,39.14769230769231,125.5000245796484,CFP,5,GO_BP,100
GO_Biological_Process_2021_fixed.gmt,connective tissue development (GO:0061448),1/38,0.20133608791107963,0.26960772031289276,6.771428571428571,10.85310817391886,SULF2,5,GO_BP,100
GO_Biological_Process_2021_fixed.gmt,contractile actin filament bundle assembly (GO:0030038),1/15,0.08485630975545977,0.16492448917989044,17.539507389162562,43.26638537899271,PHACTR1,5,GO_BP,100
GO_Biological_Process_2021_fixed.gmt,cortical cytoskeleton organization (GO:0030865),1/41,0.21540537814895672,0.2817538701526438,6.268571428571429,9.623721145007593,RAC1,5,GO_BP,100
GO_Biological_Process_2021_fixed.gmt,cytokine-mediated signaling pathway (GO:0019221),20/621,3.8141580382307464e-10,7.882593279010209e-08,7.089193075704898,153.74425882687967,FCER1G;SAMHD1;RPS6KA4;HLA-DPA1;HLA-DQB2;HLA-DQA1;SYK;TNFSF13B;HLA-DRB1;IL1B;HLA-DRA;HLA-DQA2;CEBPD;HLA-DRB5;SPI1;ANXA2;HLA-DPB1;HLA-DQB1;VIM;IFI30,5,GO_BP,100
GO_Biological_Process_2021_fixed.gmt,cytoplasmic microtubule organization (GO:0031122),1/54,0.2735939505419366,0.3335855444169138,4.741201602136181,6.145119776084209,CCDC88A,5,GO_BP,100
GO_Biological_Process_2021_fixed.gmt,cytoskeleton organization (GO:0007010),1/120,0.5092930064356421,0.5388424300172323,2.1131619844590555,1.425817540661322,RAC1,5,GO_BP,100
GO_Biological_Process_2021_fixed.gmt,cytoskeleton-dependent intracellular transport (GO:0030705),1/23,0.12716055223147585,0.20515091185147563,11.297142857142857,23.298151942162995,CCDC88A,5,GO_BP,100
GO_Biological_Process_2021_fixed.gmt,defense response to Gram-negative bacterium (GO:0050829),2/73,0.06892409501581877,0.1520745156932656,5.9737661182747885,15.978327652085724,LYZ;RNASE6,5,GO_BP,100
GO_Biological_Process_2021_fixed.gmt,defense response to Gram-positive bacterium (GO:0050830),2/70,0.0640499816249264,0.15070583911747387,6.236656681152694,17.13890344792965,LYZ;RNASE6,5,GO_BP,100
GO_Biological_Process_2021_fixed.gmt,defense response to bacterium (GO:0042742),5/176,0.003822600595980973,0.03162977635326401,5.6375936174298635,31.3834931639148,FCER1G;LYZ;RNASE6;CFP;SYK,5,GO_BP,100
GO_Biological_Process_2021_fixed.gmt,defense response to symbiont (GO:0140546),3/124,0.03680064728731919,0.12720366110583672,4.962313190383366,16.38674833882995,RNASE6;SAMHD1;PLSCR1,5,GO_BP,100
GO_Biological_Process_2021_fixed.gmt,defense response to tumor cell (GO:0002357),2/10,0.0014975240285219813,0.017354484068852868,50.46412784767086,328.21576980375875,KLF4;SPI1,5,GO_BP,100
GO_Biological_Process_2021_fixed.gmt,defense response to virus (GO:0051607),3/133,0.043820419222645145,0.13317429125489844,4.617261544666263,14.44120290151146,RNASE6;SAMHD1;PLSCR1,5,GO_BP,100
GO_Biological_Process_2021_fixed.gmt,delamination (GO:0060232),1/7,0.04052610249614882,0.12720366110583672,39.14769230769231,125.5000245796484,SPI1,5,GO_BP,100
GO_Biological_Process_2021_fixed.gmt,dendrite arborization (GO:0140059),1/7,0.04052610249614882,0.12720366110583672,39.14769230769231,125.5000245796484,PHACTR1,5,GO_BP,100
GO_Biological_Process_2021_fixed.gmt,dendrite morphogenesis (GO:0048813),1/36,0.19181828932681072,0.2596666798747219,7.1538832997987925,11.81254049949671,PHACTR1,5,GO_BP,100
GO_Biological_Process_2021_fixed.gmt,dendritic cell differentiation (GO:0097028),1/24,0.13231073805711827,0.2092669836617687,10.815683890577507,21.875824373563766,LGALS9,5,GO_BP,100
GO_Biological_Process_2021_fixed.gmt,deoxyribonucleotide metabolic process (GO:0009262),1/5,0.02911585739723309,0.11721968562522413,56.55428571428571,200.00266631608238,SAMHD1,5,GO_BP,100
GO_Biological_Process_2021_fixed.gmt,detection of bacterium (GO:0016045),2/14,0.0029822815780102077,0.025957452863801002,34.30635838150289,199.49376020551287,CD1D;HLA-DRB1,5,GO_BP,100
GO_Biological_Process_2021_fixed.gmt,diaphragm development (GO:0060539),1/5,0.02911585739723309,0.11721968562522413,56.55428571428571,200.00266631608238,BASP1,5,GO_BP,100
GO_Biological_Process_2021_fixed.gmt,double-strand break repair (GO:0006302),1/164,0.6225778052683234,0.638541338736742,1.5398689384010484,0.7297233635643655,SAMHD1,5,GO_BP,100
GO_Biological_Process_2021_fixed.gmt,double-strand break repair via homologous recombination (GO:0000724),1/97,0.43730196794433,0.4760794032054163,2.620903034789045,2.1678309876945083,SAMHD1,5,GO_BP,100
GO_Biological_Process_2021_fixed.gmt,embryonic skeletal system development (GO:0048706),1/35,0.18701742591792456,0.2556798325669531,7.361739130434783,12.34234935608545,SULF2,5,GO_BP,100
GO_Biological_Process_2021_fixed.gmt,endoplasmic reticulum to Golgi vesicle-mediated transport (GO:0006888),1/185,0.6671100223525297,0.6808365660223348,1.3626480836236934,0.5516003470716848,YIF1B,5,GO_BP,100
GO_Biological_Process_2021_fixed.gmt,endothelial cell migration (GO:0043542),1/39,0.20605334573132425,0.27385439304055953,6.595102040816326,10.417756298263866,ID1,5,GO_BP,100
GO_Biological_Process_2021_fixed.gmt,engulfment of apoptotic cell (GO:0043652),1/15,0.08485630975545977,0.16492448917989044,17.539507389162562,43.26638537899271,RAC1,5,GO_BP,100
GO_Biological_Process_2021_fixed.gmt,enzyme linked receptor protein signaling pathway (GO:0007167),1/140,0.5644394159916541,0.5886500217238445,1.807741935483871,1.033887788994661,SYK,5,GO_BP,100
GO_Biological_Process_2021_fixed.gmt,ephrin receptor signaling pathway (GO:0048013),2/82,0.084234133214566,0.16492448917989044,5.302660395648584,13.11960403495026,AP2S1;RAC1,5,GO_BP,100
GO_Biological_Process_2021_fixed.gmt,epidermis development (GO:0008544),1/83,0.38846820898479983,0.4312449231344242,3.0685714285714285,2.9014691269594484,HLA-DRB1,5,GO_BP,100
GO_Biological_Process_2021_fixed.gmt,epithelial cell apoptotic process (GO:1904019),1/9,0.051803755642352164,0.13904038310934347,29.932436974789915,88.6087725623409,GSN,5,GO_BP,100
GO_Biological_Process_2021_fixed.gmt,epithelial cell differentiation (GO:0030855),1/101,0.45053205725678924,0.4869748703205633,2.51590618336887,2.005997527236693,BASP1,5,GO_BP,100
GO_Biological_Process_2021_fixed.gmt,epithelial tube branching involved in lung morphogenesis (GO:0060441),1/6,0.03483764982618056,0.12266140012116471,46.26857142857143,155.3262124144681,CTSH,5,GO_BP,100
GO_Biological_Process_2021_fixed.gmt,establishment of protein localization to membrane (GO:0090150),2/70,0.0640499816249264,0.15070583911747387,6.236656681152694,17.13890344792965,YIF1B;BID,5,GO_BP,100
GO_Biological_Process_2021_fixed.gmt,establishment of protein localization to organelle (GO:0072594),1/76,0.36250313943554335,0.4071593232790523,3.3546641438032165,3.4040519931146886,SYK,5,GO_BP,100
GO_Biological_Process_2021_fixed.gmt,ethanol metabolic process (GO:0006067),1/19,0.10625585510518272,0.18376186935903288,13.743474903474903,30.811570131162792,ALDH2,5,GO_BP,100
GO_Biological_Process_2021_fixed.gmt,ethanol oxidation (GO:0006069),1/12,0.06847495286588197,0.1520745156932656,22.119503105590063,59.30874170143665,ALDH2,5,GO_BP,100
GO_Biological_Process_2021_fixed.gmt,exocyst localization (GO:0051601),1/5,0.02911585739723309,0.11721968562522413,56.55428571428571,200.00266631608238,TNFAIP2,5,GO_BP,100
GO_Biological_Process_2021_fixed.gmt,external encapsulating structure organization (GO:0045229),1/217,0.7251710301215187,0.7346503899923883,1.1587066974595843,0.37234778820637504,TGFBI,5,GO_BP,100
GO_Biological_Process_2021_fixed.gmt,extracellular matrix disassembly (GO:0022617),2/66,0.05774506725010627,0.1451317941296366,6.6252184433391585,18.893250374532407,CAPG;GSN,5,GO_BP,100
GO_Biological_Process_2021_fixed.gmt,extracellular matrix organization (GO:0030198),3/300,0.2598272274378365,0.32180294916456786,2.002407980736154,2.6987220854645315,CAPG;TGFBI;GSN,5,GO_BP,100
GO_Biological_Process_2021_fixed.gmt,extracellular structure organization (GO:0043062),1/216,0.723518262449182,0.7341756509304302,1.164163075903215,0.37675750418409926,TGFBI,5,GO_BP,100
GO_Biological_Process_2021_fixed.gmt,extrinsic apoptotic signaling pathway (GO:0097191),2/72,0.06728596827138732,0.1520745156932656,6.058910343131227,16.351808799486772,GABARAP;BID,5,GO_BP,100
GO_Biological_Process_2021_fixed.gmt,extrinsic apoptotic signaling pathway via death domain receptors (GO:0008625),3/30,0.0007150139294712152,0.010682135813786828,22.064327485380115,159.816525132062,GABARAP;BID;SPI1,5,GO_BP,100
GO_Biological_Process_2021_fixed.gmt,fat cell differentiation (GO:0045444),1/58,0.2906242113314079,0.3471811387774045,4.4101863354037265,5.449774053241523,KLF4,5,GO_BP,100
GO_Biological_Process_2021_fixed.gmt,fatty acid beta-oxidation (GO:0006635),1/52,0.26492787127893624,0.3249362615092789,4.925991678224688,6.543183287825445,ACAA1,5,GO_BP,100
GO_Biological_Process_2021_fixed.gmt,fatty acid beta-oxidation using acyl-CoA oxidase (GO:0033540),1/15,0.08485630975545977,0.16492448917989044,17.539507389162562,43.26638537899271,ACAA1,5,GO_BP,100
GO_Biological_Process_2021_fixed.gmt,fatty acid catabolic process (GO:0009062),1/70,0.33938198320995333,0.38894053528682265,3.6457553956834534,3.9397090506042107,ACAA1,5,GO_BP,100
GO_Biological_Process_2021_fixed.gmt,fatty acid metabolic process (GO:0006631),2/124,0.1657956139512607,0.2401712164714524,3.4746962368762535,6.244027367250938,ACAA1;GPX1,5,GO_BP,100
GO_Biological_Process_2021_fixed.gmt,fatty acid oxidation (GO:0019395),1/59,0.2948197264468616,0.35084113319972016,4.334505494505494,5.2941268943375395,ACAA1,5,GO_BP,100
GO_Biological_Process_2021_fixed.gmt,gastro-intestinal system smooth muscle contraction (GO:0014831),1/5,0.02911585739723309,0.11721968562522413,56.55428571428571,200.00266631608238,SULF2,5,GO_BP,100
GO_Biological_Process_2021_fixed.gmt,generation of neurons (GO:0048699),2/202,0.3344338065175539,0.3858593222986809,2.111700517492396,2.3129800119637256,IL1B;RAC1,5,GO_BP,100
GO_Biological_Process_2021_fixed.gmt,glial cell-derived neurotrophic factor receptor signaling pathway (GO:0035860),1/5,0.02911585739723309,0.11721968562522413,56.55428571428571,200.00266631608238,SULF2,5,GO_BP,100
GO_Biological_Process_2021_fixed.gmt,glomerular epithelial cell differentiation (GO:0072311),1/6,0.03483764982618056,0.12266140012116471,46.26857142857143,155.3262124144681,BASP1,5,GO_BP,100
GO_Biological_Process_2021_fixed.gmt,glomerular filtration (GO:0003094),1/9,0.051803755642352164,0.13904038310934347,29.932436974789915,88.6087725623409,SULF2,5,GO_BP,100
GO_Biological_Process_2021_fixed.gmt,glomerular visceral epithelial cell differentiation (GO:0072112),1/12,0.06847495286588197,0.1520745156932656,22.119503105590063,59.30874170143665,BASP1,5,GO_BP,100
GO_Biological_Process_2021_fixed.gmt,glucosamine-containing compound metabolic process (GO:1901071),1/15,0.08485630975545977,0.16492448917989044,17.539507389162562,43.26638537899271,NAGK,5,GO_BP,100
GO_Biological_Process_2021_fixed.gmt,glutathione derivative biosynthetic process (GO:1901687),1/22,0.1219801467952022,0.19980895908329024,11.823388704318937,24.875191772751066,GSTP1,5,GO_BP,100
GO_Biological_Process_2021_fixed.gmt,glutathione derivative metabolic process (GO:1901685),1/22,0.1219801467952022,0.19980895908329024,11.823388704318937,24.875191772751066,GSTP1,5,GO_BP,100
GO_Biological_Process_2021_fixed.gmt,glutathione metabolic process (GO:0006749),2/43,0.02650368418328899,0.11721968562522413,10.31304408384985,37.44121293269729,GSTP1;GPX1,5,GO_BP,100
GO_Biological_Process_2021_fixed.gmt,glycerophospholipid biosynthetic process (GO:0046474),2/177,0.2800968386096501,0.3408440430578667,2.416629613161405,3.0754508965916765,ARF3;PLSCR1,5,GO_BP,100
GO_Biological_Process_2021_fixed.gmt,glycosaminoglycan biosynthetic process (GO:0006024),1/97,0.43730196794433,0.4760794032054163,2.620903034789045,2.1678309876945083,IL1B,5,GO_BP,100
GO_Biological_Process_2021_fixed.gmt,gonad development (GO:0008406),1/51,0.26055658142034366,0.32180294916456786,5.023875530410184,6.756787233303926,BASP1,5,GO_BP,100
GO_Biological_Process_2021_fixed.gmt,granulocyte chemotaxis (GO:0071621),2/73,0.06892409501581877,0.1520745156932656,5.9737661182747885,15.978327652085724,FCER1G;SYK,5,GO_BP,100
GO_Biological_Process_2021_fixed.gmt,granulocyte differentiation (GO:0030851),1/20,0.11152797501071594,0.1881560394738609,13.037802197802197,28.59815605185406,SPI1,5,GO_BP,100
GO_Biological_Process_2021_fixed.gmt,heart contraction (GO:0060047),1/41,0.21540537814895672,0.2817538701526438,6.268571428571429,9.623721145007593,GPX1,5,GO_BP,100
GO_Biological_Process_2021_fixed.gmt,heart process (GO:0003015),1/14,0.07942775264447097,0.16279407153577521,18.84,47.71997621242181,GPX1,5,GO_BP,100
GO_Biological_Process_2021_fixed.gmt,hematopoietic progenitor cell differentiation (GO:0002244),1/32,0.1724450238621847,0.24521998806090484,8.064489795918368,14.174766582278064,PLD4,5,GO_BP,100
GO_Biological_Process_2021_fixed.gmt,heme catabolic process (GO:0042167),1/16,0.09025321665410073,0.1690543635212763,16.406820276497697,39.46063476205768,BLVRB,5,GO_BP,100
GO_Biological_Process_2021_fixed.gmt,hemopoiesis (GO:0030097),2/94,0.10605476268291654,0.18376186935903288,4.610998281518513,10.346156510939824,PLD4;PRDX3,5,GO_BP,100
GO_Biological_Process_2021_fixed.gmt,heparan sulfate proteoglycan metabolic process (GO:0030201),1/21,0.11676934647944666,0.19383398880122338,12.400975609756097,26.631773301022733,SULF2,5,GO_BP,100
GO_Biological_Process_2021_fixed.gmt,hepatocyte growth factor receptor signaling pathway (GO:0048012),1/11,0.06295034010487634,0.14953720637939974,24.227755102040817,66.99965481281787,RAC1,5,GO_BP,100
GO_Biological_Process_2021_fixed.gmt,hepoxilin biosynthetic process (GO:0051122),1/9,0.051803755642352164,0.13904038310934347,29.932436974789915,88.6087725623409,GSTP1,5,GO_BP,100
GO_Biological_Process_2021_fixed.gmt,hepoxilin metabolic process (GO:0051121),1/9,0.051803755642352164,0.13904038310934347,29.932436974789915,88.6087725623409,GSTP1,5,GO_BP,100
GO_Biological_Process_2021_fixed.gmt,heterotypic cell-cell adhesion (GO:0034113),1/30,0.1625869310777399,0.23662886682675757,8.612397094430992,15.644785002470627,CD1D,5,GO_BP,100
GO_Biological_Process_2021_fixed.gmt,hexose metabolic process (GO:0019318),1/41,0.21540537814895672,0.2817538701526438,6.268571428571429,9.623721145007593,FUOM,5,GO_BP,100
GO_Biological_Process_2021_fixed.gmt,histone H3 acetylation (GO:0043966),1/42,0.2200404698999564,0.2857069975664355,6.1171084337349395,9.260958359387908,SPI1,5,GO_BP,100
GO_Biological_Process_2021_fixed.gmt,histone acetylation (GO:0016573),1/71,0.3432922802085085,0.39197276929884944,3.5937993920972646,3.842393513861737,SPI1,5,GO_BP,100
GO_Biological_Process_2021_fixed.gmt,histone modification (GO:0016570),1/114,0.4914417740440774,0.5226310461532213,2.2257772183763374,1.581218427357071,RPS6KA4,5,GO_BP,100
GO_Biological_Process_2021_fixed.gmt,histone phosphorylation (GO:0016572),1/9,0.051803755642352164,0.13904038310934347,29.932436974789915,88.6087725623409,RPS6KA4,5,GO_BP,100
GO_Biological_Process_2021_fixed.gmt,histone-serine phosphorylation (GO:0035404),1/6,0.03483764982618056,0.12266140012116471,46.26857142857143,155.3262124144681,RPS6KA4,5,GO_BP,100
GO_Biological_Process_2021_fixed.gmt,hyaluronan biosynthetic process (GO:0030213),1/7,0.04052610249614882,0.12720366110583672,39.14769230769231,125.5000245796484,IL1B,5,GO_BP,100
GO_Biological_Process_2021_fixed.gmt,hyaluronan metabolic process (GO:0030212),1/23,0.12716055223147585,0.20515091185147563,11.297142857142857,23.298151942162995,IL1B,5,GO_BP,100
GO_Biological_Process_2021_fixed.gmt,hydrogen peroxide catabolic process (GO:0042744),2/21,0.006700545636100385,0.045904290545660094,21.980880391285016,110.02675451950732,PRDX3;GPX1,5,GO_BP,100
GO_Biological_Process_2021_fixed.gmt,hydrogen peroxide metabolic process (GO:0042743),2/29,0.012565658745287877,0.06987182441325994,15.578034682080926,68.18175031188082,PRDX3;GPX1,5,GO_BP,100
GO_Biological_Process_2021_fixed.gmt,icosanoid metabolic process (GO:0006690),1/57,0.2864040200521464,0.34412886130296655,4.488546144121365,5.6122617843458595,GPX1,5,GO_BP,100
GO_Biological_Process_2021_fixed.gmt,immune response-activating cell surface receptor signaling pathway (GO:0002429),1/24,0.13231073805711827,0.2092669836617687,10.815683890577507,21.875824373563766,FCER1G,5,GO_BP,100
GO_Biological_Process_2021_fixed.gmt,immunoglobulin mediated immune response (GO:0016064),2/10,0.0014975240285219813,0.017354484068852868,50.46412784767086,328.21576980375875,FCER1G;CD74,5,GO_BP,100
GO_Biological_Process_2021_fixed.gmt,import into nucleus (GO:0051170),1/77,0.3662781023404408,0.41065537694588294,3.3105882352941176,3.3250303177838503,SYK,5,GO_BP,100
GO_Biological_Process_2021_fixed.gmt,inflammatory response (GO:0006954),5/230,0.01154573430806459,0.0671064620083269,4.271797867679275,19.058366607471775,LYZ;IL1B;AIF1;RAC1;LGALS9,5,GO_BP,100
GO_Biological_Process_2021_fixed.gmt,innate immune response (GO:0045087),6/302,0.008814787920200122,0.05548394426927995,3.8672492207062192,18.297211072118554,FCER1G;RNASE6;CFP;SYK;TYROBP;CD74,5,GO_BP,100
GO_Biological_Process_2021_fixed.gmt,innate immune response activating cell surface receptor signaling pathway (GO:0002220),4/119,0.005339036477595921,0.03917399545691682,6.79374471682164,35.54969644161987,FCER1G;CLEC10A;SYK;TYROBP,5,GO_BP,100
GO_Biological_Process_2021_fixed.gmt,inositol phosphate metabolic process (GO:0043647),1/48,0.24728792669326707,0.31004755217356034,5.342255639097744,7.46420986885149,PLD4,5,GO_BP,100
GO_Biological_Process_2021_fixed.gmt,integrin-mediated signaling pathway (GO:0007229),1/75,0.35870594681813,0.40509596908422696,3.3999232981783316,3.485779234911862,SYK,5,GO_BP,100
GO_Biological_Process_2021_fixed.gmt,interferon-gamma-mediated signaling pathway (GO:0060333),10/68,6.553536377472828e-12,1.6252770216132613e-09,33.82018618324351,870.9041659111542,HLA-DRB1;HLA-DPB1;HLA-DRA;HLA-DQA2;HLA-DQB1;IFI30;HLA-DPA1;HLA-DQB2;HLA-DQA1;HLA-DRB5,5,GO_BP,100
GO_Biological_Process_2021_fixed.gmt,interleukin-1-mediated signaling pathway (GO:0070498),2/94,0.10605476268291654,0.18376186935903288,4.610998281518513,10.346156510939824,RPS6KA4;IL1B,5,GO_BP,100
GO_Biological_Process_2021_fixed.gmt,interleukin-12-mediated signaling pathway (GO:0035722),1/46,0.2383116652480846,0.3018452144102399,5.577833594976452,7.999594762288013,ANXA2,5,GO_BP,100
GO_Biological_Process_2021_fixed.gmt,interleukin-2-mediated signaling pathway (GO:0038110),1/11,0.06295034010487634,0.14953720637939974,24.227755102040817,66.99965481281787,SYK,5,GO_BP,100
GO_Biological_Process_2021_fixed.gmt,interleukin-6-mediated signaling pathway (GO:0070102),1/18,0.10095280846296417,0.17960040529996493,14.529795918367347,33.31830574037534,SPI1,5,GO_BP,100
GO_Biological_Process_2021_fixed.gmt,intermediate filament organization (GO:0045109),1/18,0.10095280846296417,0.17960040529996493,14.529795918367347,33.31830574037534,VIM,5,GO_BP,100
GO_Biological_Process_2021_fixed.gmt,intracellular protein transport (GO:0006886),5/336,0.048272931499208624,0.13856119226624697,2.884791502966917,8.743469274732481,ARF3;CD74;GABARAP;SYK;ARF5,5,GO_BP,100
GO_Biological_Process_2021_fixed.gmt,kidney development (GO:0001822),2/70,0.0640499816249264,0.15070583911747387,6.236656681152694,17.13890344792965,CTSH;SULF2,5,GO_BP,100
GO_Biological_Process_2021_fixed.gmt,kidney mesenchyme development (GO:0072074),1/8,0.04618140745129543,0.13317429125489844,33.925714285714285,104.32761013829499,BASP1,5,GO_BP,100
GO_Biological_Process_2021_fixed.gmt,lamellipodium assembly (GO:0030032),2/26,0.010174168026463641,0.06065369400391785,17.48908812079745,80.23824540836263,RAC1;CCDC88A,5,GO_BP,100
GO_Biological_Process_2021_fixed.gmt,lamellipodium organization (GO:0097581),2/29,0.012565658745287877,0.06987182441325994,15.578034682080926,68.18175031188082,RAC1;CCDC88A,5,GO_BP,100
GO_Biological_Process_2021_fixed.gmt,leukocyte aggregation (GO:0070486),1/8,0.04618140745129543,0.13317429125489844,33.925714285714285,104.32761013829499,IL1B,5,GO_BP,100
GO_Biological_Process_2021_fixed.gmt,leukocyte cell-cell adhesion (GO:0007159),1/28,0.1526127557838886,0.2258231708496681,9.24,17.36982854333114,SYK,5,GO_BP,100
GO_Biological_Process_2021_fixed.gmt,linoleic acid metabolic process (GO:0043651),1/21,0.11676934647944666,0.19383398880122338,12.400975609756097,26.631773301022733,GSTP1,5,GO_BP,100
GO_Biological_Process_2021_fixed.gmt,lipopolysaccharide-mediated signaling pathway (GO:0031663),1/20,0.11152797501071594,0.1881560394738609,13.037802197802197,28.59815605185406,IL1B,5,GO_BP,100
GO_Biological_Process_2021_fixed.gmt,lipoxygenase pathway (GO:0019372),1/15,0.08485630975545977,0.16492448917989044,17.539507389162562,43.26638537899271,GPX1,5,GO_BP,100
GO_Biological_Process_2021_fixed.gmt,long-chain fatty acid biosynthetic process (GO:0042759),1/30,0.1625869310777399,0.23662886682675757,8.612397094430992,15.644785002470627,GSTP1,5,GO_BP,100
GO_Biological_Process_2021_fixed.gmt,long-chain fatty acid metabolic process (GO:0001676),3/83,0.01293637397961641,0.07161207024430513,7.510551741673023,32.6537177900228,ACAA1;GSTP1;GPX1,5,GO_BP,100
GO_Biological_Process_2021_fixed.gmt,low-density lipoprotein particle receptor catabolic process (GO:0032802),1/10,0.05739333693277774,0.1449444761642452,26.77984962406015,76.53217901759103,AP2S1,5,GO_BP,100
GO_Biological_Process_2021_fixed.gmt,low-density lipoprotein receptor particle metabolic process (GO:0032799),1/10,0.05739333693277774,0.1449444761642452,26.77984962406015,76.53217901759103,AP2S1,5,GO_BP,100
GO_Biological_Process_2021_fixed.gmt,lymphocyte activation involved in immune response (GO:0002285),2/24,0.008706278241701648,0.05536300010107715,19.046242774566473,90.3498690080592,CD1C;CD74,5,GO_BP,100
GO_Biological_Process_2021_fixed.gmt,lymphoid progenitor cell differentiation (GO:0002320),1/7,0.04052610249614882,0.12720366110583672,39.14769230769231,125.5000245796484,SPI1,5,GO_BP,100
GO_Biological_Process_2021_fixed.gmt,lysosomal lumen acidification (GO:0007042),1/9,0.051803755642352164,0.13904038310934347,29.932436974789915,88.6087725623409,GRN,5,GO_BP,100
GO_Biological_Process_2021_fixed.gmt,lysosome organization (GO:0007040),1/38,0.20133608791107963,0.26960772031289276,6.771428571428571,10.85310817391886,GRN,5,GO_BP,100
GO_Biological_Process_2021_fixed.gmt,lytic vacuole organization (GO:0080171),1/33,0.17733095730063678,0.24846371418394303,7.815824175824176,13.519323991183047,GRN,5,GO_BP,100
GO_Biological_Process_2021_fixed.gmt,mRNA catabolic process (GO:0006402),1/44,0.22922959059504416,0.29516582797285024,5.8350738916256155,8.595245888832943,RNH1,5,GO_BP,100
GO_Biological_Process_2021_fixed.gmt,mRNA metabolic process (GO:0016071),1/95,0.4305693140198029,0.4699876315004891,2.676734693877551,2.2555423522512843,RNH1,5,GO_BP,100
GO_Biological_Process_2021_fixed.gmt,macroautophagy (GO:0016236),1/120,0.5092930064356421,0.5388424300172323,2.1131619844590555,1.425817540661322,GABARAP,5,GO_BP,100
GO_Biological_Process_2021_fixed.gmt,macrophage activation (GO:0042116),2/36,0.01898720660690631,0.09305982684807836,12.411409901985424,49.19870303808945,AIF1;SYK,5,GO_BP,100
GO_Biological_Process_2021_fixed.gmt,macrophage activation involved in immune response (GO:0002281),3/13,5.415072385098554e-05,0.001767023620400581,57.853801169590646,568.340655407477,GRN;SYK;TYROBP,5,GO_BP,100
GO_Biological_Process_2021_fixed.gmt,macrophage differentiation (GO:0030225),1/15,0.08485630975545977,0.16492448917989044,17.539507389162562,43.26638537899271,HLA-DRB1,5,GO_BP,100
GO_Biological_Process_2021_fixed.gmt,mature conventional dendritic cell differentiation (GO:0097029),1/5,0.02911585739723309,0.11721968562522413,56.55428571428571,200.00266631608238,LGALS9,5,GO_BP,100
GO_Biological_Process_2021_fixed.gmt,megakaryocyte development (GO:0035855),1/6,0.03483764982618056,0.12266140012116471,46.26857142857143,155.3262124144681,ZNF385A,5,GO_BP,100
GO_Biological_Process_2021_fixed.gmt,megakaryocyte differentiation (GO:0030219),1/12,0.06847495286588197,0.1520745156932656,22.119503105590063,59.30874170143665,ZNF385A,5,GO_BP,100
GO_Biological_Process_2021_fixed.gmt,membrane assembly (GO:0071709),2/36,0.01898720660690631,0.09305982684807836,12.411409901985424,49.19870303808945,S100A10;ANXA2,5,GO_BP,100
GO_Biological_Process_2021_fixed.gmt,membrane organization (GO:0061024),2/242,0.4186223194118095,0.45856155129915527,1.7556751949815534,1.5288176458029183,AP2S1;CCDC88A,5,GO_BP,100
GO_Biological_Process_2021_fixed.gmt,membrane protein proteolysis (GO:0033619),1/39,0.20605334573132425,0.27385439304055953,6.595102040816326,10.417756298263866,CTSH,5,GO_BP,100
GO_Biological_Process_2021_fixed.gmt,membrane raft assembly (GO:0001765),2/6,0.0005068952524957986,0.008270396224931451,95.34682080924856,723.4159879243099,ANXA2;S100A10,5,GO_BP,100
GO_Biological_Process_2021_fixed.gmt,membrane raft organization (GO:0031579),2/15,0.0034279530906271153,0.029114122139572762,31.76300578034682,180.2802129136118,ANXA2;S100A10,5,GO_BP,100
GO_Biological_Process_2021_fixed.gmt,mesenchymal to epithelial transition (GO:0060231),1/10,0.05739333693277774,0.1449444761642452,26.77984962406015,76.53217901759103,BASP1,5,GO_BP,100
GO_Biological_Process_2021_fixed.gmt,mesodermal cell fate commitment (GO:0001710),1/6,0.03483764982618056,0.12266140012116471,46.26857142857143,155.3262124144681,KLF4,5,GO_BP,100
GO_Biological_Process_2021_fixed.gmt,metanephric mesenchyme development (GO:0072075),1/11,0.06295034010487634,0.14953720637939974,24.227755102040817,66.99965481281787,BASP1,5,GO_BP,100
GO_Biological_Process_2021_fixed.gmt,metanephros development (GO:0001656),2/26,0.010174168026463641,0.06065369400391785,17.48908812079745,80.23824540836263,BASP1;CTSH,5,GO_BP,100
GO_Biological_Process_2021_fixed.gmt,microglial cell activation (GO:0001774),3/22,0.000280603511287347,0.006104357087654567,31.13315339631129,254.62460827295217,GRN;AIF1;TYROBP,5,GO_BP,100
GO_Biological_Process_2021_fixed.gmt,mitochondrial genome maintenance (GO:0000002),1/12,0.06847495286588197,0.1520745156932656,22.119503105590063,59.30874170143665,TYMP,5,GO_BP,100
GO_Biological_Process_2021_fixed.gmt,mitochondrion disassembly (GO:0061726),1/36,0.19181828932681072,0.2596666798747219,7.1538832997987925,11.81254049949671,GABARAP,5,GO_BP,100
GO_Biological_Process_2021_fixed.gmt,mitochondrion organization (GO:0007005),3/175,0.08445482315283384,0.16492448917989044,3.4830917874396135,8.608595538186545,TYMP;BID;PRDX3,5,GO_BP,100
GO_Biological_Process_2021_fixed.gmt,mitotic G1 DNA damage checkpoint signaling (GO:0031571),1/65,0.3194825485695211,0.37232928592688547,3.9297009966777408,4.483995648420875,ZNF385A,5,GO_BP,100
GO_Biological_Process_2021_fixed.gmt,modification-dependent protein catabolic process (GO:0019941),2/201,0.33227747928893164,0.3839926135305454,2.1224303533399973,2.3384616682266772,UBL7;RNF130,5,GO_BP,100
GO_Biological_Process_2021_fixed.gmt,modulation of chemical synaptic transmission (GO:0050804),1/109,0.47607647240017537,0.5102288900399459,2.329137590520079,1.7286318402573748,IL1B,5,GO_BP,100
GO_Biological_Process_2021_fixed.gmt,monocarboxylic acid catabolic process (GO:0072329),1/27,0.14758171560773037,0.22262935201166137,9.58932614555256,18.347960156261912,ACAA1,5,GO_BP,100
GO_Biological_Process_2021_fixed.gmt,monocarboxylic acid metabolic process (GO:0032787),1/143,0.5721648453731617,0.5947061259536635,1.7693233082706767,0.9878629880668706,ACAA1,5,GO_BP,100
GO_Biological_Process_2021_fixed.gmt,motor neuron axon guidance (GO:0008045),1/16,0.09025321665410073,0.1690543635212763,16.406820276497697,39.46063476205768,RAC1,5,GO_BP,100
GO_Biological_Process_2021_fixed.gmt,muscle contraction (GO:0006936),2/129,0.17626700075127308,0.24846371418394303,3.3373002380142807,5.79273685541788,VIM;TPM4,5,GO_BP,100
GO_Biological_Process_2021_fixed.gmt,muscle filament sliding (GO:0030049),2/38,0.021027411025760362,0.10067177479514614,11.729748990418877,45.29945081506326,VIM;TPM4,5,GO_BP,100
GO_Biological_Process_2021_fixed.gmt,myeloid cell activation involved in immune response (GO:0002275),3/19,0.00017883292027022263,0.004200976650467141,36.801169590643276,317.55944873753845,FCER1G;SYK;TYROBP,5,GO_BP,100
GO_Biological_Process_2021_fixed.gmt,myeloid cell development (GO:0061515),2/20,0.006085576900052406,0.0423939064947471,23.17059834400875,118.21254064207064,ZNF385A;ANXA2,5,GO_BP,100
GO_Biological_Process_2021_fixed.gmt,myeloid cell differentiation (GO:0030099),2/52,0.03762079863211985,0.12720366110583672,8.4699250271848,27.783033052002423,SPI1;PRDX3,5,GO_BP,100
GO_Biological_Process_2021_fixed.gmt,myeloid leukocyte differentiation (GO:0002573),4/71,0.0008089146420437084,0.011941120906359504,11.662721893491124,83.03644743372494,TYROBP;SPI1;HLA-DRB1;LGALS9,5,GO_BP,100
GO_Biological_Process_2021_fixed.gmt,negative chemotaxis (GO:0050919),1/33,0.17733095730063678,0.24846371418394303,7.815824175824176,13.519323991183047,SEMA4A,5,GO_BP,100
GO_Biological_Process_2021_fixed.gmt,negative regulation of B cell activation (GO:0050869),2/22,0.007342539848581688,0.048688499530702097,20.90723248272945,102.73961370665528,MNDA;TYROBP,5,GO_BP,100
GO_Biological_Process_2021_fixed.gmt,negative regulation of B cell proliferation (GO:0030889),2/12,0.002179599733813777,0.022157550229300976,40.846407927332784,250.33186859159937,MNDA;TYROBP,5,GO_BP,100
GO_Biological_Process_2021_fixed.gmt,"negative regulation of CD4-positive, alpha-beta T cell activation (GO:2000515)",1/13,0.0739673618540095,0.15786493751974487,20.34857142857143,52.990352563030946,LGALS9,5,GO_BP,100
GO_Biological_Process_2021_fixed.gmt,"negative regulation of CD4-positive, alpha-beta T cell proliferation (GO:2000562)",1/8,0.04618140745129543,0.13317429125489844,33.925714285714285,104.32761013829499,LGALS9,5,GO_BP,100
GO_Biological_Process_2021_fixed.gmt,"negative regulation of DNA damage response, signal transduction by p53 class mediator (GO:0043518)",1/14,0.07942775264447097,0.16279407153577521,18.84,47.71997621242181,CD74,5,GO_BP,100
GO_Biological_Process_2021_fixed.gmt,negative regulation of DNA-binding transcription factor activity (GO:0043433),3/143,0.05234609283878703,0.1398904205174481,4.285717258745915,12.642342969279893,KLF4;ID1;SPI1,5,GO_BP,100
GO_Biological_Process_2021_fixed.gmt,negative regulation of ERK1 and ERK2 cascade (GO:0070373),1/50,0.2561595937296205,0.31891355042643516,5.1257142857142854,6.980990230379746,GSTP1,5,GO_BP,100
GO_Biological_Process_2021_fixed.gmt,negative regulation of G protein-coupled receptor signaling pathway (GO:0045744),1/23,0.12716055223147585,0.20515091185147563,11.297142857142857,23.298151942162995,RGS2,5,GO_BP,100
GO_Biological_Process_2021_fixed.gmt,negative regulation of G1/S transition of mitotic cell cycle (GO:2000134),1/37,0.19659112272988702,0.2646829448263408,6.957416829745597,11.31713755451347,KLF4,5,GO_BP,100
GO_Biological_Process_2021_fixed.gmt,negative regulation of I-kappaB kinase/NF-kappaB signaling (GO:0043124),1/40,0.21074305613377056,0.27770604633993146,6.427703435804702,10.008677491323533,GSTP1,5,GO_BP,100
GO_Biological_Process_2021_fixed.gmt,negative regulation of JNK cascade (GO:0046329),1/33,0.17733095730063678,0.24846371418394303,7.815824175824176,13.519323991183047,GSTP1,5,GO_BP,100
GO_Biological_Process_2021_fixed.gmt,negative regulation of JUN kinase activity (GO:0043508),1/12,0.06847495286588197,0.1520745156932656,22.119503105590063,59.30874170143665,GSTP1,5,GO_BP,100
GO_Biological_Process_2021_fixed.gmt,negative regulation of MAP kinase activity (GO:0043407),3/48,0.00282212312036081,0.025957452863801002,13.319388214125055,78.18834908024206,IL1B;RGS2;GSTP1,5,GO_BP,100
GO_Biological_Process_2021_fixed.gmt,negative regulation of MAPK cascade (GO:0043409),3/94,0.018023010096976082,0.09047988874595281,6.602722653628607,26.517234057283105,IL1B;RGS2;GSTP1,5,GO_BP,100
GO_Biological_Process_2021_fixed.gmt,negative regulation of NF-kappaB transcription factor activity (GO:0032088),2/79,0.07902164580168243,0.16279407153577521,5.509043445832557,13.982136634233584,KLF4;SPI1,5,GO_BP,100
GO_Biological_Process_2021_fixed.gmt,negative regulation of NIK/NF-kappaB signaling (GO:1901223),1/24,0.13231073805711827,0.2092669836617687,10.815683890577507,21.875824373563766,SPI1,5,GO_BP,100
GO_Biological_Process_2021_fixed.gmt,negative regulation of T cell activation (GO:0050868),1/45,0.2337839312938716,0.29824287531316956,5.7035634028892455,8.289319276132373,HLA-DRB1,5,GO_BP,100
GO_Biological_Process_2021_fixed.gmt,negative regulation of T cell proliferation (GO:0042130),2/35,0.01800046147831645,0.09047988874595281,12.782762488137347,51.35293165757135,HLA-DRB1;LGALS9,5,GO_BP,100
GO_Biological_Process_2021_fixed.gmt,negative regulation of actin filament depolymerization (GO:0030835),1/6,0.03483764982618056,0.12266140012116471,46.26857142857143,155.3262124144681,GSN,5,GO_BP,100
GO_Biological_Process_2021_fixed.gmt,negative regulation of actin filament polymerization (GO:0030837),1/25,0.13743087854199543,0.21408830325637476,10.373527696793003,20.58765773573744,GSN,5,GO_BP,100
GO_Biological_Process_2021_fixed.gmt,negative regulation of activated T cell proliferation (GO:0046007),1/11,0.06295034010487634,0.14953720637939974,24.227755102040817,66.99965481281787,LGALS9,5,GO_BP,100
GO_Biological_Process_2021_fixed.gmt,negative regulation of acute inflammatory response (GO:0002674),1/7,0.04052610249614882,0.12720366110583672,39.14769230769231,125.5000245796484,GSTP1,5,GO_BP,100
GO_Biological_Process_2021_fixed.gmt,negative regulation of alpha-beta T cell proliferation (GO:0046642),1/10,0.05739333693277774,0.1449444761642452,26.77984962406015,76.53217901759103,LGALS9,5,GO_BP,100
GO_Biological_Process_2021_fixed.gmt,negative regulation of angiogenesis (GO:0016525),2/87,0.0931459670034897,0.17368571290876278,4.990873136598722,11.846273984281344,KLF4;SERPINF1,5,GO_BP,100
GO_Biological_Process_2021_fixed.gmt,negative regulation of apoptotic process (GO:0043066),9/485,0.0021917520674892537,0.022157550229300976,3.6045919209117847,22.071111066904503,GPX1;BID;ANXA5;GSTP1;CTSH;PRDX3;KLF4;GRN;CD74,5,GO_BP,100
GO_Biological_Process_2021_fixed.gmt,negative regulation of apoptotic signaling pathway (GO:2001234),2/78,0.07730774039285127,0.16279407153577521,5.581434886093166,14.288256714977392,GSTP1;GPX1,5,GO_BP,100
GO_Biological_Process_2021_fixed.gmt,negative regulation of axon extension (GO:0030517),1/31,0.1675304039472078,0.2406616595377294,8.329461358313818,14.881335933878487,SEMA4A,5,GO_BP,100
GO_Biological_Process_2021_fixed.gmt,negative regulation of axon extension involved in axon guidance (GO:0048843),1/20,0.11152797501071594,0.1881560394738609,13.037802197802197,28.59815605185406,SEMA4A,5,GO_BP,100
GO_Biological_Process_2021_fixed.gmt,negative regulation of biosynthetic process (GO:0009890),1/18,0.10095280846296417,0.17960040529996493,14.529795918367347,33.31830574037534,GSTP1,5,GO_BP,100
GO_Biological_Process_2021_fixed.gmt,negative regulation of blood vessel endothelial cell migration (GO:0043537),1/34,0.18218836979107858,0.25157414091418423,7.582004264392324,12.909985781775939,KLF4,5,GO_BP,100
GO_Biological_Process_2021_fixed.gmt,negative regulation of blood vessel morphogenesis (GO:2000181),2/78,0.07730774039285127,0.16279407153577521,5.581434886093166,14.288256714977392,KLF4;SERPINF1,5,GO_BP,100
GO_Biological_Process_2021_fixed.gmt,negative regulation of calcium ion transport (GO:0051926),1/19,0.10625585510518272,0.18376186935903288,13.743474903474903,30.811570131162792,CD33,5,GO_BP,100
GO_Biological_Process_2021_fixed.gmt,negative regulation of cardiac muscle hypertrophy (GO:0010614),1/12,0.06847495286588197,0.1520745156932656,22.119503105590063,59.30874170143665,RGS2,5,GO_BP,100
GO_Biological_Process_2021_fixed.gmt,negative regulation of catabolic process (GO:0009895),2/49,0.033743981656821444,0.12266140012116471,9.006693033160937,30.523261165737562,IL1B;CST3,5,GO_BP,100
GO_Biological_Process_2021_fixed.gmt,negative regulation of cell adhesion (GO:0007162),2/73,0.06892409501581877,0.1520745156932656,5.9737661182747885,15.978327652085724,TGFBI;SPINT2,5,GO_BP,100
GO_Biological_Process_2021_fixed.gmt,negative regulation of cell communication (GO:0010648),1/21,0.11676934647944666,0.19383398880122338,12.400975609756097,26.631773301022733,IL1B,5,GO_BP,100
GO_Biological_Process_2021_fixed.gmt,negative regulation of cell cycle G1/S phase transition (GO:1902807),1/35,0.18701742591792456,0.2556798325669531,7.361739130434783,12.34234935608545,KLF4,5,GO_BP,100
GO_Biological_Process_2021_fixed.gmt,negative regulation of cell development (GO:0010721),1/26,0.14252114696261678,0.21737542710165414,9.966050420168067,19.41650613102388,IL1B,5,GO_BP,100
GO_Biological_Process_2021_fixed.gmt,negative regulation of cell junction assembly (GO:1901889),1/25,0.13743087854199543,0.21408830325637476,10.373527696793003,20.58765773573744,IL1B,5,GO_BP,100
GO_Biological_Process_2021_fixed.gmt,negative regulation of cell migration (GO:0030336),2/144,0.2082417964462907,0.2763116811559478,2.9829631883176146,4.680434473353438,RAC1;CD74,5,GO_BP,100
GO_Biological_Process_2021_fixed.gmt,negative regulation of cell migration involved in sprouting angiogenesis (GO:0090051),1/14,0.07942775264447097,0.16279407153577521,18.84,47.71997621242181,KLF4,5,GO_BP,100
GO_Biological_Process_2021_fixed.gmt,negative regulation of cell motility (GO:2000146),2/114,0.14522461044541954,0.2209552355243193,3.786127167630058,7.305232785438665,SPINT2;CD74,5,GO_BP,100
GO_Biological_Process_2021_fixed.gmt,negative regulation of cell population proliferation (GO:0008285),5/379,0.07298675148101953,0.15786493751974487,2.5459974576880953,6.664090655400525,CD33;IL1B;GSTP1;KLF4;AIF1,5,GO_BP,100
GO_Biological_Process_2021_fixed.gmt,negative regulation of cell-cell adhesion (GO:0022408),2/41,0.0242501755263242,0.11304593102496995,10.836686910075365,40.30523015047147,KLF4;SPINT2,5,GO_BP,100
GO_Biological_Process_2021_fixed.gmt,negative regulation of cellular catabolic process (GO:0031330),1/69,0.3354486689015952,0.3858593222986809,3.699228362877998,4.040616583709494,CST3,5,GO_BP,100
GO_Biological_Process_2021_fixed.gmt,negative regulation of cellular component movement (GO:0051271),1/15,0.08485630975545977,0.16492448917989044,17.539507389162562,43.26638537899271,SPINT2,5,GO_BP,100
GO_Biological_Process_2021_fixed.gmt,negative regulation of cellular macromolecule biosynthetic process (GO:2000113),4/547,0.40353961434500685,0.444790330478052,1.4018116198428985,1.2721168768830167,KLF4;ID1;BASP1;SPI1,5,GO_BP,100
GO_Biological_Process_2021_fixed.gmt,negative regulation of cellular process (GO:0048523),5/566,0.24093153666208147,0.3048521484295725,1.6761508150217819,2.3855690195107715,TGFBI;IL1B;KLF4;CD33;PLSCR1,5,GO_BP,100
GO_Biological_Process_2021_fixed.gmt,negative regulation of cellular protein catabolic process (GO:1903363),1/10,0.05739333693277774,0.1449444761642452,26.77984962406015,76.53217901759103,ANXA2,5,GO_BP,100
GO_Biological_Process_2021_fixed.gmt,negative regulation of cellular protein localization (GO:1903828),1/36,0.19181828932681072,0.2596666798747219,7.1538832997987925,11.81254049949671,SPI1,5,GO_BP,100
GO_Biological_Process_2021_fixed.gmt,negative regulation of cellular protein metabolic process (GO:0032269),2/94,0.10605476268291654,0.18376186935903288,4.610998281518513,10.346156510939824,CST3;CSTB,5,GO_BP,100
GO_Biological_Process_2021_fixed.gmt,negative regulation of cellular response to growth factor stimulus (GO:0090288),1/80,0.37747089561543967,0.42092078288052626,3.185013477088949,3.103036998161082,SULF2,5,GO_BP,100
GO_Biological_Process_2021_fixed.gmt,negative regulation of cellular response to insulin stimulus (GO:1900077),1/28,0.1526127557838886,0.2258231708496681,9.24,17.36982854333114,IL1B,5,GO_BP,100
GO_Biological_Process_2021_fixed.gmt,negative regulation of chemokine production (GO:0032682),3/17,0.00012657143087536972,0.0034510838631903566,41.88283928211333,375.886074272107,KLF4;GSTP1;LGALS9,5,GO_BP,100
GO_Biological_Process_2021_fixed.gmt,negative regulation of chemotaxis (GO:0050922),2/32,0.015177186582923843,0.08077129340268484,14.042926182128305,58.81123927159372,SEMA4A;AIF1,5,GO_BP,100
GO_Biological_Process_2021_fixed.gmt,negative regulation of cold-induced thermogenesis (GO:0120163),1/47,0.242812946119629,0.306295069367589,5.457511520737327,7.724910547555336,ID1,5,GO_BP,100
GO_Biological_Process_2021_fixed.gmt,negative regulation of cysteine-type endopeptidase activity (GO:2000117),2/53,0.03894936533149995,0.12720366110583672,8.304899264829675,26.953490779025827,KLF4;GPX1,5,GO_BP,100
GO_Biological_Process_2021_fixed.gmt,negative regulation of cysteine-type endopeptidase activity involved in apoptotic process (GO:0043154),2/55,0.04165942477262134,0.12946788651140467,7.993355302252715,25.40470284517525,KLF4;GPX1,5,GO_BP,100
GO_Biological_Process_2021_fixed.gmt,negative regulation of cytokine production (GO:0001818),7/182,9.82248298788174e-05,0.002899971167850799,7.694667295894289,71.0083252036664,HLA-DRB1;RPS6KA4;KLF4;CD33;RAC1;TYROBP;LGALS9,5,GO_BP,100
GO_Biological_Process_2021_fixed.gmt,negative regulation of cytokine-mediated signaling pathway (GO:0001960),2/55,0.04165942477262134,0.12946788651140467,7.993355302252715,25.40470284517525,GSTP1;SAMHD1,5,GO_BP,100
GO_Biological_Process_2021_fixed.gmt,negative regulation of defense response (GO:0031348),1/85,0.3956928205565113,0.4384799798838909,2.9955367709213863,2.7772132873392654,KLF4,5,GO_BP,100
GO_Biological_Process_2021_fixed.gmt,negative regulation of developmental process (GO:0051093),2/77,0.0756059586633826,0.16053319990170278,5.6557439804004135,14.604376242519185,CST3;SPI1,5,GO_BP,100
GO_Biological_Process_2021_fixed.gmt,negative regulation of endocytosis (GO:0045806),1/25,0.13743087854199543,0.21408830325637476,10.373527696793003,20.58765773573744,RAC1,5,GO_BP,100
GO_Biological_Process_2021_fixed.gmt,negative regulation of endopeptidase activity (GO:0010951),1/63,0.3113578658095179,0.36560961515511575,4.056,4.732590828417397,SERPINF1,5,GO_BP,100
GO_Biological_Process_2021_fixed.gmt,negative regulation of extracellular matrix organization (GO:1903054),1/10,0.05739333693277774,0.1449444761642452,26.77984962406015,76.53217901759103,CST3,5,GO_BP,100
GO_Biological_Process_2021_fixed.gmt,negative regulation of extrinsic apoptotic signaling pathway (GO:2001237),3/80,0.01171423412981915,0.0671064620083269,7.802867383512544,34.69896567059897,IL1B;GSTP1;GPX1,5,GO_BP,100
GO_Biological_Process_2021_fixed.gmt,negative regulation of extrinsic apoptotic signaling pathway in absence of ligand (GO:2001240),1/23,0.12716055223147585,0.20515091185147563,11.297142857142857,23.298151942162995,IL1B,5,GO_BP,100
GO_Biological_Process_2021_fixed.gmt,negative regulation of extrinsic apoptotic signaling pathway via death domain receptors (GO:1902042),1/34,0.18218836979107858,0.25157414091418423,7.582004264392324,12.909985781775939,GPX1,5,GO_BP,100
GO_Biological_Process_2021_fixed.gmt,negative regulation of fibroblast growth factor receptor signaling pathway (GO:0040037),1/14,0.07942775264447097,0.16279407153577521,18.84,47.71997621242181,SULF2,5,GO_BP,100
GO_Biological_Process_2021_fixed.gmt,negative regulation of fibroblast migration (GO:0010764),1/6,0.03483764982618056,0.12266140012116471,46.26857142857143,155.3262124144681,RAC1,5,GO_BP,100
GO_Biological_Process_2021_fixed.gmt,negative regulation of fibroblast proliferation (GO:0048147),1/18,0.10095280846296417,0.17960040529996493,14.529795918367347,33.31830574037534,GSTP1,5,GO_BP,100
GO_Biological_Process_2021_fixed.gmt,negative regulation of gene expression (GO:0010629),5/322,0.04149515387338247,0.12946788651140467,3.014899335187892,9.593948244174767,RNH1;RPS6KA4;KLF4;SPI1;LGALS9,5,GO_BP,100
GO_Biological_Process_2021_fixed.gmt,"negative regulation of gene expression, epigenetic (GO:0045814)",1/30,0.1625869310777399,0.23662886682675757,8.612397094430992,15.644785002470627,SPI1,5,GO_BP,100
GO_Biological_Process_2021_fixed.gmt,negative regulation of glucose transmembrane transport (GO:0010829),1/12,0.06847495286588197,0.1520745156932656,22.119503105590063,59.30874170143665,IL1B,5,GO_BP,100
GO_Biological_Process_2021_fixed.gmt,negative regulation of heterotypic cell-cell adhesion (GO:0034115),1/10,0.05739333693277774,0.1449444761642452,26.77984962406015,76.53217901759103,KLF4,5,GO_BP,100
GO_Biological_Process_2021_fixed.gmt,negative regulation of histone H4 acetylation (GO:0090241),1/5,0.02911585739723309,0.11721968562522413,56.55428571428571,200.00266631608238,SPI1,5,GO_BP,100
GO_Biological_Process_2021_fixed.gmt,negative regulation of histone acetylation (GO:0035067),1/12,0.06847495286588197,0.1520745156932656,22.119503105590063,59.30874170143665,SPI1,5,GO_BP,100
GO_Biological_Process_2021_fixed.gmt,negative regulation of hormone secretion (GO:0046888),1/10,0.05739333693277774,0.1449444761642452,26.77984962406015,76.53217901759103,IL1B,5,GO_BP,100
GO_Biological_Process_2021_fixed.gmt,negative regulation of hydrolase activity (GO:0051346),2/58,0.04585311713424079,0.13317429125489844,7.567394751649701,23.32507238662376,CST3;CSTB,5,GO_BP,100
GO_Biological_Process_2021_fixed.gmt,negative regulation of immune effector process (GO:0002698),1/16,0.09025321665410073,0.1690543635212763,16.406820276497697,39.46063476205768,GRN,5,GO_BP,100
GO_Biological_Process_2021_fixed.gmt,negative regulation of immune response (GO:0050777),3/178,0.08781663886163281,0.1690543635212763,3.42285200179937,8.326102170268861,SYK;SPI1;HLA-DRB1,5,GO_BP,100
GO_Biological_Process_2021_fixed.gmt,negative regulation of inflammatory response (GO:0050728),5/212,0.008306073049410839,0.05392424388099184,4.648077339297309,22.267861754496625,HLA-DRB1;GSTP1;KLF4;GRN;SYK,5,GO_BP,100
GO_Biological_Process_2021_fixed.gmt,negative regulation of inflammatory response to antigenic stimulus (GO:0002862),2/136,0.19109681141479595,0.2596666798747219,3.1621075703203902,5.233209334466184,SYK;HLA-DRB1,5,GO_BP,100
GO_Biological_Process_2021_fixed.gmt,negative regulation of innate immune response (GO:0045824),2/38,0.021027411025760362,0.10067177479514614,11.729748990418877,45.29945081506326,GRN;SAMHD1,5,GO_BP,100
GO_Biological_Process_2021_fixed.gmt,negative regulation of insulin receptor signaling pathway (GO:0046627),1/27,0.14758171560773037,0.22262935201166137,9.58932614555256,18.347960156261912,IL1B,5,GO_BP,100
GO_Biological_Process_2021_fixed.gmt,negative regulation of interferon-gamma production (GO:0032689),2/29,0.012565658745287877,0.06987182441325994,15.578034682080926,68.18175031188082,HLA-DRB1;LGALS9,5,GO_BP,100
GO_Biological_Process_2021_fixed.gmt,negative regulation of interleukin-1 beta production (GO:0032691),2/26,0.010174168026463641,0.06065369400391785,17.48908812079745,80.23824540836263,CD33;GSTP1,5,GO_BP,100
GO_Biological_Process_2021_fixed.gmt,negative regulation of interleukin-1 production (GO:0032692),2/30,0.013412133374989066,0.07294318151309842,15.03042287800426,64.80510373371732,CD33;GSTP1,5,GO_BP,100
GO_Biological_Process_2021_fixed.gmt,negative regulation of interleukin-10 production (GO:0032693),1/17,0.09561865576236687,0.1753951673747558,15.411428571428571,36.17659222749534,TYROBP,5,GO_BP,100
GO_Biological_Process_2021_fixed.gmt,negative regulation of interleukin-8 production (GO:0032717),2/18,0.004938059852212758,0.03711026798026557,25.982658959537574,137.9882574533584,KLF4;CD33,5,GO_BP,100
GO_Biological_Process_2021_fixed.gmt,negative regulation of intracellular signal transduction (GO:1902532),2/198,0.32579750728182766,0.3786212830641671,2.1552751180337997,2.417096288242423,SPI1;GSTP1,5,GO_BP,100
GO_Biological_Process_2021_fixed.gmt,negative regulation of intrinsic apoptotic signaling pathway by p53 class mediator (GO:1902254),2/17,0.004406190921842406,0.034147979644278646,27.660824165578966,150.05290927056012,ZNF385A;CD74,5,GO_BP,100
GO_Biological_Process_2021_fixed.gmt,negative regulation of intrinsic apoptotic signaling pathway in response to DNA damage (GO:1902230),2/26,0.010174168026463641,0.06065369400391785,17.48908812079745,80.23824540836263,ZNF385A;CD74,5,GO_BP,100
GO_Biological_Process_2021_fixed.gmt,negative regulation of intrinsic apoptotic signaling pathway in response to DNA damage by p53 class mediator (GO:1902166),2/13,0.0025660450083524653,0.024858561018414507,37.29203317416436,222.461502111429,ZNF385A;CD74,5,GO_BP,100
GO_Biological_Process_2021_fixed.gmt,negative regulation of ion transport (GO:0043271),1/25,0.13743087854199543,0.21408830325637476,10.373527696793003,20.58765773573744,CD33,5,GO_BP,100
GO_Biological_Process_2021_fixed.gmt,negative regulation of kinase activity (GO:0033673),2/62,0.05167460735834104,0.13904038310934347,7.065160273252759,20.932577528091716,GSTP1;PRDX3,5,GO_BP,100
GO_Biological_Process_2021_fixed.gmt,negative regulation of leukocyte activation (GO:0002695),1/15,0.08485630975545977,0.16492448917989044,17.539507389162562,43.26638537899271,GRN,5,GO_BP,100
GO_Biological_Process_2021_fixed.gmt,negative regulation of leukocyte adhesion to vascular endothelial cell (GO:1904995),1/5,0.02911585739723309,0.11721968562522413,56.55428571428571,200.00266631608238,KLF4,5,GO_BP,100
GO_Biological_Process_2021_fixed.gmt,negative regulation of leukocyte degranulation (GO:0043301),2/9,0.0012026219228415543,0.015697380887616078,57.19653179190752,384.54664928917884,SPI1;LGALS9,5,GO_BP,100
GO_Biological_Process_2021_fixed.gmt,negative regulation of leukocyte mediated cytotoxicity (GO:0001911),1/15,0.08485630975545977,0.16492448917989044,17.539507389162562,43.26638537899271,LGALS9,5,GO_BP,100
GO_Biological_Process_2021_fixed.gmt,negative regulation of leukocyte proliferation (GO:0070664),1/9,0.051803755642352164,0.13904038310934347,29.932436974789915,88.6087725623409,GSTP1,5,GO_BP,100
GO_Biological_Process_2021_fixed.gmt,negative regulation of lipase activity (GO:0060192),1/9,0.051803755642352164,0.13904038310934347,29.932436974789915,88.6087725623409,RGS2,5,GO_BP,100
GO_Biological_Process_2021_fixed.gmt,negative regulation of lipid catabolic process (GO:0050995),1/18,0.10095280846296417,0.17960040529996493,14.529795918367347,33.31830574037534,IL1B,5,GO_BP,100
GO_Biological_Process_2021_fixed.gmt,negative regulation of lipid metabolic process (GO:0045833),1/24,0.13231073805711827,0.2092669836617687,10.815683890577507,21.875824373563766,IL1B,5,GO_BP,100
GO_Biological_Process_2021_fixed.gmt,negative regulation of locomotion (GO:0040013),1/13,0.0739673618540095,0.15786493751974487,20.34857142857143,52.990352563030946,SPINT2,5,GO_BP,100
GO_Biological_Process_2021_fixed.gmt,negative regulation of long-term synaptic potentiation (GO:1900272),1/8,0.04618140745129543,0.13317429125489844,33.925714285714285,104.32761013829499,TYROBP,5,GO_BP,100
GO_Biological_Process_2021_fixed.gmt,negative regulation of lymphocyte activation (GO:0051250),1/22,0.1219801467952022,0.19980895908329024,11.823388704318937,24.875191772751066,LST1,5,GO_BP,100
GO_Biological_Process_2021_fixed.gmt,negative regulation of lymphocyte proliferation (GO:0050672),4/39,7.902818735979691e-05,0.002449873808153704,22.223601966830568,209.9176097088404,TYROBP;MNDA;HLA-DRB1;LST1,5,GO_BP,100
GO_Biological_Process_2021_fixed.gmt,negative regulation of macromolecule biosynthetic process (GO:0010558),1/13,0.0739673618540095,0.15786493751974487,20.34857142857143,52.990352563030946,GSTP1,5,GO_BP,100
GO_Biological_Process_2021_fixed.gmt,negative regulation of macromolecule metabolic process (GO:0010605),3/194,0.10666949931040648,0.18422030521574378,3.1334493762692195,7.012722423758508,KLF4;SPI1;LGALS9,5,GO_BP,100
GO_Biological_Process_2021_fixed.gmt,negative regulation of macrophage activation (GO:0043031),1/16,0.09025321665410073,0.1690543635212763,16.406820276497697,39.46063476205768,GRN,5,GO_BP,100
GO_Biological_Process_2021_fixed.gmt,negative regulation of mast cell activation involved in immune response (GO:0033007),1/5,0.02911585739723309,0.11721968562522413,56.55428571428571,200.00266631608238,LGALS9,5,GO_BP,100
GO_Biological_Process_2021_fixed.gmt,negative regulation of metabolic process (GO:0009892),3/56,0.0043725444539083665,0.034147979644278646,11.321582773132208,61.50348156052097,IL1B;GSTP1;ID1,5,GO_BP,100
GO_Biological_Process_2021_fixed.gmt,negative regulation of microglial cell activation (GO:1903979),1/8,0.04618140745129543,0.13317429125489844,33.925714285714285,104.32761013829499,GRN,5,GO_BP,100
GO_Biological_Process_2021_fixed.gmt,negative regulation of mitochondrion organization (GO:0010823),1/34,0.18218836979107858,0.25157414091418423,7.582004264392324,12.909985781775939,GPX1,5,GO_BP,100
GO_Biological_Process_2021_fixed.gmt,negative regulation of mitotic cell cycle phase transition (GO:1901991),1/92,0.4203207370787167,0.4592050343415055,2.765058548009368,2.396579102170486,KLF4,5,GO_BP,100
GO_Biological_Process_2021_fixed.gmt,negative regulation of multicellular organismal process (GO:0051241),6/214,0.0016461305323200788,0.01890001722293424,5.532722912579028,35.461035200003515,ID1;RPS6KA4;IL1B;RGS2;GRN;SPI1,5,GO_BP,100
GO_Biological_Process_2021_fixed.gmt,negative regulation of muscle hypertrophy (GO:0014741),1/8,0.04618140745129543,0.13317429125489844,33.925714285714285,104.32761013829499,RGS2,5,GO_BP,100
GO_Biological_Process_2021_fixed.gmt,negative regulation of myeloid leukocyte mediated immunity (GO:0002887),2/6,0.0005068952524957986,0.008270396224931451,95.34682080924856,723.4159879243099,SPI1;LGALS9,5,GO_BP,100
GO_Biological_Process_2021_fixed.gmt,negative regulation of natural killer cell mediated cytotoxicity (GO:0045953),1/16,0.09025321665410073,0.1690543635212763,16.406820276497697,39.46063476205768,LGALS9,5,GO_BP,100
GO_Biological_Process_2021_fixed.gmt,negative regulation of natural killer cell mediated immunity (GO:0002716),1/11,0.06295034010487634,0.14953720637939974,24.227755102040817,66.99965481281787,LGALS9,5,GO_BP,100
GO_Biological_Process_2021_fixed.gmt,negative regulation of nervous system development (GO:0051961),1/19,0.10625585510518272,0.18376186935903288,13.743474903474903,30.811570131162792,IL1B,5,GO_BP,100
GO_Biological_Process_2021_fixed.gmt,negative regulation of neurogenesis (GO:0050768),1/35,0.18701742591792456,0.2556798325669531,7.361739130434783,12.34234935608545,IL1B,5,GO_BP,100
GO_Biological_Process_2021_fixed.gmt,negative regulation of neuroinflammatory response (GO:0150079),1/14,0.07942775264447097,0.16279407153577521,18.84,47.71997621242181,GRN,5,GO_BP,100
GO_Biological_Process_2021_fixed.gmt,negative regulation of neuron apoptotic process (GO:0043524),1/71,0.3432922802085085,0.39197276929884944,3.5937993920972646,3.842393513861737,GRN,5,GO_BP,100
GO_Biological_Process_2021_fixed.gmt,negative regulation of neuron death (GO:1901215),1/98,0.44063872177323155,0.47887117878948915,2.5938461538461537,2.125734645828772,GRN,5,GO_BP,100
GO_Biological_Process_2021_fixed.gmt,negative regulation of nucleic acid-templated transcription (GO:1903507),4/464,0.2921764466138795,0.3486995128019351,1.664071083013704,2.047468717290197,KLF4;ID1;BASP1;SPI1,5,GO_BP,100
GO_Biological_Process_2021_fixed.gmt,negative regulation of peptidase activity (GO:0010466),3/63,0.0060816744883696325,0.0423939064947471,10.006911217437533,51.060016432166464,CST3;SERPINF1;CSTB,5,GO_BP,100
GO_Biological_Process_2021_fixed.gmt,negative regulation of phagocytosis (GO:0050765),1/17,0.09561865576236687,0.1753951673747558,15.411428571428571,36.17659222749534,PLSCR1,5,GO_BP,100
GO_Biological_Process_2021_fixed.gmt,negative regulation of phospholipase activity (GO:0010519),1/8,0.04618140745129543,0.13317429125489844,33.925714285714285,104.32761013829499,RGS2,5,GO_BP,100
GO_Biological_Process_2021_fixed.gmt,negative regulation of phosphorylation (GO:0042326),1/86,0.3992734179030658,0.4408718060550326,2.960300751879699,2.7178782860197166,PRDX3,5,GO_BP,100
GO_Biological_Process_2021_fixed.gmt,negative regulation of programmed cell death (GO:0043069),6/381,0.024927092283533833,0.11576627127933316,3.03705766049308,11.212209542337904,BID;ANXA5;CTSH;GSTP1;PRDX3;CD74,5,GO_BP,100
GO_Biological_Process_2021_fixed.gmt,negative regulation of protein catabolic process (GO:0042177),1/42,0.2200404698999564,0.2857069975664355,6.1171084337349395,9.260958359387908,CST3,5,GO_BP,100
GO_Biological_Process_2021_fixed.gmt,negative regulation of protein kinase activity (GO:0006469),1/90,0.41338726033328066,0.45362849806483896,2.8272306464485237,2.4974920056170706,GSTP1,5,GO_BP,100
GO_Biological_Process_2021_fixed.gmt,negative regulation of protein phosphorylation (GO:0001933),1/152,0.5945375258648605,0.6164101438732668,1.6631966053748233,0.8648147390881827,GSTP1,5,GO_BP,100
GO_Biological_Process_2021_fixed.gmt,negative regulation of protein secretion (GO:0050709),1/39,0.20605334573132425,0.27385439304055953,6.595102040816326,10.417756298263866,IL1B,5,GO_BP,100
GO_Biological_Process_2021_fixed.gmt,negative regulation of protein serine/threonine kinase activity (GO:0071901),3/78,0.010938252943574155,0.06402589205273787,8.01065024592386,36.172004583230226,IL1B;RGS2;GSTP1,5,GO_BP,100
GO_Biological_Process_2021_fixed.gmt,negative regulation of proteolysis (GO:0045861),2/43,0.02650368418328899,0.11721968562522413,10.31304408384985,37.44121293269729,CST3;CSTB,5,GO_BP,100
GO_Biological_Process_2021_fixed.gmt,negative regulation of receptor-mediated endocytosis (GO:0048261),1/26,0.14252114696261678,0.21737542710165414,9.966050420168067,19.41650613102388,RAC1,5,GO_BP,100
GO_Biological_Process_2021_fixed.gmt,negative regulation of release of cytochrome c from mitochondria (GO:0090201),1/16,0.09025321665410073,0.1690543635212763,16.406820276497697,39.46063476205768,GPX1,5,GO_BP,100
GO_Biological_Process_2021_fixed.gmt,negative regulation of response to DNA damage stimulus (GO:2001021),1/31,0.1675304039472078,0.2406616595377294,8.329461358313818,14.881335933878487,CD74,5,GO_BP,100
GO_Biological_Process_2021_fixed.gmt,negative regulation of response to cytokine stimulus (GO:0060761),1/11,0.06295034010487634,0.14953720637939974,24.227755102040817,66.99965481281787,KLF4,5,GO_BP,100
GO_Biological_Process_2021_fixed.gmt,negative regulation of response to external stimulus (GO:0032102),1/118,0.5034125270560136,0.533987624935378,2.1494224924012157,1.475246050513081,KLF4,5,GO_BP,100
GO_Biological_Process_2021_fixed.gmt,negative regulation of response to stimulus (GO:0048585),1/61,0.30313729791852806,0.35901647508975626,4.190649350649351,5.001831030793261,KLF4,5,GO_BP,100
GO_Biological_Process_2021_fixed.gmt,negative regulation of secretion (GO:0051048),1/14,0.07942775264447097,0.16279407153577521,18.84,47.71997621242181,CD74,5,GO_BP,100
GO_Biological_Process_2021_fixed.gmt,negative regulation of signal transduction (GO:0009968),3/267,0.20834792087162193,0.2763116811559478,2.257343105716402,3.5407462737741175,IL1B;RGS2;SULF2,5,GO_BP,100
GO_Biological_Process_2021_fixed.gmt,negative regulation of signal transduction by p53 class mediator (GO:1901797),1/18,0.10095280846296417,0.17960040529996493,14.529795918367347,33.31830574037534,CD74,5,GO_BP,100
GO_Biological_Process_2021_fixed.gmt,negative regulation of signal transduction in absence of ligand (GO:1901099),1/23,0.12716055223147585,0.20515091185147563,11.297142857142857,23.298151942162995,IL1B,5,GO_BP,100
GO_Biological_Process_2021_fixed.gmt,negative regulation of signaling (GO:0023057),1/25,0.13743087854199543,0.21408830325637476,10.373527696793003,20.58765773573744,IL1B,5,GO_BP,100
GO_Biological_Process_2021_fixed.gmt,negative regulation of smooth muscle cell migration (GO:0014912),1/14,0.07942775264447097,0.16279407153577521,18.84,47.71997621242181,AIF1,5,GO_BP,100
GO_Biological_Process_2021_fixed.gmt,negative regulation of smooth muscle cell proliferation (GO:0048662),1/33,0.17733095730063678,0.24846371418394303,7.815824175824176,13.519323991183047,AIF1,5,GO_BP,100
GO_Biological_Process_2021_fixed.gmt,negative regulation of stress-activated MAPK cascade (GO:0032873),1/37,0.19659112272988702,0.2646829448263408,6.957416829745597,11.31713755451347,GSTP1,5,GO_BP,100
GO_Biological_Process_2021_fixed.gmt,negative regulation of stress-activated protein kinase signaling cascade (GO:0070303),1/7,0.04052610249614882,0.12720366110583672,39.14769230769231,125.5000245796484,GSTP1,5,GO_BP,100
GO_Biological_Process_2021_fixed.gmt,negative regulation of synaptic transmission (GO:0050805),1/24,0.13231073805711827,0.2092669836617687,10.815683890577507,21.875824373563766,IL1B,5,GO_BP,100
GO_Biological_Process_2021_fixed.gmt,negative regulation of transcription by RNA polymerase II (GO:0000122),3/684,0.7739129074060189,0.7808397112965529,0.8510595392859748,0.2181230998979782,KLF4;ID1;SPI1,5,GO_BP,100
GO_Biological_Process_2021_fixed.gmt,"negative regulation of transcription, DNA-templated (GO:0045892)",4/948,0.8177330918904846,0.8223755344235206,0.7840440294323098,0.15776478227025523,KLF4;ID1;BASP1;SPI1,5,GO_BP,100
GO_Biological_Process_2021_fixed.gmt,negative regulation of transferase activity (GO:0051348),1/29,0.15761443782098158,0.23156623566115778,8.915187969924812,16.47173245373291,PRDX3,5,GO_BP,100
GO_Biological_Process_2021_fixed.gmt,negative regulation of transforming growth factor beta production (GO:0071635),1/10,0.05739333693277774,0.1449444761642452,26.77984962406015,76.53217901759103,TYROBP,5,GO_BP,100
GO_Biological_Process_2021_fixed.gmt,negative regulation of transforming growth factor beta1 production (GO:0032911),1/5,0.02911585739723309,0.11721968562522413,56.55428571428571,200.00266631608238,TYROBP,5,GO_BP,100
GO_Biological_Process_2021_fixed.gmt,negative regulation of transmembrane transport (GO:0034763),1/10,0.05739333693277774,0.1449444761642452,26.77984962406015,76.53217901759103,IL1B,5,GO_BP,100
GO_Biological_Process_2021_fixed.gmt,negative regulation of transport (GO:0051051),1/51,0.26055658142034366,0.32180294916456786,5.023875530410184,6.756787233303926,PLSCR1,5,GO_BP,100
GO_Biological_Process_2021_fixed.gmt,negative regulation of tumor necrosis factor production (GO:0032720),3/46,0.0024979226783611555,0.024779392969342666,13.93365597902803,83.49458849683491,CD33;GSTP1;LGALS9,5,GO_BP,100
GO_Biological_Process_2021_fixed.gmt,negative regulation of tumor necrosis factor superfamily cytokine production (GO:1903556),3/48,0.00282212312036081,0.025957452863801002,13.319388214125055,78.18834908024206,CD33;GSTP1;LGALS9,5,GO_BP,100
GO_Biological_Process_2021_fixed.gmt,negative regulation of tumor necrosis factor-mediated signaling pathway (GO:0010804),1/18,0.10095280846296417,0.17960040529996493,14.529795918367347,33.31830574037534,GSTP1,5,GO_BP,100
GO_Biological_Process_2021_fixed.gmt,negative regulation of type I interferon-mediated signaling pathway (GO:0060339),1/16,0.09025321665410073,0.1690543635212763,16.406820276497697,39.46063476205768,SAMHD1,5,GO_BP,100
GO_Biological_Process_2021_fixed.gmt,negative regulation of viral entry into host cell (GO:0046597),1/17,0.09561865576236687,0.1753951673747558,15.411428571428571,36.17659222749534,GSN,5,GO_BP,100
GO_Biological_Process_2021_fixed.gmt,negative regulation of viral genome replication (GO:0045071),1/54,0.2735939505419366,0.3335855444169138,4.741201602136181,6.145119776084209,PLSCR1,5,GO_BP,100
GO_Biological_Process_2021_fixed.gmt,negative regulation of viral life cycle (GO:1903901),1/20,0.11152797501071594,0.1881560394738609,13.037802197802197,28.59815605185406,GSN,5,GO_BP,100
GO_Biological_Process_2021_fixed.gmt,negative regulation of viral process (GO:0048525),1/70,0.33938198320995333,0.38894053528682265,3.6457553956834534,3.9397090506042107,PLSCR1,5,GO_BP,100
GO_Biological_Process_2021_fixed.gmt,nervous system development (GO:0007399),3/447,0.49278557346892227,0.523611063497398,1.3266565363540084,0.938849812434014,CAPG;GSTP1;GSN,5,GO_BP,100
GO_Biological_Process_2021_fixed.gmt,neural crest cell development (GO:0014032),1/45,0.2337839312938716,0.29824287531316956,5.7035634028892455,8.289319276132373,SEMA4A,5,GO_BP,100
GO_Biological_Process_2021_fixed.gmt,neural crest cell migration (GO:0001755),1/37,0.19659112272988702,0.2646829448263408,6.957416829745597,11.31713755451347,SEMA4A,5,GO_BP,100
GO_Biological_Process_2021_fixed.gmt,neuron apoptotic process (GO:0051402),1/21,0.11676934647944666,0.19383398880122338,12.400975609756097,26.631773301022733,BID,5,GO_BP,100
GO_Biological_Process_2021_fixed.gmt,neuron migration (GO:0001764),1/50,0.2561595937296205,0.31891355042643516,5.1257142857142854,6.980990230379746,RAC1,5,GO_BP,100
GO_Biological_Process_2021_fixed.gmt,neuron projection arborization (GO:0140058),1/7,0.04052610249614882,0.12720366110583672,39.14769230769231,125.5000245796484,PHACTR1,5,GO_BP,100
GO_Biological_Process_2021_fixed.gmt,neutrophil activation (GO:0042119),3/16,0.00010468079409292958,0.0029500951062552882,44.98830409356725,412.2995820046259,FCER1G;SYK;TYROBP,5,GO_BP,100
GO_Biological_Process_2021_fixed.gmt,neutrophil activation involved in immune response (GO:0002283),17/485,2.7381866646516593e-09,4.850502091668654e-07,7.51322850042167,148.13058724303997,FCER1G;ANXA2;COTL1;LYZ;ACAA1;CST3;CSTB;SYK;GRN;GSTP1;CTSH;GSN;CD33;RAC1;CFP;MNDA;TYROBP,5,GO_BP,100
GO_Biological_Process_2021_fixed.gmt,neutrophil chemotaxis (GO:0030593),2/70,0.0640499816249264,0.15070583911747387,6.236656681152694,17.13890344792965,FCER1G;SYK,5,GO_BP,100
GO_Biological_Process_2021_fixed.gmt,neutrophil degranulation (GO:0043312),16/481,1.7847142372821674e-08,1.8442047118582395e-06,7.032682691951554,125.47306274221152,FCER1G;ANXA2;COTL1;LYZ;ACAA1;CST3;CSTB;GRN;GSTP1;CTSH;GSN;CD33;RAC1;CFP;MNDA;TYROBP,5,GO_BP,100
GO_Biological_Process_2021_fixed.gmt,neutrophil mediated immunity (GO:0002446),16/488,2.1848247168778383e-08,2.0839866530219378e-06,6.92512315270936,122.15325240115357,FCER1G;ANXA2;COTL1;LYZ;ACAA1;CST3;CSTB;GRN;GSTP1;CTSH;GSN;CD33;RAC1;CFP;MNDA;TYROBP,5,GO_BP,100
GO_Biological_Process_2021_fixed.gmt,neutrophil migration (GO:1990266),2/77,0.0756059586633826,0.16053319990170278,5.6557439804004135,14.604376242519185,FCER1G;SYK,5,GO_BP,100
GO_Biological_Process_2021_fixed.gmt,non-canonical Wnt signaling pathway (GO:0035567),2/124,0.1657956139512607,0.2401712164714524,3.4746962368762535,6.244027367250938,AP2S1;RAC1,5,GO_BP,100
GO_Biological_Process_2021_fixed.gmt,nucleic acid phosphodiester bond hydrolysis (GO:0090305),1/75,0.35870594681813,0.40509596908422696,3.3999232981783316,3.485779234911862,RNASE6,5,GO_BP,100
GO_Biological_Process_2021_fixed.gmt,nucleobase-containing compound catabolic process (GO:0034655),1/41,0.21540537814895672,0.2817538701526438,6.268571428571429,9.623721145007593,RNASE6,5,GO_BP,100
GO_Biological_Process_2021_fixed.gmt,nucleoside catabolic process (GO:0009164),1/12,0.06847495286588197,0.1520745156932656,22.119503105590063,59.30874170143665,TYMP,5,GO_BP,100
GO_Biological_Process_2021_fixed.gmt,nucleoside metabolic process (GO:0009116),1/10,0.05739333693277774,0.1449444761642452,26.77984962406015,76.53217901759103,TYMP,5,GO_BP,100
GO_Biological_Process_2021_fixed.gmt,nucleoside salvage (GO:0043174),1/12,0.06847495286588197,0.1520745156932656,22.119503105590063,59.30874170143665,TYMP,5,GO_BP,100
GO_Biological_Process_2021_fixed.gmt,nucleotide catabolic process (GO:0009166),2/16,0.0039027062758462843,0.03162977635326401,29.570460434522623,164.00028852604538,SAMHD1;GPX1,5,GO_BP,100
GO_Biological_Process_2021_fixed.gmt,nucleotide-sugar biosynthetic process (GO:0009226),1/19,0.10625585510518272,0.18376186935903288,13.743474903474903,30.811570131162792,NAGK,5,GO_BP,100
GO_Biological_Process_2021_fixed.gmt,organelle assembly (GO:0070925),2/425,0.7188272709224941,0.7300129532710015,0.9845356955183545,0.3250288897177044,GABARAP;GSN,5,GO_BP,100
GO_Biological_Process_2021_fixed.gmt,organelle organization (GO:0006996),1/420,0.9193220695321093,0.9208072425038897,0.5897020262216925,0.049605004107251646,PRDX3,5,GO_BP,100
GO_Biological_Process_2021_fixed.gmt,organic cyclic compound catabolic process (GO:1901361),1/9,0.051803755642352164,0.13904038310934347,29.932436974789915,88.6087725623409,ACAA1,5,GO_BP,100
GO_Biological_Process_2021_fixed.gmt,organonitrogen compound biosynthetic process (GO:1901566),1/158,0.6088059693425968,0.6259696533870813,1.5991836734693878,0.7936039611511153,GSTP1,5,GO_BP,100
GO_Biological_Process_2021_fixed.gmt,organonitrogen compound catabolic process (GO:1901565),1/63,0.3113578658095179,0.36560961515511575,4.056,4.732590828417397,NAGK,5,GO_BP,100
GO_Biological_Process_2021_fixed.gmt,osteoclast differentiation (GO:0030316),2/22,0.007342539848581688,0.048688499530702097,20.90723248272945,102.73961370665528,ANXA2;TYROBP,5,GO_BP,100
GO_Biological_Process_2021_fixed.gmt,p38MAPK cascade (GO:0038066),1/5,0.02911585739723309,0.11721968562522413,56.55428571428571,200.00266631608238,LGALS9,5,GO_BP,100
GO_Biological_Process_2021_fixed.gmt,parallel actin filament bundle assembly (GO:0030046),1/7,0.04052610249614882,0.12720366110583672,39.14769230769231,125.5000245796484,AIF1,5,GO_BP,100
GO_Biological_Process_2021_fixed.gmt,peptide antigen assembly with MHC protein complex (GO:0002501),4/6,1.671915031401235e-08,1.8442047118582395e-06,316.27810650887574,5663.500664417583,HLA-DMA;HLA-DMB;HLA-DRA;HLA-DRB1,5,GO_BP,100
GO_Biological_Process_2021_fixed.gmt,peptide catabolic process (GO:0043171),1/25,0.13743087854199543,0.21408830325637476,10.373527696793003,20.58765773573744,CTSH,5,GO_BP,100
GO_Biological_Process_2021_fixed.gmt,peptide metabolic process (GO:0006518),2/83,0.08599457171419449,0.16635455370608604,5.2372424554062205,12.849423030673558,GSTP1;GPX1,5,GO_BP,100
GO_Biological_Process_2021_fixed.gmt,peptidyl-cysteine modification (GO:0018198),1/9,0.051803755642352164,0.13904038310934347,29.932436974789915,88.6087725623409,PRDX3,5,GO_BP,100
GO_Biological_Process_2021_fixed.gmt,peptidyl-serine modification (GO:0018209),1/169,0.6336873311758159,0.6483269724901086,1.4936668079694786,0.68141022226329,RPS6KA4,5,GO_BP,100
GO_Biological_Process_2021_fixed.gmt,peptidyl-serine phosphorylation (GO:0018105),1/156,0.6041058613451075,0.6242427233899444,1.6199724391364263,0.8164755525930808,RPS6KA4,5,GO_BP,100
GO_Biological_Process_2021_fixed.gmt,peptidyl-tyrosine modification (GO:0018212),1/56,0.282159009152707,0.3414921782347292,4.56972972972973,5.782008217744046,SYK,5,GO_BP,100
GO_Biological_Process_2021_fixed.gmt,peptidyl-tyrosine phosphorylation (GO:0018108),1/69,0.3354486689015952,0.3858593222986809,3.699228362877998,4.040616583709494,SYK,5,GO_BP,100
GO_Biological_Process_2021_fixed.gmt,"phagocytosis, engulfment (GO:0006911)",3/37,0.0013283029466785142,0.016470956538813575,17.57920162725655,116.44204974700624,AIF1;RAC1;GSN,5,GO_BP,100
GO_Biological_Process_2021_fixed.gmt,phosphate-containing compound metabolic process (GO:0006796),1/212,0.7168083546646138,0.7285593112984599,1.1865045592705168,0.39504285097239406,PLD4,5,GO_BP,100
GO_Biological_Process_2021_fixed.gmt,phosphatidylinositol biosynthetic process (GO:0006661),1/126,0.5265245037613239,0.5532969361559674,2.0113147410358567,1.2901727397206766,ARF3,5,GO_BP,100
GO_Biological_Process_2021_fixed.gmt,phosphatidylinositol metabolic process (GO:0046488),1/112,0.4853498598067659,0.5183753885963736,2.2660089686098654,1.6380645451447489,ARF3,5,GO_BP,100
GO_Biological_Process_2021_fixed.gmt,phosphatidylserine metabolic process (GO:0006658),1/34,0.18218836979107858,0.25157414091418423,7.582004264392324,12.909985781775939,PLSCR1,5,GO_BP,100
GO_Biological_Process_2021_fixed.gmt,phospholipid translocation (GO:0045332),1/31,0.1675304039472078,0.2406616595377294,8.329461358313818,14.881335933878487,PLSCR1,5,GO_BP,100
GO_Biological_Process_2021_fixed.gmt,phosphorylation (GO:0016310),2/400,0.6869737603891699,0.6999568306348157,1.0481139533365729,0.3935240075349541,RPS6KA4;SYK,5,GO_BP,100
GO_Biological_Process_2021_fixed.gmt,plasma membrane bounded cell projection assembly (GO:0120031),4/278,0.0817044542258769,0.16492448917989044,2.8277233485304105,7.082448121132442,AIF1;RAC1;CCDC88A;GSN,5,GO_BP,100
GO_Biological_Process_2021_fixed.gmt,plasma membrane bounded cell projection organization (GO:0120036),1/128,0.5321343157337329,0.5587185025485426,1.9794957983193278,1.2487834293354023,RAC1,5,GO_BP,100
GO_Biological_Process_2021_fixed.gmt,plasma membrane invagination (GO:0099024),2/30,0.013412133374989066,0.07294318151309842,15.03042287800426,64.80510373371732,AIF1;GSN,5,GO_BP,100
GO_Biological_Process_2021_fixed.gmt,plasma membrane organization (GO:0007009),1/64,0.31543212342742566,0.3693445071293747,3.9918560179977503,4.605850417145635,PLSCR1,5,GO_BP,100
GO_Biological_Process_2021_fixed.gmt,plasma membrane phospholipid scrambling (GO:0017121),1/8,0.04618140745129543,0.13317429125489844,33.925714285714285,104.32761013829499,PLSCR1,5,GO_BP,100
GO_Biological_Process_2021_fixed.gmt,platelet degranulation (GO:0002576),1/125,0.523694712694426,0.5508087498364124,2.0276075731497416,1.3115506061928035,ANXA5,5,GO_BP,100
GO_Biological_Process_2021_fixed.gmt,polyol metabolic process (GO:0019751),1/47,0.242812946119629,0.306295069367589,5.457511520737327,7.724910547555336,PLD4,5,GO_BP,100
GO_Biological_Process_2021_fixed.gmt,porphyrin-containing compound catabolic process (GO:0006787),1/16,0.09025321665410073,0.1690543635212763,16.406820276497697,39.46063476205768,BLVRB,5,GO_BP,100
GO_Biological_Process_2021_fixed.gmt,positive regulation by symbiont of entry into host (GO:0075294),4/10,2.298850737880859e-07,1.5836527305401473e-05,121.61265361857077,1858.932877226181,LGALS1;CD74;HLA-DRB1;LGALS9,5,GO_BP,100
GO_Biological_Process_2021_fixed.gmt,positive regulation of ATPase activity (GO:0032781),1/42,0.2200404698999564,0.2857069975664355,6.1171084337349395,9.260958359387908,PLSCR1,5,GO_BP,100
GO_Biological_Process_2021_fixed.gmt,positive regulation of B cell activation (GO:0050871),3/53,0.003742347797926878,0.03135480587452249,11.996583868913207,67.03741584827921,SYK;TNFSF13B;CD74,5,GO_BP,100
GO_Biological_Process_2021_fixed.gmt,positive regulation of B cell differentiation (GO:0045579),1/9,0.051803755642352164,0.13904038310934347,29.932436974789915,88.6087725623409,SYK,5,GO_BP,100
GO_Biological_Process_2021_fixed.gmt,positive regulation of B cell proliferation (GO:0030890),2/30,0.013412133374989066,0.07294318151309842,15.03042287800426,64.80510373371732,TNFSF13B;CD74,5,GO_BP,100
GO_Biological_Process_2021_fixed.gmt,"positive regulation of CD4-positive, CD25-positive, alpha-beta regulatory T cell differentiation (GO:0032831)",3/5,1.9592152007445486e-06,0.000101226118705135,243.1169590643275,3195.278066236461,HLA-DRA;HLA-DRB1;LGALS9,5,GO_BP,100
GO_Biological_Process_2021_fixed.gmt,"positive regulation of CD4-positive, alpha-beta T cell activation (GO:2000516)",3/13,5.415072385098554e-05,0.001767023620400581,57.853801169590646,568.340655407477,HLA-DRA;HLA-DRB1;LGALS9,5,GO_BP,100
GO_Biological_Process_2021_fixed.gmt,"positive regulation of CD4-positive, alpha-beta T cell differentiation (GO:0043372)",2/8,0.0009389678101225481,0.013070898233084872,66.00044464206314,460.0712372634602,HLA-DRA;HLA-DRB1,5,GO_BP,100
GO_Biological_Process_2021_fixed.gmt,"positive regulation of CD4-positive, alpha-beta T cell proliferation (GO:2000563)",1/5,0.02911585739723309,0.11721968562522413,56.55428571428571,200.00266631608238,LGALS9,5,GO_BP,100
GO_Biological_Process_2021_fixed.gmt,positive regulation of CREB transcription factor activity (GO:0032793),1/18,0.10095280846296417,0.17960040529996493,14.529795918367347,33.31830574037534,RPS6KA4,5,GO_BP,100
GO_Biological_Process_2021_fixed.gmt,positive regulation of DNA biosynthetic process (GO:2000573),1/61,0.30313729791852806,0.35901647508975626,4.190649350649351,5.001831030793261,KLF4,5,GO_BP,100
GO_Biological_Process_2021_fixed.gmt,"positive regulation of DNA damage response, signal transduction by p53 class mediator (GO:0043517)",1/15,0.08485630975545977,0.16492448917989044,17.539507389162562,43.26638537899271,ZNF385A,5,GO_BP,100
GO_Biological_Process_2021_fixed.gmt,positive regulation of DNA topoisomerase (ATP-hydrolyzing) activity (GO:2000373),1/5,0.02911585739723309,0.11721968562522413,56.55428571428571,200.00266631608238,PLSCR1,5,GO_BP,100
GO_Biological_Process_2021_fixed.gmt,positive regulation of DNA-binding transcription factor activity (GO:0051091),4/246,0.05735886775238001,0.1449444761642452,3.2078936131275544,9.169532354452004,RPS6KA4;IL1B;PRDX3;LGALS9,5,GO_BP,100
GO_Biological_Process_2021_fixed.gmt,positive regulation of ERBB signaling pathway (GO:1901186),1/25,0.13743087854199543,0.21408830325637476,10.373527696793003,20.58765773573744,CCDC88A,5,GO_BP,100
GO_Biological_Process_2021_fixed.gmt,positive regulation of ERK1 and ERK2 cascade (GO:0070374),3/172,0.08115020368925584,0.16492448917989044,3.5454639548724316,8.904267769918734,LGALS9;HLA-DRB1;CD74,5,GO_BP,100
GO_Biological_Process_2021_fixed.gmt,positive regulation of G1/S transition of mitotic cell cycle (GO:1900087),1/26,0.14252114696261678,0.21737542710165414,9.966050420168067,19.41650613102388,AIF1,5,GO_BP,100
GO_Biological_Process_2021_fixed.gmt,positive regulation of GTPase activity (GO:0043547),2/214,0.3601456045691353,0.40635172854024365,1.99081944916695,2.033118135509453,RGS1;S100A10,5,GO_BP,100
GO_Biological_Process_2021_fixed.gmt,positive regulation of I-kappaB kinase/NF-kappaB signaling (GO:0043123),4/171,0.018378872461164982,0.0918943623058249,4.66810915835026,18.65634804140688,LGALS1;LGALS9;HLA-DRB1;CD74,5,GO_BP,100
GO_Biological_Process_2021_fixed.gmt,positive regulation of JNK cascade (GO:0046330),1/73,0.35104435413653906,0.39898716693795455,3.494187192118227,3.6578643490455844,IL1B,5,GO_BP,100
GO_Biological_Process_2021_fixed.gmt,positive regulation of MAPK cascade (GO:0043410),3/274,0.2190773225555102,0.2857069975664355,2.198087299279506,3.3374230770731317,LGALS9;HLA-DRB1;CD74,5,GO_BP,100
GO_Biological_Process_2021_fixed.gmt,positive regulation of NF-kappaB transcription factor activity (GO:0051092),4/155,0.013263288119896839,0.07294318151309842,5.166735016696936,22.33453144642131,RPS6KA4;IL1B;PRDX3;LGALS9,5,GO_BP,100
GO_Biological_Process_2021_fixed.gmt,positive regulation of NIK/NF-kappaB signaling (GO:1901224),2/53,0.03894936533149995,0.12720366110583672,8.304899264829675,26.953490779025827,IL1B;LGALS9,5,GO_BP,100
GO_Biological_Process_2021_fixed.gmt,positive regulation of Notch signaling pathway (GO:0045747),1/45,0.2337839312938716,0.29824287531316956,5.7035634028892455,8.289319276132373,ENHO,5,GO_BP,100
GO_Biological_Process_2021_fixed.gmt,positive regulation of RNA metabolic process (GO:0051254),1/45,0.2337839312938716,0.29824287531316956,5.7035634028892455,8.289319276132373,IL1B,5,GO_BP,100
GO_Biological_Process_2021_fixed.gmt,positive regulation of Ras protein signal transduction (GO:0046579),1/63,0.3113578658095179,0.36560961515511575,4.056,4.732590828417397,RAC1,5,GO_BP,100
GO_Biological_Process_2021_fixed.gmt,positive regulation of Rho protein signal transduction (GO:0035025),1/31,0.1675304039472078,0.2406616595377294,8.329461358313818,14.881335933878487,RAC1,5,GO_BP,100
GO_Biological_Process_2021_fixed.gmt,positive regulation of T cell activation (GO:0050870),7/75,2.77420670968608e-07,1.8105349052688104e-05,19.85782096636962,299.80803552295083,HLA-DMB;IL1B;HLA-DPB1;HLA-DPA1;CD1D;AIF1;LGALS9,5,GO_BP,100
GO_Biological_Process_2021_fixed.gmt,positive regulation of T cell apoptotic process (GO:0070234),1/10,0.05739333693277774,0.1449444761642452,26.77984962406015,76.53217901759103,LGALS9,5,GO_BP,100
GO_Biological_Process_2021_fixed.gmt,positive regulation of T cell cytokine production (GO:0002726),1/21,0.11676934647944666,0.19383398880122338,12.400975609756097,26.631773301022733,IL1B,5,GO_BP,100
GO_Biological_Process_2021_fixed.gmt,positive regulation of T cell differentiation (GO:0045582),2/43,0.02650368418328899,0.11721968562522413,10.31304408384985,37.44121293269729,HLA-DRA;HLA-DRB1,5,GO_BP,100
GO_Biological_Process_2021_fixed.gmt,positive regulation of T cell mediated cytotoxicity (GO:0001916),4/26,1.5228219261836217e-05,0.0005722118752932397,35.094674556213015,389.2827755240122,CD1D;CD1C;HLA-DRA;HLA-DRB1,5,GO_BP,100
GO_Biological_Process_2021_fixed.gmt,positive regulation of T cell mediated immune response to tumor cell (GO:0002842),1/6,0.03483764982618056,0.12266140012116471,46.26857142857143,155.3262124144681,HLA-DRB1,5,GO_BP,100
GO_Biological_Process_2021_fixed.gmt,positive regulation of T cell mediated immunity (GO:0002711),5/36,2.0657107693159246e-06,0.00010245925415806986,30.986313088109494,405.6119597972854,CD1C;HLA-DRB1;IL1B;HLA-DRA;CD1D,5,GO_BP,100
GO_Biological_Process_2021_fixed.gmt,positive regulation of T cell migration (GO:2000406),1/25,0.13743087854199543,0.21408830325637476,10.373527696793003,20.58765773573744,AIF1,5,GO_BP,100
GO_Biological_Process_2021_fixed.gmt,positive regulation of T cell proliferation (GO:0042102),7/66,1.1360899966102367e-07,9.39167730531129e-06,22.87544465639016,365.7898689533315,HLA-DMB;IL1B;HLA-DPB1;HLA-DPA1;CD1D;AIF1;SYK,5,GO_BP,100
GO_Biological_Process_2021_fixed.gmt,positive regulation of T-helper 1 cell cytokine production (GO:2000556),1/5,0.02911585739723309,0.11721968562522413,56.55428571428571,200.00266631608238,IL1B,5,GO_BP,100
GO_Biological_Process_2021_fixed.gmt,positive regulation of T-helper 1 type immune response (GO:0002827),1/12,0.06847495286588197,0.1520745156932656,22.119503105590063,59.30874170143665,IL1B,5,GO_BP,100
GO_Biological_Process_2021_fixed.gmt,positive regulation of Wnt signaling pathway (GO:0030177),1/153,0.5969508297352623,0.6183951786731204,1.6521779859484778,0.8523925442036316,SULF2,5,GO_BP,100
GO_Biological_Process_2021_fixed.gmt,positive regulation of actin filament bundle assembly (GO:0032233),3/51,0.003355083545264183,0.02889099719533046,12.492976427322603,71.17596733901989,S100A10;RAC1;CCDC88A,5,GO_BP,100
GO_Biological_Process_2021_fixed.gmt,positive regulation of actin filament polymerization (GO:0030838),1/49,0.2517367588815263,0.31403780786025415,5.231752577319588,7.216529589632424,GSN,5,GO_BP,100
GO_Biological_Process_2021_fixed.gmt,positive regulation of actin nucleation (GO:0051127),1/11,0.06295034010487634,0.14953720637939974,24.227755102040817,66.99965481281787,GSN,5,GO_BP,100
GO_Biological_Process_2021_fixed.gmt,positive regulation of acute inflammatory response (GO:0002675),1/15,0.08485630975545977,0.16492448917989044,17.539507389162562,43.26638537899271,IL1B,5,GO_BP,100
GO_Biological_Process_2021_fixed.gmt,positive regulation of adaptive immune response based on somatic recombination of immune receptors built from immunoglobulin superfamily domains (GO:0002824),1/13,0.0739673618540095,0.15786493751974487,20.34857142857143,52.990352563030946,IL1B,5,GO_BP,100
GO_Biological_Process_2021_fixed.gmt,positive regulation of alpha-beta T cell activation (GO:0046635),3/20,0.0002094969298236012,0.004748601029436822,34.69590643274854,293.90213533457705,SYK;HLA-DRA;HLA-DRB1,5,GO_BP,100
GO_Biological_Process_2021_fixed.gmt,positive regulation of alpha-beta T cell proliferation (GO:0046641),2/16,0.0039027062758462843,0.03162977635326401,29.570460434522623,164.00028852604538,SYK;LGALS9,5,GO_BP,100
GO_Biological_Process_2021_fixed.gmt,positive regulation of angiogenesis (GO:0045766),4/116,0.0048787484668227545,0.0368880981637818,6.976331360946745,37.13408086889084,KLF4;GRN;IL1B;CTSH,5,GO_BP,100
GO_Biological_Process_2021_fixed.gmt,positive regulation of apoptotic process (GO:0043065),3/310,0.2757823541568288,0.33592349622246337,1.9359577806304378,2.493791036936136,GRN;BID;MNDA,5,GO_BP,100
GO_Biological_Process_2021_fixed.gmt,positive regulation of apoptotic signaling pathway (GO:2001235),1/59,0.2948197264468616,0.35084113319972016,4.334505494505494,5.2941268943375395,BID,5,GO_BP,100
GO_Biological_Process_2021_fixed.gmt,positive regulation of aspartic-type peptidase activity (GO:1905247),1/8,0.04618140745129543,0.13317429125489844,33.925714285714285,104.32761013829499,GRN,5,GO_BP,100
GO_Biological_Process_2021_fixed.gmt,positive regulation of biosynthetic process (GO:0009891),1/44,0.22922959059504416,0.29516582797285024,5.8350738916256155,8.595245888832943,VIM,5,GO_BP,100
GO_Biological_Process_2021_fixed.gmt,positive regulation of bone resorption (GO:0045780),1/11,0.06295034010487634,0.14953720637939974,24.227755102040817,66.99965481281787,SYK,5,GO_BP,100
GO_Biological_Process_2021_fixed.gmt,positive regulation of cardiac muscle contraction (GO:0060452),1/5,0.02911585739723309,0.11721968562522413,56.55428571428571,200.00266631608238,RGS2,5,GO_BP,100
GO_Biological_Process_2021_fixed.gmt,positive regulation of catabolic process (GO:0009896),1/67,0.3275124519007622,0.3791927547683895,3.810998925886144,4.253948295804507,IL1B,5,GO_BP,100
GO_Biological_Process_2021_fixed.gmt,positive regulation of cell adhesion (GO:0045785),2/80,0.08074747687019175,0.16492448917989044,5.438496373476676,13.685587617018516,SYK;RAC1,5,GO_BP,100
GO_Biological_Process_2021_fixed.gmt,positive regulation of cell adhesion mediated by integrin (GO:0033630),1/18,0.10095280846296417,0.17960040529996493,14.529795918367347,33.31830574037534,SYK,5,GO_BP,100
GO_Biological_Process_2021_fixed.gmt,positive regulation of cell cycle G1/S phase transition (GO:1902808),1/35,0.18701742591792456,0.2556798325669531,7.361739130434783,12.34234935608545,AIF1,5,GO_BP,100
GO_Biological_Process_2021_fixed.gmt,positive regulation of cell cycle process (GO:0090068),2/101,0.11941326445038428,0.19795781807282953,4.284573154791298,9.105424872703042,IL1B;PLSCR1,5,GO_BP,100
GO_Biological_Process_2021_fixed.gmt,positive regulation of cell death (GO:0010942),1/66,0.3235092790513581,0.3766680807734123,3.869443838604144,4.3667737124650445,TYROBP,5,GO_BP,100
GO_Biological_Process_2021_fixed.gmt,positive regulation of cell development (GO:0010720),2/38,0.021027411025760362,0.10067177479514614,11.729748990418877,45.29945081506326,SERPINF1;TYROBP,5,GO_BP,100
GO_Biological_Process_2021_fixed.gmt,positive regulation of cell differentiation (GO:0045597),2/258,0.4508444767161344,0.4869748703205633,1.6443565561302098,1.3099484331756865,IL1B;ZNF385A,5,GO_BP,100
GO_Biological_Process_2021_fixed.gmt,positive regulation of cell junction assembly (GO:1901890),2/57,0.04443839878408481,0.13317429125489844,7.704264958600219,23.988394956907346,S100A10;RAC1,5,GO_BP,100
GO_Biological_Process_2021_fixed.gmt,positive regulation of cell killing (GO:0031343),2/15,0.0034279530906271153,0.029114122139572762,31.76300578034682,180.2802129136118,SYK;RAC1,5,GO_BP,100
GO_Biological_Process_2021_fixed.gmt,positive regulation of cell migration (GO:0030335),5/269,0.02130744039291477,0.10162010033543967,3.6322176063751512,13.97931209887464,IL1B;SEMA4A;AIF1;CTSH;GRN,5,GO_BP,100
GO_Biological_Process_2021_fixed.gmt,positive regulation of cell morphogenesis involved in differentiation (GO:0010770),2/50,0.03501785132491315,0.12266140012116471,8.820392110124546,29.56504858410062,S100A10;RAC1,5,GO_BP,100
GO_Biological_Process_2021_fixed.gmt,positive regulation of cell motility (GO:2000147),5/221,0.00983410457939057,0.05977592979629562,4.452116552115169,20.577232486161765,IL1B;SEMA4A;AIF1;CTSH;GRN,5,GO_BP,100
GO_Biological_Process_2021_fixed.gmt,positive regulation of cell population proliferation (GO:0008284),6/474,0.06081505045697065,0.14953720637939974,2.418544031564309,6.771724919960634,IL1B;GRN;CTSH;PRDX3;AIF1;CD74,5,GO_BP,100
GO_Biological_Process_2021_fixed.gmt,positive regulation of cell-cell adhesion (GO:0022409),1/47,0.242812946119629,0.306295069367589,5.457511520737327,7.724910547555336,IL1B,5,GO_BP,100
GO_Biological_Process_2021_fixed.gmt,positive regulation of cell-matrix adhesion (GO:0001954),2/44,0.027661103142930864,0.11721968562522413,10.069704182250936,36.12736036429396,S100A10;RAC1,5,GO_BP,100
GO_Biological_Process_2021_fixed.gmt,positive regulation of cell-substrate adhesion (GO:0010811),2/70,0.0640499816249264,0.15070583911747387,6.236656681152694,17.13890344792965,S100A10;RAC1,5,GO_BP,100
GO_Biological_Process_2021_fixed.gmt,positive regulation of cell-substrate junction organization (GO:0150117),2/24,0.008706278241701648,0.05536300010107715,19.046242774566473,90.3498690080592,S100A10;RAC1,5,GO_BP,100
GO_Biological_Process_2021_fixed.gmt,positive regulation of cellular amide metabolic process (GO:0034250),1/81,0.3811582188425946,0.42426947160216993,3.145235137533274,3.0337073562766363,VIM,5,GO_BP,100
GO_Biological_Process_2021_fixed.gmt,positive regulation of cellular biosynthetic process (GO:0031328),3/180,0.09008912173915656,0.1690543635212763,3.383823408285973,8.144713571869293,KLF4;IL1B;VIM,5,GO_BP,100
GO_Biological_Process_2021_fixed.gmt,positive regulation of cellular catabolic process (GO:0031331),1/141,0.5670297607502367,0.5903584410833699,1.794753431621759,1.0182416729585715,IL1B,5,GO_BP,100
GO_Biological_Process_2021_fixed.gmt,positive regulation of cellular component biogenesis (GO:0044089),2/92,0.10231807326175477,0.18150845614388542,4.7135375083831,10.745305113849652,SYK;BID,5,GO_BP,100
GO_Biological_Process_2021_fixed.gmt,positive regulation of cellular component organization (GO:0051130),3/114,0.02974449456910794,0.11936302027732636,5.4110350614952925,19.02039005980944,SYK;BID;GPX1,5,GO_BP,100
GO_Biological_Process_2021_fixed.gmt,positive regulation of cellular metabolic process (GO:0031325),2/105,0.1272266542046651,0.20515091185147563,4.11786881125911,8.490160576900914,KLF4;ANXA2,5,GO_BP,100
GO_Biological_Process_2021_fixed.gmt,positive regulation of cellular process (GO:0048522),7/625,0.07532663002662272,0.16048972720448829,2.1174571370473787,5.475578050964524,FCER1G;IL1B;GRN;CTSH;PRDX3;AIF1;RAC1,5,GO_BP,100
GO_Biological_Process_2021_fixed.gmt,positive regulation of cellular protein localization (GO:1903829),2/71,0.06566119331106997,0.1520745156932656,6.146504761508712,16.738451838410384,CCDC88A;TYROBP,5,GO_BP,100
GO_Biological_Process_2021_fixed.gmt,positive regulation of cellular protein metabolic process (GO:0032270),2/102,0.12135498290375167,0.19980895908329024,4.2416530066430855,8.945795859454106,KLF4;VIM,5,GO_BP,100
GO_Biological_Process_2021_fixed.gmt,positive regulation of chemokine (C-X-C motif) ligand 2 production (GO:2000343),1/7,0.04052610249614882,0.12720366110583672,39.14769230769231,125.5000245796484,CD74,5,GO_BP,100
GO_Biological_Process_2021_fixed.gmt,positive regulation of chemokine production (GO:0032722),5/53,1.453445295262685e-05,0.0005632100519142904,20.102043336008396,223.91643278714835,CD74;IL1B;AIF1;SYK;LGALS9,5,GO_BP,100
GO_Biological_Process_2021_fixed.gmt,positive regulation of chemotaxis (GO:0050921),1/45,0.2337839312938716,0.29824287531316956,5.7035634028892455,8.289319276132373,AIF1,5,GO_BP,100
GO_Biological_Process_2021_fixed.gmt,positive regulation of cilium assembly (GO:0045724),1/19,0.10625585510518272,0.18376186935903288,13.743474903474903,30.811570131162792,CCDC88A,5,GO_BP,100
GO_Biological_Process_2021_fixed.gmt,positive regulation of cold-induced thermogenesis (GO:0120162),1/97,0.43730196794433,0.4760794032054163,2.620903034789045,2.1678309876945083,SYK,5,GO_BP,100
GO_Biological_Process_2021_fixed.gmt,positive regulation of collagen biosynthetic process (GO:0032967),1/16,0.09025321665410073,0.1690543635212763,16.406820276497697,39.46063476205768,VIM,5,GO_BP,100
GO_Biological_Process_2021_fixed.gmt,positive regulation of collagen metabolic process (GO:0010714),1/17,0.09561865576236687,0.1753951673747558,15.411428571428571,36.17659222749534,VIM,5,GO_BP,100
GO_Biological_Process_2021_fixed.gmt,positive regulation of cysteine-type endopeptidase activity (GO:2001056),1/62,0.3072596371080392,0.3625137488239473,4.122229965156794,4.864487618706505,SYK,5,GO_BP,100
GO_Biological_Process_2021_fixed.gmt,positive regulation of cysteine-type endopeptidase activity involved in apoptotic process (GO:0043280),4/119,0.005339036477595921,0.03917399545691682,6.79374471682164,35.54969644161987,SYK;BID;GSN;LGALS9,5,GO_BP,100
GO_Biological_Process_2021_fixed.gmt,positive regulation of cysteine-type endopeptidase activity involved in apoptotic signaling pathway (GO:2001269),2/8,0.0009389678101225481,0.013070898233084872,66.00044464206314,460.0712372634602,GSN;LGALS9,5,GO_BP,100
GO_Biological_Process_2021_fixed.gmt,positive regulation of cytokine production (GO:0001819),10/335,2.6960136720983665e-05,0.0009551591295434213,5.968563797000206,62.79616215914344,FCER1G;SULF2;IL1B;HLA-DPB1;LGALS9;HLA-DPA1;AIF1;SYK;TYROBP;CD74,5,GO_BP,100
GO_Biological_Process_2021_fixed.gmt,positive regulation of cytokine-mediated signaling pathway (GO:0001961),1/36,0.19181828932681072,0.2596666798747219,7.1538832997987925,11.81254049949671,CD74,5,GO_BP,100
GO_Biological_Process_2021_fixed.gmt,positive regulation of defense response (GO:0031349),4/98,0.002666220274097996,0.025628784030089263,8.315300084530854,49.28556055933933,GRN;CD1D;IL1B;PLSCR1,5,GO_BP,100
GO_Biological_Process_2021_fixed.gmt,positive regulation of defense response to bacterium (GO:1900426),1/8,0.04618140745129543,0.13317429125489844,33.925714285714285,104.32761013829499,GRN,5,GO_BP,100
GO_Biological_Process_2021_fixed.gmt,positive regulation of dendritic cell chemotaxis (GO:2000510),1/8,0.04618140745129543,0.13317429125489844,33.925714285714285,104.32761013829499,LGALS9,5,GO_BP,100
GO_Biological_Process_2021_fixed.gmt,positive regulation of dendritic cell differentiation (GO:2001200),2/5,0.00033923073874759076,0.006373426000712312,122.59702725020644,979.4068137243092,LGALS1;LGALS9,5,GO_BP,100
GO_Biological_Process_2021_fixed.gmt,positive regulation of developmental process (GO:0051094),1/177,0.6507937754279279,0.6652797044770244,1.425188182921894,0.6122073534712499,BASP1,5,GO_BP,100
GO_Biological_Process_2021_fixed.gmt,positive regulation of endothelial cell migration (GO:0010595),2/86,0.09134204609938082,0.1705785198241449,5.050278756370353,12.086044660499601,GRN;RAC1,5,GO_BP,100
GO_Biological_Process_2021_fixed.gmt,positive regulation of epidermal growth factor receptor signaling pathway (GO:0045742),1/34,0.18218836979107858,0.25157414091418423,7.582004264392324,12.909985781775939,CCDC88A,5,GO_BP,100
GO_Biological_Process_2021_fixed.gmt,positive regulation of epithelial cell apoptotic process (GO:1904037),1/23,0.12716055223147585,0.20515091185147563,11.297142857142857,23.298151942162995,GSN,5,GO_BP,100
GO_Biological_Process_2021_fixed.gmt,positive regulation of epithelial cell migration (GO:0010634),3/94,0.018023010096976082,0.09047988874595281,6.602722653628607,26.517234057283105,GRN;RAC1;CTSH,5,GO_BP,100
GO_Biological_Process_2021_fixed.gmt,positive regulation of epithelial cell proliferation (GO:0050679),1/123,0.5179848749931347,0.5461745280539856,2.060991253644315,1.3557390819704893,GRN,5,GO_BP,100
GO_Biological_Process_2021_fixed.gmt,positive regulation of epithelial to mesenchymal transition (GO:0010718),1/42,0.2200404698999564,0.2857069975664355,6.1171084337349395,9.260958359387908,IL1B,5,GO_BP,100
GO_Biological_Process_2021_fixed.gmt,positive regulation of establishment of protein localization to mitochondrion (GO:1903749),1/56,0.282159009152707,0.3414921782347292,4.56972972972973,5.782008217744046,BID,5,GO_BP,100
GO_Biological_Process_2021_fixed.gmt,positive regulation of extrinsic apoptotic signaling pathway (GO:2001238),1/29,0.15761443782098158,0.23156623566115778,8.915187969924812,16.47173245373291,BID,5,GO_BP,100
GO_Biological_Process_2021_fixed.gmt,positive regulation of fat cell differentiation (GO:0045600),1/51,0.26055658142034366,0.32180294916456786,5.023875530410184,6.756787233303926,ZNF385A,5,GO_BP,100
GO_Biological_Process_2021_fixed.gmt,positive regulation of fever generation (GO:0031622),1/6,0.03483764982618056,0.12266140012116471,46.26857142857143,155.3262124144681,IL1B,5,GO_BP,100
GO_Biological_Process_2021_fixed.gmt,positive regulation of fibroblast proliferation (GO:0048146),1/28,0.1526127557838886,0.2258231708496681,9.24,17.36982854333114,CD74,5,GO_BP,100
GO_Biological_Process_2021_fixed.gmt,positive regulation of focal adhesion assembly (GO:0051894),2/19,0.0054979689030295225,0.03918092781469315,24.49628406275805,127.4633899393196,S100A10;RAC1,5,GO_BP,100
GO_Biological_Process_2021_fixed.gmt,positive regulation of gene expression (GO:0010628),9/482,0.002101631817848389,0.022157550229300976,3.628186992355867,22.367922216201656,CD74;IL1B;LGALS9;CTSH;VIM;KLF4;TYROBP;GSN;PLSCR1,5,GO_BP,100
GO_Biological_Process_2021_fixed.gmt,positive regulation of glial cell proliferation (GO:0060252),1/5,0.02911585739723309,0.11721968562522413,56.55428571428571,200.00266631608238,IL1B,5,GO_BP,100
GO_Biological_Process_2021_fixed.gmt,positive regulation of gliogenesis (GO:0014015),1/7,0.04052610249614882,0.12720366110583672,39.14769230769231,125.5000245796484,IL1B,5,GO_BP,100
GO_Biological_Process_2021_fixed.gmt,positive regulation of granulocyte chemotaxis (GO:0071624),2/22,0.007342539848581688,0.048688499530702097,20.90723248272945,102.73961370665528,RAC1;CD74,5,GO_BP,100
GO_Biological_Process_2021_fixed.gmt,positive regulation of granulocyte macrophage colony-stimulating factor production (GO:0032725),1/14,0.07942775264447097,0.16279407153577521,18.84,47.71997621242181,IL1B,5,GO_BP,100
GO_Biological_Process_2021_fixed.gmt,positive regulation of heart contraction (GO:0045823),1/20,0.11152797501071594,0.1881560394738609,13.037802197802197,28.59815605185406,RGS2,5,GO_BP,100
GO_Biological_Process_2021_fixed.gmt,positive regulation of heat generation (GO:0031652),1/5,0.02911585739723309,0.11721968562522413,56.55428571428571,200.00266631608238,IL1B,5,GO_BP,100
GO_Biological_Process_2021_fixed.gmt,positive regulation of hemoglobin biosynthetic process (GO:0046985),1/6,0.03483764982618056,0.12266140012116471,46.26857142857143,155.3262124144681,KLF4,5,GO_BP,100
GO_Biological_Process_2021_fixed.gmt,positive regulation of heterotypic cell-cell adhesion (GO:0034116),1/15,0.08485630975545977,0.16492448917989044,17.539507389162562,43.26638537899271,IL1B,5,GO_BP,100
GO_Biological_Process_2021_fixed.gmt,positive regulation of histone acetylation (GO:0035066),2/23,0.008011227197180818,0.05228379855002218,19.93345879822557,96.21703794980094,RPS6KA4;IL1B,5,GO_BP,100
GO_Biological_Process_2021_fixed.gmt,positive regulation of histone modification (GO:0031058),2/33,0.016095153831719267,0.08421093144021895,13.596201486374897,56.141939005772784,RPS6KA4;IL1B,5,GO_BP,100
GO_Biological_Process_2021_fixed.gmt,positive regulation of histone phosphorylation (GO:0033129),2/6,0.0005068952524957986,0.008270396224931451,95.34682080924856,723.4159879243099,RPS6KA4;IL1B,5,GO_BP,100
GO_Biological_Process_2021_fixed.gmt,positive regulation of humoral immune response (GO:0002922),1/7,0.04052610249614882,0.12720366110583672,39.14769230769231,125.5000245796484,IL1B,5,GO_BP,100
GO_Biological_Process_2021_fixed.gmt,positive regulation of hydrolase activity (GO:0051345),3/149,0.05781863411293586,0.1451317941296366,4.108516456100433,11.711096762232643,RGS1;S100A10;CTSH,5,GO_BP,100
GO_Biological_Process_2021_fixed.gmt,positive regulation of icosanoid secretion (GO:0032305),1/7,0.04052610249614882,0.12720366110583672,39.14769230769231,125.5000245796484,IL1B,5,GO_BP,100
GO_Biological_Process_2021_fixed.gmt,positive regulation of immune effector process (GO:0002699),5/32,1.1240681951395399e-06,6.060193747708824e-05,35.50299401197605,486.3397564869094,HLA-DRB1;HLA-DMB;IL1B;HLA-DRA;LGALS9,5,GO_BP,100
GO_Biological_Process_2021_fixed.gmt,positive regulation of immune response (GO:0050778),8/75,1.283798548167447e-08,1.5919101997276343e-06,23.124223602484474,420.18697060576227,CD74;HLA-DRB1;HLA-DMB;LGALS9;HLA-DRA;CD1D;GRN;PLSCR1,5,GO_BP,100
GO_Biological_Process_2021_fixed.gmt,positive regulation of immune response to tumor cell (GO:0002839),1/6,0.03483764982618056,0.12266140012116471,46.26857142857143,155.3262124144681,HLA-DRB1,5,GO_BP,100
GO_Biological_Process_2021_fixed.gmt,positive regulation of immune system process (GO:0002684),1/21,0.11676934647944666,0.19383398880122338,12.400975609756097,26.631773301022733,LGALS9,5,GO_BP,100
GO_Biological_Process_2021_fixed.gmt,positive regulation of inflammatory response (GO:0050729),2/89,0.0967848492484096,0.177010638743404,4.876135425268373,11.387067481946424,GRN;IL1B,5,GO_BP,100
GO_Biological_Process_2021_fixed.gmt,positive regulation of innate immune response (GO:0045089),3/36,0.0012257942922890726,0.01583317627540052,18.10517587501091,121.38010892914392,CD1D;SPI1;PLSCR1,5,GO_BP,100
GO_Biological_Process_2021_fixed.gmt,positive regulation of insulin secretion (GO:0032024),1/38,0.20133608791107963,0.26960772031289276,6.771428571428571,10.85310817391886,HLA-DRB1,5,GO_BP,100
GO_Biological_Process_2021_fixed.gmt,positive regulation of insulin secretion involved in cellular response to glucose stimulus (GO:0035774),1/14,0.07942775264447097,0.16279407153577521,18.84,47.71997621242181,HLA-DRB1,5,GO_BP,100
GO_Biological_Process_2021_fixed.gmt,positive regulation of interferon-gamma production (GO:0032729),4/57,0.0003501083359296931,0.006479616963474917,14.728584858707073,117.19929580536777,HLA-DPA1;IL1B;HLA-DPB1;LGALS9,5,GO_BP,100
GO_Biological_Process_2021_fixed.gmt,positive regulation of interleukin-1 beta production (GO:0032731),3/56,0.0043725444539083665,0.034147979644278646,11.321582773132208,61.50348156052097,MNDA;TYROBP;LGALS9,5,GO_BP,100
GO_Biological_Process_2021_fixed.gmt,positive regulation of interleukin-1 production (GO:0032732),3/62,0.0058165455258422484,0.04121437972596793,10.17578259373925,52.37524903583977,MNDA;TYROBP;LGALS9,5,GO_BP,100
GO_Biological_Process_2021_fixed.gmt,positive regulation of interleukin-10 production (GO:0032733),2/32,0.015177186582923843,0.08077129340268484,14.042926182128305,58.81123927159372,SYK;LGALS9,5,GO_BP,100
GO_Biological_Process_2021_fixed.gmt,positive regulation of interleukin-12 production (GO:0032735),2/34,0.017036345116058747,0.0872936691897225,13.176967541129391,53.66196522197375,SYK;LGALS9,5,GO_BP,100
GO_Biological_Process_2021_fixed.gmt,positive regulation of interleukin-13 production (GO:0032736),1/11,0.06295034010487634,0.14953720637939974,24.227755102040817,66.99965481281787,LGALS9,5,GO_BP,100
GO_Biological_Process_2021_fixed.gmt,positive regulation of interleukin-2 production (GO:0032743),1/26,0.14252114696261678,0.21737542710165414,9.966050420168067,19.41650613102388,IL1B,5,GO_BP,100
GO_Biological_Process_2021_fixed.gmt,positive regulation of interleukin-4 production (GO:0032753),3/18,0.0001512394788796033,0.0037681900156122314,39.17807960762121,344.63569823181996,FCER1G;SYK;LGALS9,5,GO_BP,100
GO_Biological_Process_2021_fixed.gmt,positive regulation of interleukin-6 production (GO:0032755),6/76,5.5282351288513725e-06,0.0002538893170287297,16.516956802063184,199.94836495516714,CD74;IL1B;AIF1;SYK;TYROBP;LGALS9,5,GO_BP,100
GO_Biological_Process_2021_fixed.gmt,positive regulation of interleukin-8 production (GO:0032757),4/61,0.000454326970766945,0.008048077767871597,13.700282994597377,105.44687796590422,IL1B;SYK;LGALS9;CD74,5,GO_BP,100
GO_Biological_Process_2021_fixed.gmt,positive regulation of intracellular protein transport (GO:0090316),2/148,0.2168765172777275,0.28337922173275243,2.900727968592791,4.433551330364053,IL1B;BID,5,GO_BP,100
GO_Biological_Process_2021_fixed.gmt,positive regulation of intracellular signal transduction (GO:1902533),7/546,0.041976293368951374,0.13012650944374926,2.4409956958556265,7.739543646641506,HLA-DRB1;IL1B;LGALS9;BID;LGALS1;RAC1;CD74,5,GO_BP,100
GO_Biological_Process_2021_fixed.gmt,positive regulation of intrinsic apoptotic signaling pathway (GO:2001244),1/40,0.21074305613377056,0.27770604633993146,6.427703435804702,10.008677491323533,BID,5,GO_BP,100
GO_Biological_Process_2021_fixed.gmt,positive regulation of isomerase activity (GO:0010912),1/8,0.04618140745129543,0.13317429125489844,33.925714285714285,104.32761013829499,PLSCR1,5,GO_BP,100
GO_Biological_Process_2021_fixed.gmt,positive regulation of killing of cells of other organism (GO:0051712),1/6,0.03483764982618056,0.12266140012116471,46.26857142857143,155.3262124144681,SYK,5,GO_BP,100
GO_Biological_Process_2021_fixed.gmt,positive regulation of kinase activity (GO:0033674),2/114,0.14522461044541954,0.2209552355243193,3.786127167630058,7.305232785438665,HLA-DRB1;CD74,5,GO_BP,100
GO_Biological_Process_2021_fixed.gmt,positive regulation of lamellipodium assembly (GO:0010592),1/24,0.13231073805711827,0.2092669836617687,10.815683890577507,21.875824373563766,RAC1,5,GO_BP,100
GO_Biological_Process_2021_fixed.gmt,positive regulation of lamellipodium organization (GO:1902745),1/32,0.1724450238621847,0.24521998806090484,8.064489795918368,14.174766582278064,RAC1,5,GO_BP,100
GO_Biological_Process_2021_fixed.gmt,positive regulation of leukocyte apoptotic process (GO:2000108),1/11,0.06295034010487634,0.14953720637939974,24.227755102040817,66.99965481281787,LGALS9,5,GO_BP,100
GO_Biological_Process_2021_fixed.gmt,positive regulation of leukocyte cell-cell adhesion (GO:1903039),2/31,0.014282744993701031,0.07666928048566787,14.519937297932792,61.69090281417934,HLA-DPA1;HLA-DPB1,5,GO_BP,100
GO_Biological_Process_2021_fixed.gmt,positive regulation of leukocyte chemotaxis (GO:0002690),2/54,0.04029565728533218,0.12720366110583672,8.146160198183319,26.161487772385193,AIF1;LGALS9,5,GO_BP,100
GO_Biological_Process_2021_fixed.gmt,positive regulation of leukocyte degranulation (GO:0043302),1/14,0.07942775264447097,0.16279407153577521,18.84,47.71997621242181,SYK,5,GO_BP,100
GO_Biological_Process_2021_fixed.gmt,positive regulation of leukocyte differentiation (GO:1902107),2/8,0.0009389678101225481,0.013070898233084872,66.00044464206314,460.0712372634602,LGALS1;LGALS9,5,GO_BP,100
GO_Biological_Process_2021_fixed.gmt,positive regulation of leukocyte mediated cytotoxicity (GO:0001912),6/43,1.8007172568052722e-07,1.3955558740240859e-05,31.12121212121212,483.3096416769149,CD1C;HLA-DRB1;HLA-DRA;CD1D;SPI1;TYROBP,5,GO_BP,100
GO_Biological_Process_2021_fixed.gmt,positive regulation of leukocyte migration (GO:0002687),1/29,0.15761443782098158,0.23156623566115778,8.915187969924812,16.47173245373291,AIF1,5,GO_BP,100
GO_Biological_Process_2021_fixed.gmt,positive regulation of lipid catabolic process (GO:0050996),1/22,0.1219801467952022,0.19980895908329024,11.823388704318937,24.875191772751066,IL1B,5,GO_BP,100
GO_Biological_Process_2021_fixed.gmt,positive regulation of lipid metabolic process (GO:0045834),1/25,0.13743087854199543,0.21408830325637476,10.373527696793003,20.58765773573744,IL1B,5,GO_BP,100
GO_Biological_Process_2021_fixed.gmt,positive regulation of lipopolysaccharide-mediated signaling pathway (GO:0031666),1/7,0.04052610249614882,0.12720366110583672,39.14769230769231,125.5000245796484,LY86,5,GO_BP,100
GO_Biological_Process_2021_fixed.gmt,positive regulation of lipoprotein particle clearance (GO:0010986),1/6,0.03483764982618056,0.12266140012116471,46.26857142857143,155.3262124144681,ANXA2,5,GO_BP,100
GO_Biological_Process_2021_fixed.gmt,positive regulation of locomotion (GO:0040017),1/31,0.1675304039472078,0.2406616595377294,8.329461358313818,14.881335933878487,AIF1,5,GO_BP,100
GO_Biological_Process_2021_fixed.gmt,positive regulation of low-density lipoprotein receptor activity (GO:1905599),1/5,0.02911585739723309,0.11721968562522413,56.55428571428571,200.00266631608238,ANXA2,5,GO_BP,100
GO_Biological_Process_2021_fixed.gmt,positive regulation of lymphocyte activation (GO:0051251),3/35,0.0011284251388064628,0.015209208392608848,18.663517768780927,126.66803159165724,HLA-DPA1;HLA-DPB1;TYROBP,5,GO_BP,100
GO_Biological_Process_2021_fixed.gmt,positive regulation of lymphocyte differentiation (GO:0045621),1/20,0.11152797501071594,0.1881560394738609,13.037802197802197,28.59815605185406,SYK,5,GO_BP,100
GO_Biological_Process_2021_fixed.gmt,positive regulation of lymphocyte migration (GO:2000403),1/14,0.07942775264447097,0.16279407153577521,18.84,47.71997621242181,AIF1,5,GO_BP,100
GO_Biological_Process_2021_fixed.gmt,positive regulation of lymphocyte proliferation (GO:0050671),8/75,1.283798548167447e-08,1.5919101997276343e-06,23.124223602484474,420.18697060576227,HLA-DMB;IL1B;HLA-DPB1;HLA-DPA1;CD1D;AIF1;TNFSF13B;CD74,5,GO_BP,100
GO_Biological_Process_2021_fixed.gmt,positive regulation of macromolecule biosynthetic process (GO:0010557),3/129,0.04062310467573495,0.12720366110583672,4.764556318332062,15.262866870824318,KLF4;IL1B;VIM,5,GO_BP,100
GO_Biological_Process_2021_fixed.gmt,positive regulation of macromolecule metabolic process (GO:0010604),9/384,0.0004256548926738863,0.0076494502451538975,4.606277583766718,35.753381457341554,ANXA2;CD74;IL1B;LGALS9;CTSH;KLF4;TYROBP;GSN;PLSCR1,5,GO_BP,100
GO_Biological_Process_2021_fixed.gmt,positive regulation of macrophage cytokine production (GO:0060907),1/9,0.051803755642352164,0.13904038310934347,29.932436974789915,88.6087725623409,CD74,5,GO_BP,100
GO_Biological_Process_2021_fixed.gmt,positive regulation of mast cell activation involved in immune response (GO:0033008),1/5,0.02911585739723309,0.11721968562522413,56.55428571428571,200.00266631608238,SYK,5,GO_BP,100
GO_Biological_Process_2021_fixed.gmt,positive regulation of mast cell degranulation (GO:0043306),1/9,0.051803755642352164,0.13904038310934347,29.932436974789915,88.6087725623409,SYK,5,GO_BP,100
GO_Biological_Process_2021_fixed.gmt,positive regulation of membrane protein ectodomain proteolysis (GO:0051044),1/15,0.08485630975545977,0.16492448917989044,17.539507389162562,43.26638537899271,IL1B,5,GO_BP,100
GO_Biological_Process_2021_fixed.gmt,positive regulation of memory T cell differentiation (GO:0043382),2/9,0.0012026219228415543,0.015697380887616078,57.19653179190752,384.54664928917884,HLA-DRA;HLA-DRB1,5,GO_BP,100
GO_Biological_Process_2021_fixed.gmt,positive regulation of metabolic process (GO:0009893),1/113,0.48840478138093146,0.5207411254620422,2.2457142857142856,1.6093029916237747,SYK,5,GO_BP,100
GO_Biological_Process_2021_fixed.gmt,positive regulation of microtubule polymerization (GO:0031116),1/28,0.1526127557838886,0.2258231708496681,9.24,17.36982854333114,RAC1,5,GO_BP,100
GO_Biological_Process_2021_fixed.gmt,positive regulation of microtubule polymerization or depolymerization (GO:0031112),1/26,0.14252114696261678,0.21737542710165414,9.966050420168067,19.41650613102388,RAC1,5,GO_BP,100
GO_Biological_Process_2021_fixed.gmt,positive regulation of mitochondrial outer membrane permeabilization involved in apoptotic signaling pathway (GO:1901030),1/34,0.18218836979107858,0.25157414091418423,7.582004264392324,12.909985781775939,BID,5,GO_BP,100
GO_Biological_Process_2021_fixed.gmt,positive regulation of mitochondrion organization (GO:0010822),1/58,0.2906242113314079,0.3471811387774045,4.4101863354037265,5.449774053241523,BID,5,GO_BP,100
GO_Biological_Process_2021_fixed.gmt,positive regulation of mitotic cell cycle phase transition (GO:1901992),1/58,0.2906242113314079,0.3471811387774045,4.4101863354037265,5.449774053241523,AIF1,5,GO_BP,100
GO_Biological_Process_2021_fixed.gmt,positive regulation of mitotic nuclear division (GO:0045840),1/36,0.19181828932681072,0.2596666798747219,7.1538832997987925,11.81254049949671,IL1B,5,GO_BP,100
GO_Biological_Process_2021_fixed.gmt,positive regulation of monocyte chemotactic protein-1 production (GO:0071639),3/8,1.083179511634022e-05,0.0004368621666033067,110.48538011695906,1263.1820861238662,IL1B;SYK;LGALS9,5,GO_BP,100
GO_Biological_Process_2021_fixed.gmt,positive regulation of monocyte chemotaxis (GO:0090026),1/19,0.10625585510518272,0.18376186935903288,13.743474903474903,30.811570131162792,AIF1,5,GO_BP,100
GO_Biological_Process_2021_fixed.gmt,positive regulation of monocyte differentiation (GO:0045657),2/10,0.0014975240285219813,0.017354484068852868,50.46412784767086,328.21576980375875,HLA-DRB1;CD74,5,GO_BP,100
GO_Biological_Process_2021_fixed.gmt,positive regulation of mononuclear cell migration (GO:0071677),2/31,0.014282744993701031,0.07666928048566787,14.519937297932792,61.69090281417934,AIF1;LGALS9,5,GO_BP,100
GO_Biological_Process_2021_fixed.gmt,positive regulation of monooxygenase activity (GO:0032770),1/28,0.1526127557838886,0.2258231708496681,9.24,17.36982854333114,IL1B,5,GO_BP,100
GO_Biological_Process_2021_fixed.gmt,positive regulation of multicellular organismal process (GO:0051240),2/345,0.6067445489364729,0.6259261569727341,1.2205618800010096,0.6098505924025239,IL1B;SYK,5,GO_BP,100
GO_Biological_Process_2021_fixed.gmt,positive regulation of myeloid leukocyte cytokine production involved in immune response (GO:0061081),1/16,0.09025321665410073,0.1690543635212763,16.406820276497697,39.46063476205768,CD74,5,GO_BP,100
GO_Biological_Process_2021_fixed.gmt,positive regulation of myeloid leukocyte differentiation (GO:0002763),2/36,0.01898720660690631,0.09305982684807836,12.411409901985424,49.19870303808945,HLA-DRB1;CD74,5,GO_BP,100
GO_Biological_Process_2021_fixed.gmt,positive regulation of myeloid leukocyte mediated immunity (GO:0002888),2/12,0.002179599733813777,0.022157550229300976,40.846407927332784,250.33186859159937,SPI1;TYROBP,5,GO_BP,100
GO_Biological_Process_2021_fixed.gmt,positive regulation of natural killer cell activation (GO:0032816),1/15,0.08485630975545977,0.16492448917989044,17.539507389162562,43.26638537899271,TYROBP,5,GO_BP,100
GO_Biological_Process_2021_fixed.gmt,positive regulation of nervous system development (GO:0051962),1/45,0.2337839312938716,0.29824287531316956,5.7035634028892455,8.289319276132373,SERPINF1,5,GO_BP,100
GO_Biological_Process_2021_fixed.gmt,positive regulation of neurogenesis (GO:0050769),1/72,0.34717969305269336,0.39568273840564316,3.5432967032967033,3.7484988857969856,SERPINF1,5,GO_BP,100
GO_Biological_Process_2021_fixed.gmt,positive regulation of neuroinflammatory response (GO:0150078),1/12,0.06847495286588197,0.1520745156932656,22.119503105590063,59.30874170143665,IL1B,5,GO_BP,100
GO_Biological_Process_2021_fixed.gmt,positive regulation of neuron apoptotic process (GO:0043525),2/24,0.008706278241701648,0.05536300010107715,19.046242774566473,90.3498690080592,GRN;TYROBP,5,GO_BP,100
GO_Biological_Process_2021_fixed.gmt,positive regulation of neuron death (GO:1901216),2/47,0.031252745157039255,0.12266140012116471,9.403862033919838,32.59047622971486,GRN;TYROBP,5,GO_BP,100
GO_Biological_Process_2021_fixed.gmt,positive regulation of neutrophil chemotaxis (GO:0090023),2/19,0.0054979689030295225,0.03918092781469315,24.49628406275805,127.4633899393196,RAC1;CD74,5,GO_BP,100
GO_Biological_Process_2021_fixed.gmt,positive regulation of neutrophil migration (GO:1902624),2/22,0.007342539848581688,0.048688499530702097,20.90723248272945,102.73961370665528,RAC1;CD74,5,GO_BP,100
GO_Biological_Process_2021_fixed.gmt,positive regulation of nitric oxide biosynthetic process (GO:0045429),2/27,0.010946362189661637,0.06402589205273787,16.80210812648759,75.85728570710853,KLF4;IL1B,5,GO_BP,100
GO_Biological_Process_2021_fixed.gmt,positive regulation of nitric oxide metabolic process (GO:1904407),2/28,0.011743630851457207,0.0671064620083269,16.166975678918092,71.85322194331387,KLF4;IL1B,5,GO_BP,100
GO_Biological_Process_2021_fixed.gmt,positive regulation of nitrogen compound metabolic process (GO:0051173),1/20,0.11152797501071594,0.1881560394738609,13.037802197802197,28.59815605185406,KLF4,5,GO_BP,100
GO_Biological_Process_2021_fixed.gmt,positive regulation of nuclear division (GO:0051785),1/27,0.14758171560773037,0.22262935201166137,9.58932614555256,18.347960156261912,IL1B,5,GO_BP,100
GO_Biological_Process_2021_fixed.gmt,positive regulation of nucleic acid-templated transcription (GO:1903508),4/511,0.35512515773965675,0.4021508635590634,1.5050281283703035,1.5581330377936706,KLF4;IL1B;HLA-DRB1;CD74,5,GO_BP,100
GO_Biological_Process_2021_fixed.gmt,positive regulation of nucleocytoplasmic transport (GO:0046824),1/46,0.2383116652480846,0.3018452144102399,5.577833594976452,7.999594762288013,IL1B,5,GO_BP,100
GO_Biological_Process_2021_fixed.gmt,positive regulation of organelle assembly (GO:1902117),2/46,0.030035903354288573,0.11975729954764576,9.615834253425993,33.70697839799296,CAPG;CCDC88A,5,GO_BP,100
GO_Biological_Process_2021_fixed.gmt,positive regulation of organelle organization (GO:0010638),1/33,0.17733095730063678,0.24846371418394303,7.815824175824176,13.519323991183047,ANXA2,5,GO_BP,100
GO_Biological_Process_2021_fixed.gmt,positive regulation of osteoclast differentiation (GO:0045672),1/15,0.08485630975545977,0.16492448917989044,17.539507389162562,43.26638537899271,TYROBP,5,GO_BP,100
GO_Biological_Process_2021_fixed.gmt,positive regulation of p38MAPK cascade (GO:1900745),2/24,0.008706278241701648,0.05536300010107715,19.046242774566473,90.3498690080592,IL1B;SPI1,5,GO_BP,100
GO_Biological_Process_2021_fixed.gmt,positive regulation of peptidase activity (GO:0010952),2/22,0.007342539848581688,0.048688499530702097,20.90723248272945,102.73961370665528,GRN;CTSH,5,GO_BP,100
GO_Biological_Process_2021_fixed.gmt,positive regulation of peptidyl-lysine acetylation (GO:2000758),2/20,0.006085576900052406,0.0423939064947471,23.17059834400875,118.21254064207064,RPS6KA4;IL1B,5,GO_BP,100
GO_Biological_Process_2021_fixed.gmt,positive regulation of peptidyl-tyrosine phosphorylation (GO:0050731),1/134,0.5485724706329606,0.5740336401560093,1.8897592295345105,1.1346792513900048,CD74,5,GO_BP,100
GO_Biological_Process_2021_fixed.gmt,positive regulation of phagocytosis (GO:0050766),2/53,0.03894936533149995,0.12720366110583672,8.304899264829675,26.953490779025827,FCER1G;IL1B,5,GO_BP,100
GO_Biological_Process_2021_fixed.gmt,positive regulation of phosphoprotein phosphatase activity (GO:0032516),1/18,0.10095280846296417,0.17960040529996493,14.529795918367347,33.31830574037534,CD33,5,GO_BP,100
GO_Biological_Process_2021_fixed.gmt,positive regulation of phosphorylation (GO:0042327),4/253,0.06229798608407413,0.14953720637939974,3.116398477428229,8.650580480363924,IL1B;RAC1;HLA-DRB1;CD74,5,GO_BP,100
GO_Biological_Process_2021_fixed.gmt,positive regulation of plasma membrane bounded cell projection assembly (GO:0120034),2/83,0.08599457171419449,0.16635455370608604,5.2372424554062205,12.849423030673558,RAC1;CCDC88A,5,GO_BP,100
GO_Biological_Process_2021_fixed.gmt,positive regulation of podosome assembly (GO:0071803),1/7,0.04052610249614882,0.12720366110583672,39.14769230769231,125.5000245796484,CAPG,5,GO_BP,100
GO_Biological_Process_2021_fixed.gmt,positive regulation of pri-miRNA transcription by RNA polymerase II (GO:1902895),2/34,0.017036345116058747,0.0872936691897225,13.176967541129391,53.66196522197375,KLF4;SPI1,5,GO_BP,100
GO_Biological_Process_2021_fixed.gmt,positive regulation of programmed cell death (GO:0043068),3/286,0.23772910813827614,0.3018452144102399,2.1033138401559452,3.021669995264613,SYK;BID;MNDA,5,GO_BP,100
GO_Biological_Process_2021_fixed.gmt,positive regulation of prostaglandin biosynthetic process (GO:0031394),2/5,0.00033923073874759076,0.006373426000712312,122.59702725020644,979.4068137243092,IL1B;CD74,5,GO_BP,100
GO_Biological_Process_2021_fixed.gmt,positive regulation of prostaglandin secretion (GO:0032308),1/5,0.02911585739723309,0.11721968562522413,56.55428571428571,200.00266631608238,IL1B,5,GO_BP,100
GO_Biological_Process_2021_fixed.gmt,positive regulation of proteasomal protein catabolic process (GO:1901800),1/86,0.3992734179030658,0.4408718060550326,2.960300751879699,2.7178782860197166,GABARAP,5,GO_BP,100
GO_Biological_Process_2021_fixed.gmt,positive regulation of proteasomal ubiquitin-dependent protein catabolic process (GO:0032436),1/79,0.37376185288112396,0.41753576357891325,3.2258052775250228,3.1746325264269712,GABARAP,5,GO_BP,100
GO_Biological_Process_2021_fixed.gmt,positive regulation of protein catabolic process (GO:0045732),1/85,0.3956928205565113,0.4384799798838909,2.9955367709213863,2.7772132873392654,IL1B,5,GO_BP,100
GO_Biological_Process_2021_fixed.gmt,positive regulation of protein export from nucleus (GO:0046827),1/15,0.08485630975545977,0.16492448917989044,17.539507389162562,43.26638537899271,IL1B,5,GO_BP,100
GO_Biological_Process_2021_fixed.gmt,positive regulation of protein insertion into mitochondrial membrane involved in apoptotic signaling pathway (GO:1900740),1/26,0.14252114696261678,0.21737542710165414,9.966050420168067,19.41650613102388,BID,5,GO_BP,100
GO_Biological_Process_2021_fixed.gmt,positive regulation of protein kinase B signaling (GO:0051897),1/161,0.6157528811061549,0.6325878811695378,1.5689719626168224,0.760809508709574,RAC1,5,GO_BP,100
GO_Biological_Process_2021_fixed.gmt,positive regulation of protein kinase activity (GO:0045860),1/154,0.5993499319392184,0.6203622000038654,1.6413029315960912,0.8401988222017789,CCDC88A,5,GO_BP,100
GO_Biological_Process_2021_fixed.gmt,positive regulation of protein localization to cell surface (GO:2000010),1/13,0.0739673618540095,0.15786493751974487,20.34857142857143,52.990352563030946,TYROBP,5,GO_BP,100
GO_Biological_Process_2021_fixed.gmt,positive regulation of protein localization to cilium (GO:1903566),1/5,0.02911585739723309,0.11721968562522413,56.55428571428571,200.00266631608238,CCDC88A,5,GO_BP,100
GO_Biological_Process_2021_fixed.gmt,positive regulation of protein localization to membrane (GO:1905477),1/101,0.45053205725678924,0.4869748703205633,2.51590618336887,2.005997527236693,BID,5,GO_BP,100
GO_Biological_Process_2021_fixed.gmt,positive regulation of protein metabolic process (GO:0051247),2/115,0.1472566480378828,0.22262935201166137,3.7525145781874665,7.188235532074707,KLF4;IL1B,5,GO_BP,100
GO_Biological_Process_2021_fixed.gmt,positive regulation of protein modification process (GO:0031401),4/214,0.0376121163269707,0.12720366110583672,3.7036500864383197,12.149561289242547,IL1B;RAC1;HLA-DRB1;CD74,5,GO_BP,100
GO_Biological_Process_2021_fixed.gmt,positive regulation of protein phosphorylation (GO:0001934),5/371,0.06794407147470187,0.1520745156932656,2.6030095334569605,6.999675862712715,HLA-DRB1;RPS6KA4;IL1B;RAC1;CD74,5,GO_BP,100
GO_Biological_Process_2021_fixed.gmt,positive regulation of protein polymerization (GO:0032273),1/69,0.3354486689015952,0.3858593222986809,3.699228362877998,4.040616583709494,RAC1,5,GO_BP,100
GO_Biological_Process_2021_fixed.gmt,positive regulation of protein polyubiquitination (GO:1902916),1/9,0.051803755642352164,0.13904038310934347,29.932436974789915,88.6087725623409,GABARAP,5,GO_BP,100
GO_Biological_Process_2021_fixed.gmt,positive regulation of protein processing (GO:0010954),1/20,0.11152797501071594,0.1881560394738609,13.037802197802197,28.59815605185406,GSN,5,GO_BP,100
GO_Biological_Process_2021_fixed.gmt,positive regulation of protein secretion (GO:0050714),1/72,0.34717969305269336,0.39568273840564316,3.5432967032967033,3.7484988857969856,CD33,5,GO_BP,100
GO_Biological_Process_2021_fixed.gmt,positive regulation of protein serine/threonine kinase activity (GO:0071902),1/106,0.4666379220954279,0.5009792410375157,2.3958564658090724,1.8261257500941677,IL1B,5,GO_BP,100
GO_Biological_Process_2021_fixed.gmt,positive regulation of protein transport (GO:0051222),1/69,0.3354486689015952,0.3858593222986809,3.699228362877998,4.040616583709494,CD33,5,GO_BP,100
GO_Biological_Process_2021_fixed.gmt,positive regulation of protein-containing complex assembly (GO:0031334),3/118,0.03247210718417978,0.12266140012116471,5.222222222222222,17.89850761508054,SYK;BID;CAPG,5,GO_BP,100
GO_Biological_Process_2021_fixed.gmt,positive regulation of proteolysis (GO:0045862),2/57,0.04443839878408481,0.13317429125489844,7.704264958600219,23.988394956907346,IL1B;CTSH,5,GO_BP,100
GO_Biological_Process_2021_fixed.gmt,positive regulation of reactive oxygen species metabolic process (GO:2000379),3/49,0.002993480451228664,0.025957452863801002,13.032069420863987,75.73350661431537,SYK;GSTP1;TYROBP,5,GO_BP,100
GO_Biological_Process_2021_fixed.gmt,positive regulation of receptor binding (GO:1900122),1/6,0.03483764982618056,0.12266140012116471,46.26857142857143,155.3262124144681,ANXA2,5,GO_BP,100
GO_Biological_Process_2021_fixed.gmt,positive regulation of receptor recycling (GO:0001921),1/10,0.05739333693277774,0.1449444761642452,26.77984962406015,76.53217901759103,ANXA2,5,GO_BP,100
GO_Biological_Process_2021_fixed.gmt,positive regulation of receptor-mediated endocytosis (GO:0048260),1/44,0.22922959059504416,0.29516582797285024,5.8350738916256155,8.595245888832943,ANXA2,5,GO_BP,100
GO_Biological_Process_2021_fixed.gmt,positive regulation of regulatory T cell differentiation (GO:0045591),2/14,0.0029822815780102077,0.025957452863801002,34.30635838150289,199.49376020551287,HLA-DRA;HLA-DRB1,5,GO_BP,100
GO_Biological_Process_2021_fixed.gmt,positive regulation of release of cytochrome c from mitochondria (GO:0090200),1/25,0.13743087854199543,0.21408830325637476,10.373527696793003,20.58765773573744,BID,5,GO_BP,100
GO_Biological_Process_2021_fixed.gmt,positive regulation of response to biotic stimulus (GO:0002833),4/45,0.00013935427743603558,0.0036765809366103,19.00285164325943,168.71664935799615,CD1D;GRN;LY86;PLSCR1,5,GO_BP,100
GO_Biological_Process_2021_fixed.gmt,positive regulation of response to cytokine stimulus (GO:0060760),1/15,0.08485630975545977,0.16492448917989044,17.539507389162562,43.26638537899271,CD74,5,GO_BP,100
GO_Biological_Process_2021_fixed.gmt,positive regulation of response to external stimulus (GO:0032103),6/139,0.00016891093864381402,0.0041068541944770465,8.685257065032346,75.44134987634973,IL1B;CD1D;GRN;AIF1;LY86;PLSCR1,5,GO_BP,100
GO_Biological_Process_2021_fixed.gmt,positive regulation of response to wounding (GO:1903036),1/28,0.1526127557838886,0.2258231708496681,9.24,17.36982854333114,GRN,5,GO_BP,100
GO_Biological_Process_2021_fixed.gmt,positive regulation of secretion by cell (GO:1903532),2/72,0.06728596827138732,0.1520745156932656,6.058910343131227,16.351808799486772,CD33;IL1B,5,GO_BP,100
GO_Biological_Process_2021_fixed.gmt,positive regulation of signal transduction (GO:0009967),5/252,0.016561341239001562,0.08628597956454595,3.8862275449101795,15.936191660220441,ENHO;SULF2;IL1B;LY86;CD74,5,GO_BP,100
GO_Biological_Process_2021_fixed.gmt,positive regulation of signaling (GO:0023056),1/38,0.20133608791107963,0.26960772031289276,6.771428571428571,10.85310817391886,ANXA2,5,GO_BP,100
GO_Biological_Process_2021_fixed.gmt,positive regulation of smooth muscle cell migration (GO:0014911),1/17,0.09561865576236687,0.1753951673747558,15.411428571428571,36.17659222749534,AIF1,5,GO_BP,100
GO_Biological_Process_2021_fixed.gmt,positive regulation of smooth muscle cell proliferation (GO:0048661),1/46,0.2383116652480846,0.3018452144102399,5.577833594976452,7.999594762288013,AIF1,5,GO_BP,100
GO_Biological_Process_2021_fixed.gmt,positive regulation of sprouting angiogenesis (GO:1903672),1/15,0.08485630975545977,0.16492448917989044,17.539507389162562,43.26638537899271,KLF4,5,GO_BP,100
GO_Biological_Process_2021_fixed.gmt,positive regulation of stress fiber assembly (GO:0051496),3/44,0.002197886030809694,0.022157550229300976,14.607130275487917,89.39942455932899,S100A10;RAC1;CCDC88A,5,GO_BP,100
GO_Biological_Process_2021_fixed.gmt,positive regulation of stress-activated MAPK cascade (GO:0032874),2/99,0.11555403524262581,0.19383398880122338,4.373054690973766,9.437126456114251,IL1B;SPI1,5,GO_BP,100
GO_Biological_Process_2021_fixed.gmt,positive regulation of striated muscle contraction (GO:0045989),1/7,0.04052610249614882,0.12720366110583672,39.14769230769231,125.5000245796484,RGS2,5,GO_BP,100
GO_Biological_Process_2021_fixed.gmt,positive regulation of substrate adhesion-dependent cell spreading (GO:1900026),2/36,0.01898720660690631,0.09305982684807836,12.411409901985424,49.19870303808945,S100A10;RAC1,5,GO_BP,100
GO_Biological_Process_2021_fixed.gmt,positive regulation of superoxide anion generation (GO:0032930),3/14,6.862559040600612e-05,0.0021819418488063487,52.81947622679888,506.37213446229714,SYK;GSTP1;TYROBP,5,GO_BP,100
GO_Biological_Process_2021_fixed.gmt,positive regulation of supramolecular fiber organization (GO:1902905),2/91,0.1004639156737254,0.17960040529996493,4.76652565634385,10.953269396021339,RAC1;GPX1,5,GO_BP,100
GO_Biological_Process_2021_fixed.gmt,positive regulation of synapse assembly (GO:0051965),1/28,0.1526127557838886,0.2258231708496681,9.24,17.36982854333114,SEMA4A,5,GO_BP,100
GO_Biological_Process_2021_fixed.gmt,positive regulation of syncytium formation by plasma membrane fusion (GO:0060143),1/16,0.09025321665410073,0.1690543635212763,16.406820276497697,39.46063476205768,TYROBP,5,GO_BP,100
GO_Biological_Process_2021_fixed.gmt,positive regulation of telomerase activity (GO:0051973),1/34,0.18218836979107858,0.25157414091418423,7.582004264392324,12.909985781775939,KLF4,5,GO_BP,100
GO_Biological_Process_2021_fixed.gmt,positive regulation of transcription by RNA polymerase II (GO:0045944),4/908,0.7903538653760434,0.7967795065579624,0.8210721540227854,0.19317734292904884,KLF4;RPS6KA4;SPI1;PLSCR1,5,GO_BP,100
GO_Biological_Process_2021_fixed.gmt,"positive regulation of transcription, DNA-templated (GO:0045893)",7/1183,0.5521656334570363,0.5773063958572724,1.0695261759560306,0.6351993147815552,CD74;HLA-DRB1;RPS6KA4;IL1B;KLF4;SPI1;PLSCR1,5,GO_BP,100
GO_Biological_Process_2021_fixed.gmt,positive regulation of transferase activity (GO:0051347),3/148,0.056888281263029576,0.1449444761642452,4.1370350274311205,11.85949729095909,KLF4;HLA-DRB1;CD74,5,GO_BP,100
GO_Biological_Process_2021_fixed.gmt,positive regulation of transforming growth factor beta production (GO:0071636),1/11,0.06295034010487634,0.14953720637939974,24.227755102040817,66.99965481281787,LGALS9,5,GO_BP,100
GO_Biological_Process_2021_fixed.gmt,positive regulation of translation (GO:0045727),1/100,0.4472536533676169,0.48436203508807424,2.5413639626704954,2.044856130256685,VIM,5,GO_BP,100
GO_Biological_Process_2021_fixed.gmt,positive regulation of transport (GO:0051050),4/91,0.002035140577085235,0.02194412448335384,8.984784446322909,55.68041976250531,FCER1G;IL1B;BID;ANXA2,5,GO_BP,100
GO_Biological_Process_2021_fixed.gmt,positive regulation of tumor necrosis factor production (GO:0032760),3/77,0.01056181983866665,0.0626634287078787,8.118725224694847,36.94433774326935,SYK;TYROBP;LGALS9,5,GO_BP,100
GO_Biological_Process_2021_fixed.gmt,positive regulation of tumor necrosis factor superfamily cytokine production (GO:1903557),3/81,0.012113834242605854,0.06827797482196027,7.702946325473982,33.99623841697858,SYK;TYROBP;LGALS9,5,GO_BP,100
GO_Biological_Process_2021_fixed.gmt,positive regulation of type 2 immune response (GO:0002830),1/14,0.07942775264447097,0.16279407153577521,18.84,47.71997621242181,CD74,5,GO_BP,100
GO_Biological_Process_2021_fixed.gmt,positive regulation of ubiquitin-dependent protein catabolic process (GO:2000060),1/79,0.37376185288112396,0.41753576357891325,3.2258052775250228,3.1746325264269712,GABARAP,5,GO_BP,100
GO_Biological_Process_2021_fixed.gmt,positive regulation of unsaturated fatty acid biosynthetic process (GO:2001280),2/7,0.0007069338063709959,0.010682135813786828,78.00578034682081,565.8986687073528,IL1B;CD74,5,GO_BP,100
GO_Biological_Process_2021_fixed.gmt,positive regulation of vacuole organization (GO:0044090),2/11,0.0018233052117919125,0.020186593416267603,45.14907210222087,284.75991015981776,GRN;ANXA2,5,GO_BP,100
GO_Biological_Process_2021_fixed.gmt,positive regulation of vascular endothelial growth factor production (GO:0010575),2/25,0.00942736642006557,0.05789768116598829,18.23453449760177,85.04839434539905,IL1B;SULF2,5,GO_BP,100
GO_Biological_Process_2021_fixed.gmt,positive regulation of vascular endothelial growth factor receptor signaling pathway (GO:0030949),1/10,0.05739333693277774,0.1449444761642452,26.77984962406015,76.53217901759103,IL1B,5,GO_BP,100
GO_Biological_Process_2021_fixed.gmt,positive regulation of vasculature development (GO:1904018),3/102,0.022327341782019543,0.10607625980729592,6.068559170119604,23.072317650946882,GRN;IL1B;CTSH,5,GO_BP,100
GO_Biological_Process_2021_fixed.gmt,positive regulation of vesicle fusion (GO:0031340),1/7,0.04052610249614882,0.12720366110583672,39.14769230769231,125.5000245796484,ANXA2,5,GO_BP,100
GO_Biological_Process_2021_fixed.gmt,positive regulation of viral entry into host cell (GO:0046598),4/10,2.298850737880859e-07,1.5836527305401473e-05,121.61265361857077,1858.932877226181,LGALS1;CD74;HLA-DRB1;LGALS9,5,GO_BP,100
GO_Biological_Process_2021_fixed.gmt,positive regulation of viral life cycle (GO:1903902),4/24,1.0921554165082669e-05,0.0004368621666033067,38.523740799538174,440.1249658144893,LGALS1;LGALS9;HLA-DRB1;CD74,5,GO_BP,100
GO_Biological_Process_2021_fixed.gmt,post-Golgi vesicle-mediated transport (GO:0006892),1/89,0.4098898402051868,0.45058812221137556,2.859370460048426,2.55017769033571,AP1S2,5,GO_BP,100
GO_Biological_Process_2021_fixed.gmt,post-translational protein modification (GO:0043687),2/345,0.6067445489364729,0.6259261569727341,1.2205618800010096,0.6098505924025239,LGALS1;CST3,5,GO_BP,100
GO_Biological_Process_2021_fixed.gmt,posttranscriptional regulation of gene expression (GO:0010608),1/46,0.2383116652480846,0.3018452144102399,5.577833594976452,7.999594762288013,ZNF385A,5,GO_BP,100
GO_Biological_Process_2021_fixed.gmt,prostaglandin biosynthetic process (GO:0001516),1/19,0.10625585510518272,0.18376186935903288,13.743474903474903,30.811570131162792,CD74,5,GO_BP,100
GO_Biological_Process_2021_fixed.gmt,prostaglandin metabolic process (GO:0006693),2/31,0.014282744993701031,0.07666928048566787,14.519937297932792,61.69090281417934,GSTP1;CD74,5,GO_BP,100
GO_Biological_Process_2021_fixed.gmt,prostanoid biosynthetic process (GO:0046457),1/15,0.08485630975545977,0.16492448917989044,17.539507389162562,43.26638537899271,CD74,5,GO_BP,100
GO_Biological_Process_2021_fixed.gmt,prostanoid metabolic process (GO:0006692),1/18,0.10095280846296417,0.17960040529996493,14.529795918367347,33.31830574037534,GSTP1,5,GO_BP,100
GO_Biological_Process_2021_fixed.gmt,proteasome assembly (GO:0043248),1/11,0.06295034010487634,0.14953720637939974,24.227755102040817,66.99965481281787,POMP,5,GO_BP,100
GO_Biological_Process_2021_fixed.gmt,protein complex oligomerization (GO:0051259),1/90,0.41338726033328066,0.45362849806483896,2.8272306464485237,2.4974920056170706,HLA-DRB1,5,GO_BP,100
GO_Biological_Process_2021_fixed.gmt,protein depolymerization (GO:0051261),1/28,0.1526127557838886,0.2258231708496681,9.24,17.36982854333114,GSN,5,GO_BP,100
GO_Biological_Process_2021_fixed.gmt,protein destabilization (GO:0031648),2/34,0.017036345116058747,0.0872936691897225,13.176967541129391,53.66196522197375,CTSH;GSN,5,GO_BP,100
GO_Biological_Process_2021_fixed.gmt,protein homooligomerization (GO:0051260),1/121,0.5122073761078878,0.541463892901774,2.0954831061055126,1.40193206129868,SAMHD1,5,GO_BP,100
GO_Biological_Process_2021_fixed.gmt,protein homotetramerization (GO:0051289),1/52,0.26492787127893624,0.3249362615092789,4.925991678224688,6.543183287825445,SAMHD1,5,GO_BP,100
GO_Biological_Process_2021_fixed.gmt,protein import (GO:0017038),1/89,0.4098898402051868,0.45058812221137556,2.859370460048426,2.55017769033571,SYK,5,GO_BP,100
GO_Biological_Process_2021_fixed.gmt,protein import into nucleus (GO:0006606),1/76,0.36250313943554335,0.4071593232790523,3.3546641438032165,3.4040519931146886,SYK,5,GO_BP,100
GO_Biological_Process_2021_fixed.gmt,protein kinase B signaling (GO:0043491),1/24,0.13231073805711827,0.2092669836617687,10.815683890577507,21.875824373563766,IL1B,5,GO_BP,100
GO_Biological_Process_2021_fixed.gmt,protein localization to cell periphery (GO:1990778),1/140,0.5644394159916541,0.5886500217238445,1.807741935483871,1.033887788994661,S100A10,5,GO_BP,100
GO_Biological_Process_2021_fixed.gmt,protein localization to membrane (GO:0072657),2/195,0.31930218952663736,0.37232928592688547,2.1891383250436887,2.4991582321543477,S100A10;BID,5,GO_BP,100
GO_Biological_Process_2021_fixed.gmt,protein localization to nucleus (GO:0034504),1/106,0.4666379220954279,0.5009792410375157,2.3958564658090724,1.8261257500941677,SYK,5,GO_BP,100
GO_Biological_Process_2021_fixed.gmt,protein localization to plasma membrane (GO:0072659),2/136,0.19109681141479595,0.2596666798747219,3.1621075703203902,5.233209334466184,S100A10;CCDC88A,5,GO_BP,100
GO_Biological_Process_2021_fixed.gmt,protein oxidation (GO:0018158),1/11,0.06295034010487634,0.14953720637939974,24.227755102040817,66.99965481281787,PRDX3,5,GO_BP,100
GO_Biological_Process_2021_fixed.gmt,protein phosphorylation (GO:0006468),2/496,0.794877138311961,0.8006885877390997,0.8390269846928935,0.19261351128581597,RPS6KA4;SYK,5,GO_BP,100
GO_Biological_Process_2021_fixed.gmt,protein polymerization (GO:0051258),3/59,0.005063418360003559,0.037596639319786906,10.718263209646535,56.6536680995757,AIF1;RAC1;GSN,5,GO_BP,100
GO_Biological_Process_2021_fixed.gmt,protein processing (GO:0016485),1/106,0.4666379220954279,0.5009792410375157,2.3958564658090724,1.8261257500941677,CTSH,5,GO_BP,100
GO_Biological_Process_2021_fixed.gmt,protein stabilization (GO:0050821),2/179,0.2844663839576691,0.34379952836989247,2.3890743303753155,3.0034013593275457,GRN;TYROBP,5,GO_BP,100
GO_Biological_Process_2021_fixed.gmt,protein targeting (GO:0006605),2/125,0.16788091572591607,0.2406616595377294,3.446327022536332,6.149971901605253,YIF1B;GABARAP,5,GO_BP,100
GO_Biological_Process_2021_fixed.gmt,protein targeting to membrane (GO:0006612),1/87,0.4028330394251539,0.44440655594945805,2.9258794384805946,2.6603064236184424,YIF1B,5,GO_BP,100
GO_Biological_Process_2021_fixed.gmt,protein tetramerization (GO:0051262),2/71,0.06566119331106997,0.1520745156932656,6.146504761508712,16.738451838410384,SAMHD1;HLA-DRB1,5,GO_BP,100
GO_Biological_Process_2021_fixed.gmt,protein transport (GO:0015031),3/369,0.37098271893423934,0.41555426511152377,1.6177129955402376,1.6041238782272824,ARF5;ARF3;CD74,5,GO_BP,100
GO_Biological_Process_2021_fixed.gmt,protein-containing complex assembly (GO:0065003),2/267,0.46853161348513495,0.502577163253951,1.587635936122269,1.203668886318193,CAPG;CD74,5,GO_BP,100
GO_Biological_Process_2021_fixed.gmt,protein-containing complex disassembly (GO:0032984),1/56,0.282159009152707,0.3414921782347292,4.56972972972973,5.782008217744046,GABARAP,5,GO_BP,100
GO_Biological_Process_2021_fixed.gmt,protein-containing complex subunit organization (GO:0043933),2/112,0.14117888805045373,0.21737542710165414,3.8551774644940235,7.547386874692138,CAPG;CD74,5,GO_BP,100
GO_Biological_Process_2021_fixed.gmt,proteoglycan metabolic process (GO:0006029),1/26,0.14252114696261678,0.21737542710165414,9.966050420168067,19.41650613102388,SULF2,5,GO_BP,100
GO_Biological_Process_2021_fixed.gmt,proteolysis (GO:0006508),2/287,0.5066173161250397,0.5369277538419224,1.474393367279795,1.002586547522423,LAP3;CTSH,5,GO_BP,100
GO_Biological_Process_2021_fixed.gmt,proteolysis involved in cellular protein catabolic process (GO:0051603),1/74,0.35488639509697906,0.4021508635590634,3.446413994169096,3.570338613309085,CTSH,5,GO_BP,100
GO_Biological_Process_2021_fixed.gmt,purine deoxyribonucleotide catabolic process (GO:0009155),1/6,0.03483764982618056,0.12266140012116471,46.26857142857143,155.3262124144681,SAMHD1,5,GO_BP,100
GO_Biological_Process_2021_fixed.gmt,purine nucleotide catabolic process (GO:0006195),1/13,0.0739673618540095,0.15786493751974487,20.34857142857143,52.990352563030946,GPX1,5,GO_BP,100
GO_Biological_Process_2021_fixed.gmt,purine nucleotide metabolic process (GO:0006163),1/24,0.13231073805711827,0.2092669836617687,10.815683890577507,21.875824373563766,GPX1,5,GO_BP,100
GO_Biological_Process_2021_fixed.gmt,purine-containing compound catabolic process (GO:0072523),1/13,0.0739673618540095,0.15786493751974487,20.34857142857143,52.990352563030946,GPX1,5,GO_BP,100
GO_Biological_Process_2021_fixed.gmt,purinergic nucleotide receptor signaling pathway (GO:0035590),1/21,0.11676934647944666,0.19383398880122338,12.400975609756097,26.631773301022733,IL1B,5,GO_BP,100
GO_Biological_Process_2021_fixed.gmt,pyrimidine nucleoside biosynthetic process (GO:0046134),1/14,0.07942775264447097,0.16279407153577521,18.84,47.71997621242181,TYMP,5,GO_BP,100
GO_Biological_Process_2021_fixed.gmt,pyrimidine nucleoside catabolic process (GO:0046135),1/11,0.06295034010487634,0.14953720637939974,24.227755102040817,66.99965481281787,TYMP,5,GO_BP,100
GO_Biological_Process_2021_fixed.gmt,pyrimidine nucleoside metabolic process (GO:0006213),1/15,0.08485630975545977,0.16492448917989044,17.539507389162562,43.26638537899271,TYMP,5,GO_BP,100
GO_Biological_Process_2021_fixed.gmt,pyrimidine nucleoside salvage (GO:0043097),1/11,0.06295034010487634,0.14953720637939974,24.227755102040817,66.99965481281787,TYMP,5,GO_BP,100
GO_Biological_Process_2021_fixed.gmt,pyrimidine-containing compound catabolic process (GO:0072529),1/17,0.09561865576236687,0.1753951673747558,15.411428571428571,36.17659222749534,TYMP,5,GO_BP,100
GO_Biological_Process_2021_fixed.gmt,pyrimidine-containing compound metabolic process (GO:0072527),1/12,0.06847495286588197,0.1520745156932656,22.119503105590063,59.30874170143665,TYMP,5,GO_BP,100
GO_Biological_Process_2021_fixed.gmt,pyrimidine-containing compound salvage (GO:0008655),1/11,0.06295034010487634,0.14953720637939974,24.227755102040817,66.99965481281787,TYMP,5,GO_BP,100
GO_Biological_Process_2021_fixed.gmt,receptor catabolic process (GO:0032801),1/25,0.13743087854199543,0.21408830325637476,10.373527696793003,20.58765773573744,AP2S1,5,GO_BP,100
GO_Biological_Process_2021_fixed.gmt,receptor internalization (GO:0031623),2/49,0.033743981656821444,0.12266140012116471,9.006693033160937,30.523261165737562,FCER1G;SYK,5,GO_BP,100
GO_Biological_Process_2021_fixed.gmt,receptor metabolic process (GO:0043112),2/58,0.04585311713424079,0.13317429125489844,7.567394751649701,23.32507238662376,FCER1G;SYK,5,GO_BP,100
GO_Biological_Process_2021_fixed.gmt,receptor-mediated endocytosis (GO:0006898),3/143,0.05234609283878703,0.1398904205174481,4.285717258745915,12.642342969279893,FCER1G;AP2S1;SYK,5,GO_BP,100
GO_Biological_Process_2021_fixed.gmt,recombinational repair (GO:0000725),1/79,0.37376185288112396,0.41753576357891325,3.2258052775250228,3.1746325264269712,SAMHD1,5,GO_BP,100
GO_Biological_Process_2021_fixed.gmt,regulated exocytosis (GO:0045055),1/180,0.657002993795881,0.6710738981111141,1.40108237166733,0.5885480535358708,ANXA5,5,GO_BP,100
GO_Biological_Process_2021_fixed.gmt,regulation of B cell differentiation (GO:0045577),1/18,0.10095280846296417,0.17960040529996493,14.529795918367347,33.31830574037534,SYK,5,GO_BP,100
GO_Biological_Process_2021_fixed.gmt,regulation of B cell proliferation (GO:0030888),4/46,0.00015194314579081579,0.0037681900156122314,18.55447267664462,163.13100073587333,TNFSF13B;MNDA;TYROBP;CD74,5,GO_BP,100
GO_Biological_Process_2021_fixed.gmt,"regulation of CD4-positive, alpha-beta T cell activation (GO:2000514)",2/8,0.0009389678101225481,0.013070898233084872,66.00044464206314,460.0712372634602,HLA-DRA;HLA-DRB1,5,GO_BP,100
GO_Biological_Process_2021_fixed.gmt,"regulation of CD4-positive, alpha-beta T cell differentiation (GO:0043370)",2/12,0.002179599733813777,0.022157550229300976,40.846407927332784,250.33186859159937,HLA-DRA;HLA-DRB1,5,GO_BP,100
GO_Biological_Process_2021_fixed.gmt,"regulation of CD4-positive, alpha-beta T cell proliferation (GO:2000561)",1/11,0.06295034010487634,0.14953720637939974,24.227755102040817,66.99965481281787,LGALS9,5,GO_BP,100
GO_Biological_Process_2021_fixed.gmt,"regulation of DNA damage response, signal transduction by p53 class mediator (GO:0043516)",1/28,0.1526127557838886,0.2258231708496681,9.24,17.36982854333114,CD74,5,GO_BP,100
GO_Biological_Process_2021_fixed.gmt,regulation of DNA replication (GO:0006275),1/53,0.26927361177792547,0.32961429279825033,4.831836734693877,6.339501570567301,CCDC88A,5,GO_BP,100
GO_Biological_Process_2021_fixed.gmt,regulation of DNA topoisomerase (ATP-hydrolyzing) activity (GO:2000371),1/5,0.02911585739723309,0.11721968562522413,56.55428571428571,200.00266631608238,PLSCR1,5,GO_BP,100
GO_Biological_Process_2021_fixed.gmt,regulation of ERK1 and ERK2 cascade (GO:0070372),6/238,0.002805158015471415,0.025957452863801002,4.95347018572825,29.108054106519276,HLA-DRB1;IL1B;LGALS9;GSTP1;SYK;CD74,5,GO_BP,100
GO_Biological_Process_2021_fixed.gmt,regulation of G protein-coupled receptor signaling pathway (GO:0008277),1/82,0.3848239482947926,0.4279656465341191,3.106432953549518,2.966548185262999,RGS2,5,GO_BP,100
GO_Biological_Process_2021_fixed.gmt,regulation of G1/S transition of mitotic cell cycle (GO:2000045),2/71,0.06566119331106997,0.1520745156932656,6.146504761508712,16.738451838410384,KLF4;AIF1,5,GO_BP,100
GO_Biological_Process_2021_fixed.gmt,regulation of GTPase activity (GO:0043087),2/189,0.3062716238561574,0.36238245570766714,2.260115606936416,2.6743561748117406,RGS1;S100A10,5,GO_BP,100
GO_Biological_Process_2021_fixed.gmt,regulation of I-kappaB kinase/NF-kappaB signaling (GO:0043122),6/224,0.0020729531961250426,0.022157550229300976,5.275903196726995,32.59865055444284,HLA-DRB1;IL1B;LGALS9;LGALS1;GSTP1;CD74,5,GO_BP,100
GO_Biological_Process_2021_fixed.gmt,regulation of JNK cascade (GO:0046328),1/105,0.4634545347612168,0.49885731172214304,2.4189473684210525,1.8602841924531592,IL1B,5,GO_BP,100
GO_Biological_Process_2021_fixed.gmt,regulation of JUN kinase activity (GO:0043506),1/35,0.18701742591792456,0.2556798325669531,7.361739130434783,12.34234935608545,GSTP1,5,GO_BP,100
GO_Biological_Process_2021_fixed.gmt,regulation of MAP kinase activity (GO:0043405),3/97,0.019577133926552616,0.09557340972017812,6.391812865497076,25.141512175463518,IL1B;RGS2;GSTP1,5,GO_BP,100
GO_Biological_Process_2021_fixed.gmt,regulation of MAPK cascade (GO:0043408),5/166,0.0029763768098906443,0.025957452863801002,5.990749151851096,34.84847868995252,HLA-DRB1;IL1B;GSTP1;SYK;CD74,5,GO_BP,100
GO_Biological_Process_2021_fixed.gmt,regulation of NIK/NF-kappaB signaling (GO:1901222),3/80,0.01171423412981915,0.0671064620083269,7.802867383512544,34.69896567059897,IL1B;SPI1;LGALS9,5,GO_BP,100
GO_Biological_Process_2021_fixed.gmt,regulation of Notch signaling pathway (GO:0008593),1/83,0.38846820898479983,0.4312449231344242,3.0685714285714285,2.9014691269594484,ENHO,5,GO_BP,100
GO_Biological_Process_2021_fixed.gmt,regulation of RNA biosynthetic process (GO:2001141),1/8,0.04618140745129543,0.13317429125489844,33.925714285714285,104.32761013829499,IL1B,5,GO_BP,100
GO_Biological_Process_2021_fixed.gmt,regulation of Rac protein signal transduction (GO:0035020),1/16,0.09025321665410073,0.1690543635212763,16.406820276497697,39.46063476205768,GABARAP,5,GO_BP,100
GO_Biological_Process_2021_fixed.gmt,regulation of Ras protein signal transduction (GO:0046578),1/86,0.3992734179030658,0.4408718060550326,2.960300751879699,2.7178782860197166,GABARAP,5,GO_BP,100
GO_Biological_Process_2021_fixed.gmt,regulation of Rho protein signal transduction (GO:0035023),1/73,0.35104435413653906,0.39898716693795455,3.494187192118227,3.6578643490455844,RAC1,5,GO_BP,100
GO_Biological_Process_2021_fixed.gmt,regulation of T cell activation (GO:0050863),2/47,0.031252745157039255,0.12266140012116471,9.403862033919838,32.59047622971486,HLA-DPA1;HLA-DPB1,5,GO_BP,100
GO_Biological_Process_2021_fixed.gmt,regulation of T cell activation via T cell receptor contact with antigen bound to MHC molecule on antigen presenting cell (GO:2001188),2/6,0.0005068952524957986,0.008270396224931451,95.34682080924856,723.4159879243099,HLA-DMB;LGALS9,5,GO_BP,100
GO_Biological_Process_2021_fixed.gmt,regulation of T cell mediated cytotoxicity (GO:0001914),4/29,2.3868866645429075e-05,0.0008705116070685898,30.95962408632092,329.5012853209782,CD1D;CD1C;HLA-DRA;HLA-DRB1,5,GO_BP,100
GO_Biological_Process_2021_fixed.gmt,regulation of T cell mediated immune response to tumor cell (GO:0002840),1/7,0.04052610249614882,0.12720366110583672,39.14769230769231,125.5000245796484,HLA-DRB1,5,GO_BP,100
GO_Biological_Process_2021_fixed.gmt,regulation of T cell mediated immunity (GO:0002709),1/11,0.06295034010487634,0.14953720637939974,24.227755102040817,66.99965481281787,IL1B,5,GO_BP,100
GO_Biological_Process_2021_fixed.gmt,regulation of T cell migration (GO:2000404),1/20,0.11152797501071594,0.1881560394738609,13.037802197802197,28.59815605185406,AIF1,5,GO_BP,100
GO_Biological_Process_2021_fixed.gmt,regulation of T cell proliferation (GO:0042129),7/76,3.0411610150858695e-07,1.885519829353239e-05,19.57077282958909,293.67620467451275,HLA-DRB1;HLA-DMB;IL1B;HLA-DPB1;HLA-DPA1;CD1D;AIF1,5,GO_BP,100
GO_Biological_Process_2021_fixed.gmt,regulation of T-helper 1 cell cytokine production (GO:2000554),1/5,0.02911585739723309,0.11721968562522413,56.55428571428571,200.00266631608238,IL1B,5,GO_BP,100
GO_Biological_Process_2021_fixed.gmt,regulation of T-helper cell differentiation (GO:0045622),2/6,0.0005068952524957986,0.008270396224931451,95.34682080924856,723.4159879243099,HLA-DRA;HLA-DRB1,5,GO_BP,100
GO_Biological_Process_2021_fixed.gmt,regulation of Wnt signaling pathway (GO:0030111),1/111,0.48227690470179885,0.5155373808881298,2.286670976082741,1.6675247139875373,SULF2,5,GO_BP,100
GO_Biological_Process_2021_fixed.gmt,regulation of actin cytoskeleton organization (GO:0032956),2/91,0.1004639156737254,0.17960040529996493,4.76652565634385,10.953269396021339,RAC1;CCDC88A,5,GO_BP,100
GO_Biological_Process_2021_fixed.gmt,regulation of actin filament bundle assembly (GO:0032231),1/26,0.14252114696261678,0.21737542710165414,9.966050420168067,19.41650613102388,RAC1,5,GO_BP,100
GO_Biological_Process_2021_fixed.gmt,regulation of actin filament polymerization (GO:0030833),1/73,0.35104435413653906,0.39898716693795455,3.494187192118227,3.6578643490455844,COTL1,5,GO_BP,100
GO_Biological_Process_2021_fixed.gmt,regulation of actin filament-based process (GO:0032970),2/73,0.06892409501581877,0.1520745156932656,5.9737661182747885,15.978327652085724,RAC1;CCDC88A,5,GO_BP,100
GO_Biological_Process_2021_fixed.gmt,regulation of actin nucleation (GO:0051125),1/12,0.06847495286588197,0.1520745156932656,22.119503105590063,59.30874170143665,GSN,5,GO_BP,100
GO_Biological_Process_2021_fixed.gmt,regulation of actin polymerization or depolymerization (GO:0008064),1/29,0.15761443782098158,0.23156623566115778,8.915187969924812,16.47173245373291,COTL1,5,GO_BP,100
GO_Biological_Process_2021_fixed.gmt,regulation of activated T cell proliferation (GO:0046006),1/34,0.18218836979107858,0.25157414091418423,7.582004264392324,12.909985781775939,LGALS9,5,GO_BP,100
GO_Biological_Process_2021_fixed.gmt,regulation of actomyosin structure organization (GO:0110020),1/13,0.0739673618540095,0.15786493751974487,20.34857142857143,52.990352563030946,RAC1,5,GO_BP,100
GO_Biological_Process_2021_fixed.gmt,regulation of acute inflammatory response (GO:0002673),1/20,0.11152797501071594,0.1881560394738609,13.037802197802197,28.59815605185406,GSTP1,5,GO_BP,100
GO_Biological_Process_2021_fixed.gmt,regulation of adiponectin secretion (GO:0070163),1/6,0.03483764982618056,0.12266140012116471,46.26857142857143,155.3262124144681,IL1B,5,GO_BP,100
GO_Biological_Process_2021_fixed.gmt,regulation of adipose tissue development (GO:1904177),1/6,0.03483764982618056,0.12266140012116471,46.26857142857143,155.3262124144681,SPI1,5,GO_BP,100
GO_Biological_Process_2021_fixed.gmt,regulation of alpha-beta T cell proliferation (GO:0046640),1/8,0.04618140745129543,0.13317429125489844,33.925714285714285,104.32761013829499,SYK,5,GO_BP,100
GO_Biological_Process_2021_fixed.gmt,regulation of anatomical structure morphogenesis (GO:0022603),1/123,0.5179848749931347,0.5461745280539856,2.060991253644315,1.3557390819704893,RNH1,5,GO_BP,100
GO_Biological_Process_2021_fixed.gmt,regulation of angiogenesis (GO:0045765),6/203,0.0012577170828049827,0.01600420016204606,5.845262754123514,39.03733619342824,SERPINF1;RNH1;IL1B;CTSH;KLF4;GRN,5,GO_BP,100
GO_Biological_Process_2021_fixed.gmt,regulation of antifungal innate immune response (GO:1905034),1/5,0.02911585739723309,0.11721968562522413,56.55428571428571,200.00266631608238,SPI1,5,GO_BP,100
GO_Biological_Process_2021_fixed.gmt,regulation of apoptotic process (GO:0042981),8/742,0.07067072687119183,0.15537535695084728,2.029212418977713,5.376852520765985,BID;ANXA5;LGALS1;GSTP1;CTSH;PRDX3;MNDA;CD74,5,GO_BP,100
GO_Biological_Process_2021_fixed.gmt,regulation of axon extension involved in axon guidance (GO:0048841),1/24,0.13231073805711827,0.2092669836617687,10.815683890577507,21.875824373563766,SEMA4A,5,GO_BP,100
GO_Biological_Process_2021_fixed.gmt,regulation of axon regeneration (GO:0048679),1/12,0.06847495286588197,0.1520745156932656,22.119503105590063,59.30874170143665,GRN,5,GO_BP,100
GO_Biological_Process_2021_fixed.gmt,regulation of biosynthetic process (GO:0009889),1/11,0.06295034010487634,0.14953720637939974,24.227755102040817,66.99965481281787,GSTP1,5,GO_BP,100
GO_Biological_Process_2021_fixed.gmt,regulation of blood vessel remodeling (GO:0060312),1/6,0.03483764982618056,0.12266140012116471,46.26857142857143,155.3262124144681,CST3,5,GO_BP,100
GO_Biological_Process_2021_fixed.gmt,regulation of calcidiol 1-monooxygenase activity (GO:0060558),1/7,0.04052610249614882,0.12720366110583672,39.14769230769231,125.5000245796484,IL1B,5,GO_BP,100
GO_Biological_Process_2021_fixed.gmt,regulation of calcium ion transport (GO:0051924),1/58,0.2906242113314079,0.3471811387774045,4.4101863354037265,5.449774053241523,CD33,5,GO_BP,100
GO_Biological_Process_2021_fixed.gmt,regulation of cardiac muscle contraction (GO:0055117),1/36,0.19181828932681072,0.2596666798747219,7.1538832997987925,11.81254049949671,RGS2,5,GO_BP,100
GO_Biological_Process_2021_fixed.gmt,regulation of cardiac muscle hypertrophy (GO:0010611),1/24,0.13231073805711827,0.2092669836617687,10.815683890577507,21.875824373563766,RGS2,5,GO_BP,100
GO_Biological_Process_2021_fixed.gmt,regulation of cell activation (GO:0050865),2/10,0.0014975240285219813,0.017354484068852868,50.46412784767086,328.21576980375875,FCER1G;SYK,5,GO_BP,100
GO_Biological_Process_2021_fixed.gmt,regulation of cell adhesion (GO:0030155),1/133,0.5458729855429699,0.571691302426759,1.9041509433962265,1.1527138715451068,TGFBI,5,GO_BP,100
GO_Biological_Process_2021_fixed.gmt,regulation of cell adhesion mediated by integrin (GO:0033628),1/34,0.18218836979107858,0.25157414091418423,7.582004264392324,12.909985781775939,SYK,5,GO_BP,100
GO_Biological_Process_2021_fixed.gmt,regulation of cell adhesion molecule production (GO:0060353),1/9,0.051803755642352164,0.13904038310934347,29.932436974789915,88.6087725623409,IL1B,5,GO_BP,100
GO_Biological_Process_2021_fixed.gmt,regulation of cell communication (GO:0010646),1/38,0.20133608791107963,0.26960772031289276,6.771428571428571,10.85310817391886,TYMP,5,GO_BP,100
GO_Biological_Process_2021_fixed.gmt,regulation of cell development (GO:0060284),2/41,0.0242501755263242,0.11304593102496995,10.836686910075365,40.30523015047147,GRN;IL1B,5,GO_BP,100
GO_Biological_Process_2021_fixed.gmt,regulation of cell differentiation (GO:0045595),2/156,0.23423824630125512,0.2985153395822778,2.7490319322071946,3.9899904016418364,KLF4;CEBPD,5,GO_BP,100
GO_Biological_Process_2021_fixed.gmt,regulation of cell killing (GO:0031341),1/17,0.09561865576236687,0.1753951673747558,15.411428571428571,36.17659222749534,RAC1,5,GO_BP,100
GO_Biological_Process_2021_fixed.gmt,regulation of cell migration (GO:0030334),8/408,0.0027668325118831855,0.025957452863801002,3.8095470723707168,22.438430774009493,IL1B;SEMA4A;GRN;PHACTR1;CTSH;AIF1;RAC1;CD74,5,GO_BP,100
GO_Biological_Process_2021_fixed.gmt,regulation of cell migration involved in sprouting angiogenesis (GO:0090049),1/32,0.1724450238621847,0.24521998806090484,8.064489795918368,14.174766582278064,KLF4,5,GO_BP,100
GO_Biological_Process_2021_fixed.gmt,regulation of cell motility (GO:2000145),2/133,0.18471904267383316,0.2547848864466664,3.234906261676081,5.463495607808093,RAC1;SPINT2,5,GO_BP,100
GO_Biological_Process_2021_fixed.gmt,regulation of cell population proliferation (GO:0042127),7/764,0.16336980783130628,0.23748952134914394,1.7120208953410678,3.101734833540408,CD33;IL1B;CTSH;PRDX3;KLF4;AIF1;CCDC88A,5,GO_BP,100
GO_Biological_Process_2021_fixed.gmt,regulation of cell size (GO:0008361),1/24,0.13231073805711827,0.2092669836617687,10.815683890577507,21.875824373563766,RAC1,5,GO_BP,100
GO_Biological_Process_2021_fixed.gmt,regulation of cell-cell adhesion (GO:0022407),1/43,0.224648488607496,0.2904735410566163,5.972773109243698,8.918654534054745,SPINT2,5,GO_BP,100
GO_Biological_Process_2021_fixed.gmt,regulation of cell-cell adhesion involved in gastrulation (GO:0070587),1/10,0.05739333693277774,0.1449444761642452,26.77984962406015,76.53217901759103,KLF4,5,GO_BP,100
GO_Biological_Process_2021_fixed.gmt,regulation of cell-substrate adhesion (GO:0010810),1/43,0.224648488607496,0.2904735410566163,5.972773109243698,8.918654534054745,RAC1,5,GO_BP,100
GO_Biological_Process_2021_fixed.gmt,regulation of cellular biosynthetic process (GO:0031326),1/32,0.1724450238621847,0.24521998806090484,8.064489795918368,14.174766582278064,RAC1,5,GO_BP,100
GO_Biological_Process_2021_fixed.gmt,regulation of cellular component organization (GO:0051128),1/139,0.561833751043134,0.5869198410223135,1.8209179989685405,1.0498489785431635,AP2S1,5,GO_BP,100
GO_Biological_Process_2021_fixed.gmt,regulation of cellular component size (GO:0032535),1/31,0.1675304039472078,0.2406616595377294,8.329461358313818,14.881335933878487,RAC1,5,GO_BP,100
GO_Biological_Process_2021_fixed.gmt,regulation of cellular localization (GO:0060341),1/49,0.2517367588815263,0.31403780786025415,5.231752577319588,7.216529589632424,GSN,5,GO_BP,100
GO_Biological_Process_2021_fixed.gmt,regulation of cellular macromolecule biosynthetic process (GO:2000112),3/468,0.5237125129492985,0.5508087498364124,1.2649606472321153,0.8181922126974177,CCDC88A;RPS6KA4;SPI1,5,GO_BP,100
GO_Biological_Process_2021_fixed.gmt,regulation of cellular protein metabolic process (GO:0032268),1/49,0.2517367588815263,0.31403780786025415,5.231752577319588,7.216529589632424,KLF4,5,GO_BP,100
GO_Biological_Process_2021_fixed.gmt,regulation of chemokine (C-X-C motif) ligand 2 production (GO:2000341),2/13,0.0025660450083524653,0.024858561018414507,37.29203317416436,222.461502111429,KLF4;CD74,5,GO_BP,100
GO_Biological_Process_2021_fixed.gmt,regulation of chemokine production (GO:0032642),3/42,0.0019213588934441938,0.021083938299741596,15.348804500703235,96.00251418297742,AIF1;LGALS9;CD74,5,GO_BP,100
GO_Biological_Process_2021_fixed.gmt,regulation of chemotaxis (GO:0050920),1/32,0.1724450238621847,0.24521998806090484,8.064489795918368,14.174766582278064,AIF1,5,GO_BP,100
GO_Biological_Process_2021_fixed.gmt,regulation of chromosome separation (GO:1905818),1/5,0.02911585739723309,0.11721968562522413,56.55428571428571,200.00266631608238,PLSCR1,5,GO_BP,100
GO_Biological_Process_2021_fixed.gmt,regulation of cilium assembly (GO:1902017),1/64,0.31543212342742566,0.3693445071293747,3.9918560179977503,4.605850417145635,CCDC88A,5,GO_BP,100
GO_Biological_Process_2021_fixed.gmt,regulation of collagen biosynthetic process (GO:0032965),1/19,0.10625585510518272,0.18376186935903288,13.743474903474903,30.811570131162792,VIM,5,GO_BP,100
GO_Biological_Process_2021_fixed.gmt,regulation of complement activation (GO:0030449),2/50,0.03501785132491315,0.12266140012116471,8.820392110124546,29.56504858410062,CFP;IL1B,5,GO_BP,100
GO_Biological_Process_2021_fixed.gmt,regulation of cysteine-type endopeptidase activity involved in apoptotic process (GO:0043281),3/89,0.015592198836369201,0.08262532716708465,6.986749146469256,29.07175535377503,KLF4;SYK;GPX1,5,GO_BP,100
GO_Biological_Process_2021_fixed.gmt,regulation of cysteine-type endopeptidase activity involved in apoptotic signaling pathway (GO:2001267),2/11,0.0018233052117919125,0.020186593416267603,45.14907210222087,284.75991015981776,GSN;LGALS9,5,GO_BP,100
GO_Biological_Process_2021_fixed.gmt,regulation of cytokine production (GO:0001817),4/150,0.01187670563773884,0.06724710041459435,5.34489165337157,23.694847039733293,RPS6KA4;PLD4;HLA-DRB1;LGALS9,5,GO_BP,100
GO_Biological_Process_2021_fixed.gmt,regulation of cytokine production involved in inflammatory response (GO:1900015),1/43,0.224648488607496,0.2904735410566163,5.972773109243698,8.918654534054745,PLD4,5,GO_BP,100
GO_Biological_Process_2021_fixed.gmt,regulation of cytokine-mediated signaling pathway (GO:0001959),2/74,0.07057536402439676,0.15537535695084728,5.890970699621287,15.61740012177283,SYK;CD74,5,GO_BP,100
GO_Biological_Process_2021_fixed.gmt,regulation of cytoplasmic translation (GO:2000765),1/15,0.08485630975545977,0.16492448917989044,17.539507389162562,43.26638537899271,ZNF385A,5,GO_BP,100
GO_Biological_Process_2021_fixed.gmt,regulation of cytoskeleton organization (GO:0051493),2/112,0.14117888805045373,0.21737542710165414,3.8551774644940235,7.547386874692138,RAC1;CCDC88A,5,GO_BP,100
GO_Biological_Process_2021_fixed.gmt,regulation of defense response (GO:0031347),2/83,0.08599457171419449,0.16635455370608604,5.2372424554062205,12.849423030673558,GRN;SAMHD1,5,GO_BP,100
GO_Biological_Process_2021_fixed.gmt,regulation of defense response to bacterium (GO:1900424),1/7,0.04052610249614882,0.12720366110583672,39.14769230769231,125.5000245796484,GRN,5,GO_BP,100
GO_Biological_Process_2021_fixed.gmt,regulation of dendritic cell apoptotic process (GO:2000668),1/11,0.06295034010487634,0.14953720637939974,24.227755102040817,66.99965481281787,LGALS9,5,GO_BP,100
GO_Biological_Process_2021_fixed.gmt,regulation of dendritic cell chemotaxis (GO:2000508),1/8,0.04618140745129543,0.13317429125489844,33.925714285714285,104.32761013829499,LGALS9,5,GO_BP,100
GO_Biological_Process_2021_fixed.gmt,regulation of dendritic cell differentiation (GO:2001198),2/12,0.002179599733813777,0.022157550229300976,40.846407927332784,250.33186859159937,LGALS1;LGALS9,5,GO_BP,100
GO_Biological_Process_2021_fixed.gmt,regulation of digestive system process (GO:0044058),1/6,0.03483764982618056,0.12266140012116471,46.26857142857143,155.3262124144681,TYMP,5,GO_BP,100
GO_Biological_Process_2021_fixed.gmt,regulation of endocytosis (GO:0030100),1/61,0.30313729791852806,0.35901647508975626,4.190649350649351,5.001831030793261,AP2S1,5,GO_BP,100
GO_Biological_Process_2021_fixed.gmt,regulation of endopeptidase activity (GO:0052548),1/71,0.3432922802085085,0.39197276929884944,3.5937993920972646,3.842393513861737,SERPINF1,5,GO_BP,100
GO_Biological_Process_2021_fixed.gmt,regulation of endothelial cell development (GO:1901550),1/9,0.051803755642352164,0.13904038310934347,29.932436974789915,88.6087725623409,IL1B,5,GO_BP,100
GO_Biological_Process_2021_fixed.gmt,regulation of endothelial cell migration (GO:0010594),2/89,0.0967848492484096,0.177010638743404,4.876135425268373,11.387067481946424,GRN;RAC1,5,GO_BP,100
GO_Biological_Process_2021_fixed.gmt,regulation of epidermal growth factor receptor signaling pathway (GO:0042058),1/67,0.3275124519007622,0.3791927547683895,3.810998925886144,4.253948295804507,CCDC88A,5,GO_BP,100
GO_Biological_Process_2021_fixed.gmt,regulation of epithelial cell migration (GO:0010632),1/51,0.26055658142034366,0.32180294916456786,5.023875530410184,6.756787233303926,CTSH,5,GO_BP,100
GO_Biological_Process_2021_fixed.gmt,regulation of epithelial cell proliferation (GO:0050678),2/93,0.10418174667044974,0.18376186935903288,4.661707571306738,10.54300334325129,GRN;GPX1,5,GO_BP,100
GO_Biological_Process_2021_fixed.gmt,regulation of epithelial to mesenchymal transition (GO:0010717),1/76,0.36250313943554335,0.4071593232790523,3.3546641438032165,3.4040519931146886,IL1B,5,GO_BP,100
GO_Biological_Process_2021_fixed.gmt,regulation of erythrocyte differentiation (GO:0045646),1/37,0.19659112272988702,0.2646829448263408,6.957416829745597,11.31713755451347,SPI1,5,GO_BP,100
GO_Biological_Process_2021_fixed.gmt,regulation of establishment of cell polarity (GO:2000114),1/16,0.09025321665410073,0.1690543635212763,16.406820276497697,39.46063476205768,GSN,5,GO_BP,100
GO_Biological_Process_2021_fixed.gmt,regulation of establishment of endothelial barrier (GO:1903140),1/17,0.09561865576236687,0.1753951673747558,15.411428571428571,36.17659222749534,IL1B,5,GO_BP,100
GO_Biological_Process_2021_fixed.gmt,regulation of establishment of planar polarity (GO:0090175),2/88,0.09496029530656616,0.1753951673747558,4.932841057168632,11.613370035825943,AP2S1;RAC1,5,GO_BP,100
GO_Biological_Process_2021_fixed.gmt,regulation of excitatory synapse assembly (GO:1904889),1/6,0.03483764982618056,0.12266140012116471,46.26857142857143,155.3262124144681,SEMA4A,5,GO_BP,100
GO_Biological_Process_2021_fixed.gmt,regulation of extracellular matrix disassembly (GO:0010715),1/15,0.08485630975545977,0.16492448917989044,17.539507389162562,43.26638537899271,CST3,5,GO_BP,100
GO_Biological_Process_2021_fixed.gmt,regulation of extrinsic apoptotic signaling pathway (GO:2001236),2/64,0.05467963588131868,0.1449444761642452,6.838150289017341,19.873469507123875,BID;GSTP1,5,GO_BP,100
GO_Biological_Process_2021_fixed.gmt,regulation of extrinsic apoptotic signaling pathway in absence of ligand (GO:2001239),1/28,0.1526127557838886,0.2258231708496681,9.24,17.36982854333114,IL1B,5,GO_BP,100
GO_Biological_Process_2021_fixed.gmt,regulation of extrinsic apoptotic signaling pathway via death domain receptors (GO:1902041),1/42,0.2200404698999564,0.2857069975664355,6.1171084337349395,9.260958359387908,GPX1,5,GO_BP,100
GO_Biological_Process_2021_fixed.gmt,regulation of fat cell differentiation (GO:0045598),1/80,0.37747089561543967,0.42092078288052626,3.185013477088949,3.103036998161082,ZNF385A,5,GO_BP,100
GO_Biological_Process_2021_fixed.gmt,regulation of fever generation (GO:0031620),1/5,0.02911585739723309,0.11721968562522413,56.55428571428571,200.00266631608238,IL1B,5,GO_BP,100
GO_Biological_Process_2021_fixed.gmt,regulation of fibroblast growth factor receptor signaling pathway (GO:0040036),1/20,0.11152797501071594,0.1881560394738609,13.037802197802197,28.59815605185406,SULF2,5,GO_BP,100
GO_Biological_Process_2021_fixed.gmt,regulation of fibroblast migration (GO:0010762),1/21,0.11676934647944666,0.19383398880122338,12.400975609756097,26.631773301022733,RAC1,5,GO_BP,100
GO_Biological_Process_2021_fixed.gmt,regulation of fibroblast proliferation (GO:0048145),2/46,0.030035903354288573,0.11975729954764576,9.615834253425993,33.70697839799296,GSTP1;CD74,5,GO_BP,100
GO_Biological_Process_2021_fixed.gmt,regulation of focal adhesion assembly (GO:0051893),2/54,0.04029565728533218,0.12720366110583672,8.146160198183319,26.161487772385193,S100A10;RAC1,5,GO_BP,100
GO_Biological_Process_2021_fixed.gmt,regulation of gap junction assembly (GO:1903596),1/9,0.051803755642352164,0.13904038310934347,29.932436974789915,88.6087725623409,IL1B,5,GO_BP,100
GO_Biological_Process_2021_fixed.gmt,regulation of gene expression (GO:0010468),12/1079,0.024036839249396993,0.11304593102496995,2.109641670876001,7.865097844733428,CD74;GPX1;RPS6KA4;IL1B;LGALS9;CTSH;KLF4;TYROBP;AIF1;SPI1;GSN;PLSCR1,5,GO_BP,100
GO_Biological_Process_2021_fixed.gmt,"regulation of gene expression, epigenetic (GO:0040029)",2/82,0.084234133214566,0.16492448917989044,5.302660395648584,13.11960403495026,SPI1;GPX1,5,GO_BP,100
GO_Biological_Process_2021_fixed.gmt,regulation of glial cell proliferation (GO:0060251),1/9,0.051803755642352164,0.13904038310934347,29.932436974789915,88.6087725623409,IL1B,5,GO_BP,100
GO_Biological_Process_2021_fixed.gmt,regulation of glucose transmembrane transport (GO:0010827),1/19,0.10625585510518272,0.18376186935903288,13.743474903474903,30.811570131162792,IL1B,5,GO_BP,100
GO_Biological_Process_2021_fixed.gmt,regulation of granulocyte macrophage colony-stimulating factor production (GO:0032645),1/16,0.09025321665410073,0.1690543635212763,16.406820276497697,39.46063476205768,IL1B,5,GO_BP,100
GO_Biological_Process_2021_fixed.gmt,regulation of heart growth (GO:0060420),1/5,0.02911585739723309,0.11721968562522413,56.55428571428571,200.00266631608238,BASP1,5,GO_BP,100
GO_Biological_Process_2021_fixed.gmt,regulation of hematopoietic progenitor cell differentiation (GO:1901532),1/75,0.35870594681813,0.40509596908422696,3.3999232981783316,3.485779234911862,SPI1,5,GO_BP,100
GO_Biological_Process_2021_fixed.gmt,regulation of hemoglobin biosynthetic process (GO:0046984),1/7,0.04052610249614882,0.12720366110583672,39.14769230769231,125.5000245796484,KLF4,5,GO_BP,100
GO_Biological_Process_2021_fixed.gmt,regulation of heterotypic cell-cell adhesion (GO:0034114),2/25,0.00942736642006557,0.05789768116598829,18.23453449760177,85.04839434539905,KLF4;IL1B,5,GO_BP,100
GO_Biological_Process_2021_fixed.gmt,regulation of hippocampal neuron apoptotic process (GO:0110089),1/5,0.02911585739723309,0.11721968562522413,56.55428571428571,200.00266631608238,TYROBP,5,GO_BP,100
GO_Biological_Process_2021_fixed.gmt,regulation of histone H4 acetylation (GO:0090239),1/9,0.051803755642352164,0.13904038310934347,29.932436974789915,88.6087725623409,SPI1,5,GO_BP,100
GO_Biological_Process_2021_fixed.gmt,regulation of histone acetylation (GO:0035065),3/33,0.0009486942265948697,0.013070898233084872,19.89003930591506,138.4431072875489,RPS6KA4;IL1B;SPI1,5,GO_BP,100
GO_Biological_Process_2021_fixed.gmt,regulation of histone phosphorylation (GO:0033127),2/10,0.0014975240285219813,0.017354484068852868,50.46412784767086,328.21576980375875,IL1B;RPS6KA4,5,GO_BP,100
GO_Biological_Process_2021_fixed.gmt,regulation of homotypic cell-cell adhesion (GO:0034110),1/13,0.0739673618540095,0.15786493751974487,20.34857142857143,52.990352563030946,SYK,5,GO_BP,100
GO_Biological_Process_2021_fixed.gmt,regulation of humoral immune response (GO:0002920),1/54,0.2735939505419366,0.3335855444169138,4.741201602136181,6.145119776084209,CFP,5,GO_BP,100
GO_Biological_Process_2021_fixed.gmt,regulation of hydrogen peroxide metabolic process (GO:0010310),1/6,0.03483764982618056,0.12266140012116471,46.26857142857143,155.3262124144681,RAC1,5,GO_BP,100
GO_Biological_Process_2021_fixed.gmt,regulation of immature T cell proliferation in thymus (GO:0033084),1/6,0.03483764982618056,0.12266140012116471,46.26857142857143,155.3262124144681,IL1B,5,GO_BP,100
GO_Biological_Process_2021_fixed.gmt,regulation of immune effector process (GO:0002697),3/53,0.003742347797926878,0.03135480587452249,11.996583868913207,67.03741584827921,CFP;HLA-DRA;HLA-DRB1,5,GO_BP,100
GO_Biological_Process_2021_fixed.gmt,regulation of immune response (GO:0050776),10/179,9.560942765761661e-08,8.468263592531758e-06,11.584859928978073,187.24602622736032,CD1C;SAMHD1;HLA-DRB1;HLA-DRA;CD1D;FCER1A;CD33;SYK;TYROBP;PLSCR1,5,GO_BP,100
GO_Biological_Process_2021_fixed.gmt,regulation of inflammatory response (GO:0050727),3/206,0.12176049650565841,0.19980895908329024,2.9462620515252094,6.20394196054002,KLF4;GRN;IL1B,5,GO_BP,100
GO_Biological_Process_2021_fixed.gmt,regulation of inflammatory response to antigenic stimulus (GO:0002861),2/137,0.193229502443326,0.2612918026496448,3.138557686154896,5.1594017410968185,SYK;HLA-DRB1,5,GO_BP,100
GO_Biological_Process_2021_fixed.gmt,regulation of inflammatory response to wounding (GO:0106014),1/5,0.02911585739723309,0.11721968562522413,56.55428571428571,200.00266631608238,GRN,5,GO_BP,100
GO_Biological_Process_2021_fixed.gmt,regulation of innate immune response (GO:0045088),3/64,0.006353931403053527,0.04377152744325763,9.843531593210669,49.79529154974125,CD1D;SAMHD1;PLSCR1,5,GO_BP,100
GO_Biological_Process_2021_fixed.gmt,regulation of insulin receptor signaling pathway (GO:0046626),1/45,0.2337839312938716,0.29824287531316956,5.7035634028892455,8.289319276132373,IL1B,5,GO_BP,100
GO_Biological_Process_2021_fixed.gmt,regulation of insulin secretion (GO:0050796),1/104,0.4602523644702021,0.49584094869074774,2.4424844720496894,1.895319885932576,IL1B,5,GO_BP,100
GO_Biological_Process_2021_fixed.gmt,regulation of insulin secretion involved in cellular response to glucose stimulus (GO:0061178),1/28,0.1526127557838886,0.2258231708496681,9.24,17.36982854333114,HLA-DRB1,5,GO_BP,100
GO_Biological_Process_2021_fixed.gmt,regulation of interferon-gamma production (GO:0032649),5/86,0.00015145246211985174,0.0037681900156122314,11.935895081003636,104.97904709520284,HLA-DRB1;IL1B;HLA-DPB1;HLA-DPA1;LGALS9,5,GO_BP,100
GO_Biological_Process_2021_fixed.gmt,regulation of interleukin-1 beta production (GO:0032651),5/83,0.00012802407879577128,0.0034510838631903566,12.394561196079179,111.09607364344839,GSTP1;CD33;MNDA;TYROBP;LGALS9,5,GO_BP,100
GO_Biological_Process_2021_fixed.gmt,regulation of interleukin-10 production (GO:0032653),4/48,0.00017955787296351487,0.004200976650467141,17.718170334419256,152.81944929245134,TYROBP;SYK;HLA-DRB1;LGALS9,5,GO_BP,100
GO_Biological_Process_2021_fixed.gmt,regulation of interleukin-12 production (GO:0032655),2/51,0.036310209193470236,0.12647376235927835,8.641618497109826,28.652637090866467,SYK;LGALS9,5,GO_BP,100
GO_Biological_Process_2021_fixed.gmt,regulation of interleukin-13 production (GO:0032656),1/16,0.09025321665410073,0.1690543635212763,16.406820276497697,39.46063476205768,LGALS9,5,GO_BP,100
GO_Biological_Process_2021_fixed.gmt,regulation of interleukin-2 production (GO:0032663),1/48,0.24728792669326707,0.31004755217356034,5.342255639097744,7.46420986885149,IL1B,5,GO_BP,100
GO_Biological_Process_2021_fixed.gmt,regulation of interleukin-23 production (GO:0032667),1/9,0.051803755642352164,0.13904038310934347,29.932436974789915,88.6087725623409,RAC1,5,GO_BP,100
GO_Biological_Process_2021_fixed.gmt,regulation of interleukin-4 production (GO:0032673),4/23,9.142331263963871e-06,0.0003909134747350069,40.502048247610375,469.9288682921591,FCER1G;SYK;HLA-DRB1;LGALS9,5,GO_BP,100
GO_Biological_Process_2021_fixed.gmt,regulation of interleukin-5 production (GO:0032674),1/13,0.0739673618540095,0.15786493751974487,20.34857142857143,52.990352563030946,LGALS9,5,GO_BP,100
GO_Biological_Process_2021_fixed.gmt,regulation of interleukin-6 production (GO:0032675),6/110,4.616217028570107e-05,0.0015900303098408146,11.11738437001595,110.9887383641397,IL1B;LGALS9;AIF1;SYK;TYROBP;CD74,5,GO_BP,100
GO_Biological_Process_2021_fixed.gmt,regulation of interleukin-8 production (GO:0032677),6/81,8.015926369626132e-06,0.00035499102494058587,15.417900862933976,180.91488522728363,IL1B;LGALS9;KLF4;CD33;SYK;CD74,5,GO_BP,100
GO_Biological_Process_2021_fixed.gmt,regulation of intracellular signal transduction (GO:1902531),3/437,0.47772744907412384,0.5115561630845541,1.3581316159597305,1.0032720599639005,IL1B;RAC1;ZNF385A,5,GO_BP,100
GO_Biological_Process_2021_fixed.gmt,regulation of intrinsic apoptotic signaling pathway (GO:2001242),1/52,0.26492787127893624,0.3249362615092789,4.925991678224688,6.543183287825445,BID,5,GO_BP,100
GO_Biological_Process_2021_fixed.gmt,regulation of intrinsic apoptotic signaling pathway in response to DNA damage by p53 class mediator (GO:1902165),2/14,0.0029822815780102077,0.025957452863801002,34.30635838150289,199.49376020551287,ZNF385A;CD74,5,GO_BP,100
GO_Biological_Process_2021_fixed.gmt,regulation of keratinocyte apoptotic process (GO:1902172),1/6,0.03483764982618056,0.12266140012116471,46.26857142857143,155.3262124144681,GSN,5,GO_BP,100
GO_Biological_Process_2021_fixed.gmt,regulation of kinase activity (GO:0043549),3/94,0.018023010096976082,0.09047988874595281,6.602722653628607,26.517234057283105,PRDX3;HLA-DRB1;CD74,5,GO_BP,100
GO_Biological_Process_2021_fixed.gmt,regulation of lamellipodium assembly (GO:0010591),1/34,0.18218836979107858,0.25157414091418423,7.582004264392324,12.909985781775939,RAC1,5,GO_BP,100
GO_Biological_Process_2021_fixed.gmt,regulation of lamellipodium organization (GO:1902743),1/14,0.07942775264447097,0.16279407153577521,18.84,47.71997621242181,RAC1,5,GO_BP,100
GO_Biological_Process_2021_fixed.gmt,regulation of leukocyte activation (GO:0002694),3/16,0.00010468079409292958,0.0029500951062552882,44.98830409356725,412.2995820046259,PLSCR1;CD33;CD74,5,GO_BP,100
GO_Biological_Process_2021_fixed.gmt,regulation of leukocyte degranulation (GO:0043300),1/9,0.051803755642352164,0.13904038310934347,29.932436974789915,88.6087725623409,SYK,5,GO_BP,100
GO_Biological_Process_2021_fixed.gmt,regulation of leukocyte migration (GO:0002685),1/17,0.09561865576236687,0.1753951673747558,15.411428571428571,36.17659222749534,RAC1,5,GO_BP,100
GO_Biological_Process_2021_fixed.gmt,regulation of lipid catabolic process (GO:0050994),1/21,0.11676934647944666,0.19383398880122338,12.400975609756097,26.631773301022733,IL1B,5,GO_BP,100
GO_Biological_Process_2021_fixed.gmt,regulation of lipid metabolic process (GO:0019216),1/92,0.4203207370787167,0.4592050343415055,2.765058548009368,2.396579102170486,IL1B,5,GO_BP,100
GO_Biological_Process_2021_fixed.gmt,regulation of lipopolysaccharide-mediated signaling pathway (GO:0031664),1/21,0.11676934647944666,0.19383398880122338,12.400975609756097,26.631773301022733,LY86,5,GO_BP,100
GO_Biological_Process_2021_fixed.gmt,regulation of long-term synaptic potentiation (GO:1900271),1/30,0.1625869310777399,0.23662886682675757,8.612397094430992,15.644785002470627,TYROBP,5,GO_BP,100
GO_Biological_Process_2021_fixed.gmt,regulation of low-density lipoprotein particle clearance (GO:0010988),1/10,0.05739333693277774,0.1449444761642452,26.77984962406015,76.53217901759103,ANXA2,5,GO_BP,100
GO_Biological_Process_2021_fixed.gmt,regulation of low-density lipoprotein particle receptor catabolic process (GO:0032803),1/5,0.02911585739723309,0.11721968562522413,56.55428571428571,200.00266631608238,ANXA2,5,GO_BP,100
GO_Biological_Process_2021_fixed.gmt,regulation of lymphocyte proliferation (GO:0050670),1/19,0.10625585510518272,0.18376186935903288,13.743474903474903,30.811570131162792,LST1,5,GO_BP,100
GO_Biological_Process_2021_fixed.gmt,regulation of lysosomal lumen pH (GO:0035751),1/13,0.0739673618540095,0.15786493751974487,20.34857142857143,52.990352563030946,GRN,5,GO_BP,100
GO_Biological_Process_2021_fixed.gmt,regulation of mRNA catabolic process (GO:0061013),1/122,0.5151046325132943,0.5440628145796295,2.078095238095238,1.378577685461419,VIM,5,GO_BP,100
GO_Biological_Process_2021_fixed.gmt,regulation of mRNA stability (GO:0043488),1/146,0.5797547804870162,0.6020903917955612,1.7324889543446245,0.9444664523987145,VIM,5,GO_BP,100
GO_Biological_Process_2021_fixed.gmt,regulation of macromolecule metabolic process (GO:0060255),1/200,0.695697597559482,0.7082635640178634,1.2589044038668098,0.45678112483561245,AIF1,5,GO_BP,100
GO_Biological_Process_2021_fixed.gmt,regulation of macrophage activation (GO:0043030),1/30,0.1625869310777399,0.23662886682675757,8.612397094430992,15.644785002470627,CD74,5,GO_BP,100
GO_Biological_Process_2021_fixed.gmt,regulation of macrophage cytokine production (GO:0010935),1/14,0.07942775264447097,0.16279407153577521,18.84,47.71997621242181,CD74,5,GO_BP,100
GO_Biological_Process_2021_fixed.gmt,regulation of mammary gland epithelial cell proliferation (GO:0033599),1/9,0.051803755642352164,0.13904038310934347,29.932436974789915,88.6087725623409,GPX1,5,GO_BP,100
GO_Biological_Process_2021_fixed.gmt,regulation of mast cell activation (GO:0033003),1/10,0.05739333693277774,0.1449444761642452,26.77984962406015,76.53217901759103,PLSCR1,5,GO_BP,100
GO_Biological_Process_2021_fixed.gmt,regulation of mast cell degranulation (GO:0043304),2/16,0.0039027062758462843,0.03162977635326401,29.570460434522623,164.00028852604538,SYK;LGALS9,5,GO_BP,100
GO_Biological_Process_2021_fixed.gmt,regulation of membrane protein ectodomain proteolysis (GO:0051043),1/22,0.1219801467952022,0.19980895908329024,11.823388704318937,24.875191772751066,IL1B,5,GO_BP,100
GO_Biological_Process_2021_fixed.gmt,regulation of memory T cell differentiation (GO:0043380),2/10,0.0014975240285219813,0.017354484068852868,50.46412784767086,328.21576980375875,HLA-DRA;HLA-DRB1,5,GO_BP,100
GO_Biological_Process_2021_fixed.gmt,regulation of microglial cell activation (GO:1903978),1/15,0.08485630975545977,0.16492448917989044,17.539507389162562,43.26638537899271,GRN,5,GO_BP,100
GO_Biological_Process_2021_fixed.gmt,regulation of microglial cell mediated cytotoxicity (GO:1904149),2/5,0.00033923073874759076,0.006373426000712312,122.59702725020644,979.4068137243092,SPI1;TYROBP,5,GO_BP,100
GO_Biological_Process_2021_fixed.gmt,regulation of microtubule polymerization (GO:0031113),1/40,0.21074305613377056,0.27770604633993146,6.427703435804702,10.008677491323533,RAC1,5,GO_BP,100
GO_Biological_Process_2021_fixed.gmt,regulation of mitochondrial membrane potential (GO:0051881),1/41,0.21540537814895672,0.2817538701526438,6.268571428571429,9.623721145007593,PRDX3,5,GO_BP,100
GO_Biological_Process_2021_fixed.gmt,regulation of mitochondrial outer membrane permeabilization involved in apoptotic signaling pathway (GO:1901028),1/18,0.10095280846296417,0.17960040529996493,14.529795918367347,33.31830574037534,BID,5,GO_BP,100
GO_Biological_Process_2021_fixed.gmt,regulation of mitotic nuclear division (GO:0007088),1/57,0.2864040200521464,0.34412886130296655,4.488546144121365,5.6122617843458595,IL1B,5,GO_BP,100
GO_Biological_Process_2021_fixed.gmt,regulation of monocyte chemotactic protein-1 production (GO:0071637),4/11,3.5962361997383816e-07,2.082274058722919e-05,105.3905325443787,1563.8066275776143,IL1B;SYK;GSTP1;LGALS9,5,GO_BP,100
GO_Biological_Process_2021_fixed.gmt,regulation of monocyte chemotaxis (GO:0090025),1/26,0.14252114696261678,0.21737542710165414,9.966050420168067,19.41650613102388,AIF1,5,GO_BP,100
GO_Biological_Process_2021_fixed.gmt,regulation of monocyte differentiation (GO:0045655),2/16,0.0039027062758462843,0.03162977635326401,29.570460434522623,164.00028852604538,HLA-DRB1;CD74,5,GO_BP,100
GO_Biological_Process_2021_fixed.gmt,regulation of mononuclear cell migration (GO:0071675),1/23,0.12716055223147585,0.20515091185147563,11.297142857142857,23.298151942162995,AIF1,5,GO_BP,100
GO_Biological_Process_2021_fixed.gmt,regulation of monooxygenase activity (GO:0032768),1/24,0.13231073805711827,0.2092669836617687,10.815683890577507,21.875824373563766,IL1B,5,GO_BP,100
GO_Biological_Process_2021_fixed.gmt,regulation of myelination (GO:0031641),1/26,0.14252114696261678,0.21737542710165414,9.966050420168067,19.41650613102388,TYMP,5,GO_BP,100
GO_Biological_Process_2021_fixed.gmt,regulation of myeloid cell differentiation (GO:0045637),1/68,0.3314922033622772,0.383442474038455,3.7542857142857144,4.145298284049039,SPI1,5,GO_BP,100
GO_Biological_Process_2021_fixed.gmt,regulation of myeloid leukocyte mediated immunity (GO:0002886),1/11,0.06295034010487634,0.14953720637939974,24.227755102040817,66.99965481281787,SYK,5,GO_BP,100
GO_Biological_Process_2021_fixed.gmt,regulation of natural killer cell activation (GO:0032814),1/12,0.06847495286588197,0.1520745156932656,22.119503105590063,59.30874170143665,TYROBP,5,GO_BP,100
GO_Biological_Process_2021_fixed.gmt,regulation of natural killer cell mediated cytotoxicity (GO:0042269),1/30,0.1625869310777399,0.23662886682675757,8.612397094430992,15.644785002470627,LGALS9,5,GO_BP,100
GO_Biological_Process_2021_fixed.gmt,regulation of nervous system development (GO:0051960),2/42,0.025366616357968205,0.11721968562522413,10.568400770712909,38.83169991128162,TYMP;IL1B,5,GO_BP,100
GO_Biological_Process_2021_fixed.gmt,regulation of nervous system process (GO:0031644),1/19,0.10625585510518272,0.18376186935903288,13.743474903474903,30.811570131162792,TYMP,5,GO_BP,100
GO_Biological_Process_2021_fixed.gmt,regulation of neurogenesis (GO:0050767),2/62,0.05167460735834104,0.13904038310934347,7.065160273252759,20.932577528091716,IL1B;SERPINF1,5,GO_BP,100
GO_Biological_Process_2021_fixed.gmt,regulation of neuroinflammatory response (GO:0150077),1/19,0.10625585510518272,0.18376186935903288,13.743474903474903,30.811570131162792,IL1B,5,GO_BP,100
GO_Biological_Process_2021_fixed.gmt,regulation of neuron apoptotic process (GO:0043523),1/98,0.44063872177323155,0.47887117878948915,2.5938461538461537,2.125734645828772,GRN,5,GO_BP,100
GO_Biological_Process_2021_fixed.gmt,regulation of neuron death (GO:1901214),1/86,0.3992734179030658,0.4408718060550326,2.960300751879699,2.7178782860197166,TYROBP,5,GO_BP,100
GO_Biological_Process_2021_fixed.gmt,regulation of neuron migration (GO:2001222),1/28,0.1526127557838886,0.2258231708496681,9.24,17.36982854333114,PHACTR1,5,GO_BP,100
GO_Biological_Process_2021_fixed.gmt,regulation of neuron projection development (GO:0010975),1/165,0.6248260387440152,0.6397888423142682,1.5304038211029092,0.7197213789760829,CCDC88A,5,GO_BP,100
GO_Biological_Process_2021_fixed.gmt,regulation of neutrophil activation (GO:1902563),2/5,0.00033923073874759076,0.006373426000712312,122.59702725020644,979.4068137243092,GRN;SYK,5,GO_BP,100
GO_Biological_Process_2021_fixed.gmt,regulation of neutrophil chemotaxis (GO:0090022),2/25,0.00942736642006557,0.05789768116598829,18.23453449760177,85.04839434539905,RAC1;CD74,5,GO_BP,100
GO_Biological_Process_2021_fixed.gmt,regulation of neutrophil degranulation (GO:0043313),2/5,0.00033923073874759076,0.006373426000712312,122.59702725020644,979.4068137243092,SYK;SPI1,5,GO_BP,100
GO_Biological_Process_2021_fixed.gmt,regulation of neutrophil migration (GO:1902622),1/10,0.05739333693277774,0.1449444761642452,26.77984962406015,76.53217901759103,RAC1,5,GO_BP,100
GO_Biological_Process_2021_fixed.gmt,regulation of nitric oxide biosynthetic process (GO:0045428),3/40,0.0016676541531328358,0.018971478439309325,16.169590643274855,103.42615638453579,KLF4;IL1B;RAC1,5,GO_BP,100
GO_Biological_Process_2021_fixed.gmt,regulation of nitric oxide metabolic process (GO:0080164),1/8,0.04618140745129543,0.13317429125489844,33.925714285714285,104.32761013829499,RAC1,5,GO_BP,100
GO_Biological_Process_2021_fixed.gmt,regulation of nitric-oxide synthase activity (GO:0050999),1/39,0.20605334573132425,0.27385439304055953,6.595102040816326,10.417756298263866,IL1B,5,GO_BP,100
GO_Biological_Process_2021_fixed.gmt,regulation of nitric-oxide synthase biosynthetic process (GO:0051769),1/14,0.07942775264447097,0.16279407153577521,18.84,47.71997621242181,GSTP1,5,GO_BP,100
GO_Biological_Process_2021_fixed.gmt,regulation of nucleic acid-templated transcription (GO:1903506),2/430,0.7248660101779675,0.7346503899923883,0.972710287938163,0.3129874862743693,RPS6KA4;SPI1,5,GO_BP,100
GO_Biological_Process_2021_fixed.gmt,regulation of organelle assembly (GO:1902115),1/77,0.3662781023404408,0.41065537694588294,3.3105882352941176,3.3250303177838503,GSN,5,GO_BP,100
GO_Biological_Process_2021_fixed.gmt,regulation of osteoclast development (GO:2001204),1/8,0.04618140745129543,0.13317429125489844,33.925714285714285,104.32761013829499,TYROBP,5,GO_BP,100
GO_Biological_Process_2021_fixed.gmt,regulation of p38MAPK cascade (GO:1900744),3/37,0.0013283029466785142,0.016470956538813575,17.57920162725655,116.44204974700624,IL1B;SPI1;LGALS9,5,GO_BP,100
GO_Biological_Process_2021_fixed.gmt,regulation of peptidase activity (GO:0052547),3/23,0.00032132268829085413,0.006373426000712312,29.612466124661246,238.17498038372852,CST3;CTSH;CSTB,5,GO_BP,100
GO_Biological_Process_2021_fixed.gmt,regulation of peptide hormone secretion (GO:0090276),1/74,0.35488639509697906,0.4021508635590634,3.446413994169096,3.570338613309085,IL1B,5,GO_BP,100
GO_Biological_Process_2021_fixed.gmt,regulation of peptidyl-tyrosine phosphorylation (GO:0050730),1/92,0.4203207370787167,0.4592050343415055,2.765058548009368,2.396579102170486,CD74,5,GO_BP,100
GO_Biological_Process_2021_fixed.gmt,regulation of phagocytosis (GO:0050764),4/58,0.0003743624963632935,0.006826610227801234,14.45735844959557,114.07269280336877,FCER1G;IL1B;SYK;PLSCR1,5,GO_BP,100
GO_Biological_Process_2021_fixed.gmt,regulation of phospholipase activity (GO:0010517),1/11,0.06295034010487634,0.14953720637939974,24.227755102040817,66.99965481281787,RGS2,5,GO_BP,100
GO_Biological_Process_2021_fixed.gmt,regulation of phosphorylation (GO:0042325),1/125,0.523694712694426,0.5508087498364124,2.0276075731497416,1.3115506061928035,CCDC88A,5,GO_BP,100
GO_Biological_Process_2021_fixed.gmt,regulation of plasma membrane bounded cell projection assembly (GO:0120032),1/70,0.33938198320995333,0.38894053528682265,3.6457553956834534,3.9397090506042107,RAC1,5,GO_BP,100
GO_Biological_Process_2021_fixed.gmt,regulation of plasma membrane bounded cell projection organization (GO:0120035),1/28,0.1526127557838886,0.2258231708496681,9.24,17.36982854333114,CCDC88A,5,GO_BP,100
GO_Biological_Process_2021_fixed.gmt,regulation of plasma membrane organization (GO:1903729),1/5,0.02911585739723309,0.11721968562522413,56.55428571428571,200.00266631608238,GSN,5,GO_BP,100
GO_Biological_Process_2021_fixed.gmt,regulation of platelet activation (GO:0010543),2/22,0.007342539848581688,0.048688499530702097,20.90723248272945,102.73961370665528,FCER1G;SYK,5,GO_BP,100
GO_Biological_Process_2021_fixed.gmt,regulation of platelet aggregation (GO:0090330),1/18,0.10095280846296417,0.17960040529996493,14.529795918367347,33.31830574037534,SYK,5,GO_BP,100
GO_Biological_Process_2021_fixed.gmt,regulation of podosome assembly (GO:0071801),2/10,0.0014975240285219813,0.017354484068852868,50.46412784767086,328.21576980375875,CAPG;GSN,5,GO_BP,100
GO_Biological_Process_2021_fixed.gmt,regulation of pri-miRNA transcription by RNA polymerase II (GO:1902893),2/45,0.02883859984663955,0.11721968562522413,9.837552322104843,34.88435911984048,KLF4;SPI1,5,GO_BP,100
GO_Biological_Process_2021_fixed.gmt,regulation of programmed cell death (GO:0043067),2/194,0.31713393318904876,0.3709868652400193,2.2006606110652354,2.5273070690393884,LGALS1;BID,5,GO_BP,100
GO_Biological_Process_2021_fixed.gmt,regulation of prostaglandin biosynthetic process (GO:0031392),2/7,0.0007069338063709959,0.010682135813786828,78.00578034682081,565.8986687073528,IL1B;CD74,5,GO_BP,100
GO_Biological_Process_2021_fixed.gmt,regulation of proteasomal protein catabolic process (GO:0061136),1/54,0.2735939505419366,0.3335855444169138,4.741201602136181,6.145119776084209,GPX1,5,GO_BP,100
GO_Biological_Process_2021_fixed.gmt,regulation of proteasomal ubiquitin-dependent protein catabolic process (GO:0032434),1/102,0.45379123621077955,0.4897311861630693,2.4909500351864886,1.968144506808192,GABARAP,5,GO_BP,100
GO_Biological_Process_2021_fixed.gmt,regulation of protein export from nucleus (GO:0046825),1/23,0.12716055223147585,0.20515091185147563,11.297142857142857,23.298151942162995,IL1B,5,GO_BP,100
GO_Biological_Process_2021_fixed.gmt,regulation of protein insertion into mitochondrial membrane involved in apoptotic signaling pathway (GO:1900739),1/26,0.14252114696261678,0.21737542710165414,9.966050420168067,19.41650613102388,BID,5,GO_BP,100
GO_Biological_Process_2021_fixed.gmt,regulation of protein kinase B signaling (GO:0051896),1/207,0.7081941926473521,0.7203944207405386,1.21564856451055,0.4194436602026628,RAC1,5,GO_BP,100
GO_Biological_Process_2021_fixed.gmt,regulation of protein kinase activity (GO:0045859),1/110,0.4791858108429051,0.5126750694091479,2.3077103718199607,1.6977060031337325,GSTP1,5,GO_BP,100
GO_Biological_Process_2021_fixed.gmt,regulation of protein localization to cell surface (GO:2000008),1/33,0.17733095730063678,0.24846371418394303,7.815824175824176,13.519323991183047,TYROBP,5,GO_BP,100
GO_Biological_Process_2021_fixed.gmt,regulation of protein localization to chromatin (GO:1905634),1/8,0.04618140745129543,0.13317429125489844,33.925714285714285,104.32761013829499,SPI1,5,GO_BP,100
GO_Biological_Process_2021_fixed.gmt,regulation of protein localization to cilium (GO:1903564),1/6,0.03483764982618056,0.12266140012116471,46.26857142857143,155.3262124144681,CCDC88A,5,GO_BP,100
GO_Biological_Process_2021_fixed.gmt,regulation of protein localization to membrane (GO:1905475),1/30,0.1625869310777399,0.23662886682675757,8.612397094430992,15.644785002470627,GSN,5,GO_BP,100
GO_Biological_Process_2021_fixed.gmt,regulation of protein metabolic process (GO:0051246),1/48,0.24728792669326707,0.31004755217356034,5.342255639097744,7.46420986885149,KLF4,5,GO_BP,100
GO_Biological_Process_2021_fixed.gmt,regulation of protein modification process (GO:0031399),1/51,0.26055658142034366,0.32180294916456786,5.023875530410184,6.756787233303926,CCDC88A,5,GO_BP,100
GO_Biological_Process_2021_fixed.gmt,regulation of protein phosphorylation (GO:0001932),5/266,0.020412079157701678,0.09925873786490227,3.6746430656850735,14.300345453146436,HLA-DRB1;IL1B;RAC1;CCDC88A;CD74,5,GO_BP,100
GO_Biological_Process_2021_fixed.gmt,regulation of protein polymerization (GO:0032271),1/35,0.18701742591792456,0.2556798325669531,7.361739130434783,12.34234935608545,COTL1,5,GO_BP,100
GO_Biological_Process_2021_fixed.gmt,regulation of protein secretion (GO:0050708),2/125,0.16788091572591607,0.2406616595377294,3.446327022536332,6.149971901605253,CD33;IL1B,5,GO_BP,100
GO_Biological_Process_2021_fixed.gmt,regulation of protein-containing complex assembly (GO:0043254),3/116,0.031092426418264048,0.12266140012116471,5.314965092614061,18.447133077758483,SYK;BID;GSN,5,GO_BP,100
GO_Biological_Process_2021_fixed.gmt,regulation of proteolysis (GO:0030162),2/54,0.04029565728533218,0.12720366110583672,8.146160198183319,26.161487772385193,CST3;CSTB,5,GO_BP,100
GO_Biological_Process_2021_fixed.gmt,regulation of proteolysis involved in cellular protein catabolic process (GO:1903050),1/25,0.13743087854199543,0.21408830325637476,10.373527696793003,20.58765773573744,GPX1,5,GO_BP,100
GO_Biological_Process_2021_fixed.gmt,regulation of reactive oxygen species metabolic process (GO:2000377),1/57,0.2864040200521464,0.34412886130296655,4.488546144121365,5.6122617843458595,RAC1,5,GO_BP,100
GO_Biological_Process_2021_fixed.gmt,regulation of receptor recycling (GO:0001919),1/17,0.09561865576236687,0.1753951673747558,15.411428571428571,36.17659222749534,ANXA2,5,GO_BP,100
GO_Biological_Process_2021_fixed.gmt,regulation of receptor-mediated endocytosis (GO:0048259),1/39,0.20605334573132425,0.27385439304055953,6.595102040816326,10.417756298263866,RAC1,5,GO_BP,100
GO_Biological_Process_2021_fixed.gmt,regulation of release of cytochrome c from mitochondria (GO:0090199),2/41,0.0242501755263242,0.11304593102496995,10.836686910075365,40.30523015047147,BID;GPX1,5,GO_BP,100
GO_Biological_Process_2021_fixed.gmt,regulation of respiratory burst (GO:0060263),1/9,0.051803755642352164,0.13904038310934347,29.932436974789915,88.6087725623409,RAC1,5,GO_BP,100
GO_Biological_Process_2021_fixed.gmt,regulation of respiratory burst involved in inflammatory response (GO:0060264),1/5,0.02911585739723309,0.11721968562522413,56.55428571428571,200.00266631608238,GRN,5,GO_BP,100
GO_Biological_Process_2021_fixed.gmt,regulation of response to biotic stimulus (GO:0002831),1/29,0.15761443782098158,0.23156623566115778,8.915187969924812,16.47173245373291,SAMHD1,5,GO_BP,100
GO_Biological_Process_2021_fixed.gmt,regulation of response to cytokine stimulus (GO:0060759),1/22,0.1219801467952022,0.19980895908329024,11.823388704318937,24.875191772751066,KLF4,5,GO_BP,100
GO_Biological_Process_2021_fixed.gmt,regulation of response to external stimulus (GO:0032101),2/130,0.17837412764005792,0.2496432486158824,3.31110411371764,5.707919981279144,GRN;SAMHD1,5,GO_BP,100
GO_Biological_Process_2021_fixed.gmt,regulation of signal transduction (GO:0009966),2/198,0.32579750728182766,0.3786212830641671,2.1552751180337997,2.417096288242423,RGS2;PLSCR1,5,GO_BP,100
GO_Biological_Process_2021_fixed.gmt,regulation of signal transduction by p53 class mediator (GO:1901796),1/156,0.6041058613451075,0.6242427233899444,1.6199724391364263,0.8164755525930808,ZNF385A,5,GO_BP,100
GO_Biological_Process_2021_fixed.gmt,regulation of small GTPase mediated signal transduction (GO:0051056),1/141,0.5670297607502367,0.5903584410833699,1.794753431621759,1.0182416729585715,RAC1,5,GO_BP,100
GO_Biological_Process_2021_fixed.gmt,regulation of smooth muscle cell proliferation (GO:0048660),1/49,0.2517367588815263,0.31403780786025415,5.231752577319588,7.216529589632424,AIF1,5,GO_BP,100
GO_Biological_Process_2021_fixed.gmt,regulation of sprouting angiogenesis (GO:1903670),1/33,0.17733095730063678,0.24846371418394303,7.815824175824176,13.519323991183047,KLF4,5,GO_BP,100
GO_Biological_Process_2021_fixed.gmt,regulation of stress fiber assembly (GO:0051492),3/74,0.009478410707012599,0.05789768116598829,8.461088618983355,39.418000347883456,S100A10;RAC1;CCDC88A,5,GO_BP,100
GO_Biological_Process_2021_fixed.gmt,regulation of stress-activated MAPK cascade (GO:0032872),2/49,0.033743981656821444,0.12266140012116471,9.006693033160937,30.523261165737562,GSTP1;LGALS9,5,GO_BP,100
GO_Biological_Process_2021_fixed.gmt,regulation of stress-activated protein kinase signaling cascade (GO:0070302),1/11,0.06295034010487634,0.14953720637939974,24.227755102040817,66.99965481281787,GSTP1,5,GO_BP,100
GO_Biological_Process_2021_fixed.gmt,regulation of substrate adhesion-dependent cell spreading (GO:1900024),2/51,0.036310209193470236,0.12647376235927835,8.641618497109826,28.652637090866467,S100A10;RAC1,5,GO_BP,100
GO_Biological_Process_2021_fixed.gmt,regulation of superoxide anion generation (GO:0032928),3/15,8.541674600032102e-05,0.0025833357326926357,48.590643274853804,455.1956101220641,SYK;GSTP1;TYROBP,5,GO_BP,100
GO_Biological_Process_2021_fixed.gmt,regulation of superoxide metabolic process (GO:0090322),1/6,0.03483764982618056,0.12266140012116471,46.26857142857143,155.3262124144681,SYK,5,GO_BP,100
GO_Biological_Process_2021_fixed.gmt,regulation of supramolecular fiber organization (GO:1902903),1/23,0.12716055223147585,0.20515091185147563,11.297142857142857,23.298151942162995,GPX1,5,GO_BP,100
GO_Biological_Process_2021_fixed.gmt,regulation of telomerase activity (GO:0051972),1/46,0.2383116652480846,0.3018452144102399,5.577833594976452,7.999594762288013,KLF4,5,GO_BP,100
GO_Biological_Process_2021_fixed.gmt,regulation of tissue remodeling (GO:0034103),1/20,0.11152797501071594,0.1881560394738609,13.037802197802197,28.59815605185406,CST3,5,GO_BP,100
GO_Biological_Process_2021_fixed.gmt,regulation of transcription by RNA polymerase II (GO:0006357),6/2206,0.9931509357597863,0.9931509357597863,0.45290946272541366,0.003112677679644563,ID1;RPS6KA4;CEBPD;KLF4;SPI1;PLSCR1,5,GO_BP,100
GO_Biological_Process_2021_fixed.gmt,"regulation of transcription, DNA-templated (GO:0006355)",9/2244,0.9273721082885441,0.9281205926374453,0.6742979565023512,0.05084232393752278,ID1;HLA-DRB1;BASP1;RPS6KA4;IL1B;CEBPD;KLF4;SPI1;CD74,5,GO_BP,100
GO_Biological_Process_2021_fixed.gmt,regulation of transforming growth factor beta production (GO:0071634),1/18,0.10095280846296417,0.17960040529996493,14.529795918367347,33.31830574037534,LGALS9,5,GO_BP,100
GO_Biological_Process_2021_fixed.gmt,regulation of transforming growth factor beta1 production (GO:0032908),1/7,0.04052610249614882,0.12720366110583672,39.14769230769231,125.5000245796484,TYROBP,5,GO_BP,100
GO_Biological_Process_2021_fixed.gmt,regulation of translation (GO:0006417),2/178,0.2822818408795141,0.3414921782347292,2.4027739114771816,3.039146831281528,ZNF385A;VIM,5,GO_BP,100
GO_Biological_Process_2021_fixed.gmt,regulation of transmission of nerve impulse (GO:0051969),1/6,0.03483764982618056,0.12266140012116471,46.26857142857143,155.3262124144681,TYMP,5,GO_BP,100
GO_Biological_Process_2021_fixed.gmt,regulation of tumor necrosis factor production (GO:0032680),5/124,0.0008219749559893982,0.011991164063845339,8.119434770626112,57.678845843189265,GSTP1;CD33;SYK;TYROBP;LGALS9,5,GO_BP,100
GO_Biological_Process_2021_fixed.gmt,regulation of tumor necrosis factor-mediated signaling pathway (GO:0010803),2/58,0.04585311713424079,0.13317429125489844,7.567394751649701,23.32507238662376,SYK;GSTP1,5,GO_BP,100
GO_Biological_Process_2021_fixed.gmt,regulation of type 2 immune response (GO:0002828),1/6,0.03483764982618056,0.12266140012116471,46.26857142857143,155.3262124144681,CD74,5,GO_BP,100
GO_Biological_Process_2021_fixed.gmt,regulation of type I interferon-mediated signaling pathway (GO:0060338),1/30,0.1625869310777399,0.23662886682675757,8.612397094430992,15.644785002470627,SAMHD1,5,GO_BP,100
GO_Biological_Process_2021_fixed.gmt,regulation of vacuole organization (GO:0044088),1/22,0.1219801467952022,0.19980895908329024,11.823388704318937,24.875191772751066,ANXA2,5,GO_BP,100
GO_Biological_Process_2021_fixed.gmt,regulation of vascular endothelial growth factor production (GO:0010574),2/27,0.010946362189661637,0.06402589205273787,16.80210812648759,75.85728570710853,IL1B;SULF2,5,GO_BP,100
GO_Biological_Process_2021_fixed.gmt,regulation of vascular endothelial growth factor receptor signaling pathway (GO:0030947),1/24,0.13231073805711827,0.2092669836617687,10.815683890577507,21.875824373563766,IL1B,5,GO_BP,100
GO_Biological_Process_2021_fixed.gmt,regulation of vasculature development (GO:1901342),1/27,0.14758171560773037,0.22262935201166137,9.58932614555256,18.347960156261912,RNH1,5,GO_BP,100
GO_Biological_Process_2021_fixed.gmt,regulation of vesicle fusion (GO:0031338),1/9,0.051803755642352164,0.13904038310934347,29.932436974789915,88.6087725623409,ANXA2,5,GO_BP,100
GO_Biological_Process_2021_fixed.gmt,regulation of vesicle-mediated transport (GO:0060627),2/96,0.10982813797921137,0.1881560394738609,4.512799339388935,9.968045000282212,AP2S1;SYK,5,GO_BP,100
GO_Biological_Process_2021_fixed.gmt,regulation of viral entry into host cell (GO:0046596),5/39,3.1113053316731038e-06,0.0001483853312028711,28.28612340536319,358.6812883157173,CD74;HLA-DRB1;LGALS1;GSN;LGALS9,5,GO_BP,100
GO_Biological_Process_2021_fixed.gmt,regulation of viral genome replication (GO:0045069),1/67,0.3275124519007622,0.3791927547683895,3.810998925886144,4.253948295804507,PLSCR1,5,GO_BP,100
GO_Biological_Process_2021_fixed.gmt,relaxation of cardiac muscle (GO:0055119),2/13,0.0025660450083524653,0.024858561018414507,37.29203317416436,222.461502111429,RGS2;GSN,5,GO_BP,100
GO_Biological_Process_2021_fixed.gmt,relaxation of muscle (GO:0090075),2/14,0.0029822815780102077,0.025957452863801002,34.30635838150289,199.49376020551287,RGS2;GSN,5,GO_BP,100
GO_Biological_Process_2021_fixed.gmt,release of cytochrome c from mitochondria (GO:0001836),1/18,0.10095280846296417,0.17960040529996493,14.529795918367347,33.31830574037534,BID,5,GO_BP,100
GO_Biological_Process_2021_fixed.gmt,renal absorption (GO:0070293),1/14,0.07942775264447097,0.16279407153577521,18.84,47.71997621242181,GSN,5,GO_BP,100
GO_Biological_Process_2021_fixed.gmt,renal filtration (GO:0097205),1/10,0.05739333693277774,0.1449444761642452,26.77984962406015,76.53217901759103,SULF2,5,GO_BP,100
GO_Biological_Process_2021_fixed.gmt,renal filtration cell differentiation (GO:0061318),1/6,0.03483764982618056,0.12266140012116471,46.26857142857143,155.3262124144681,BASP1,5,GO_BP,100
GO_Biological_Process_2021_fixed.gmt,renal system development (GO:0072001),1/57,0.2864040200521464,0.34412886130296655,4.488546144121365,5.6122617843458595,SULF2,5,GO_BP,100
GO_Biological_Process_2021_fixed.gmt,replication fork processing (GO:0031297),1/39,0.20605334573132425,0.27385439304055953,6.595102040816326,10.417756298263866,SAMHD1,5,GO_BP,100
GO_Biological_Process_2021_fixed.gmt,respiratory system development (GO:0060541),1/35,0.18701742591792456,0.2556798325669531,7.361739130434783,12.34234935608545,BASP1,5,GO_BP,100
GO_Biological_Process_2021_fixed.gmt,response to UV (GO:0009411),1/99,0.4439559124521149,0.4820537052895118,2.5673386511965193,2.084756050524822,GPX1,5,GO_BP,100
GO_Biological_Process_2021_fixed.gmt,response to axon injury (GO:0048678),1/18,0.10095280846296417,0.17960040529996493,14.529795918367347,33.31830574037534,TYROBP,5,GO_BP,100
GO_Biological_Process_2021_fixed.gmt,response to cytokine (GO:0034097),4/150,0.01187670563773884,0.06724710041459435,5.34489165337157,23.694847039733293,IL1B;LGALS9;CD74;PLSCR1,5,GO_BP,100
GO_Biological_Process_2021_fixed.gmt,response to growth factor (GO:0070848),1/41,0.21540537814895672,0.2817538701526438,6.268571428571429,9.623721145007593,KLF4,5,GO_BP,100
GO_Biological_Process_2021_fixed.gmt,response to hydrogen peroxide (GO:0042542),2/49,0.033743981656821444,0.12266140012116471,9.006693033160937,30.523261165737562,PRDX3;GPX1,5,GO_BP,100
GO_Biological_Process_2021_fixed.gmt,response to interferon-beta (GO:0035456),2/28,0.011743630851457207,0.0671064620083269,16.166975678918092,71.85322194331387,MNDA;PLSCR1,5,GO_BP,100
GO_Biological_Process_2021_fixed.gmt,response to interferon-gamma (GO:0034341),4/80,0.001264848077322995,0.01600420016204606,10.284371736860425,68.62558926298384,HLA-DPA1;AIF1;LGALS9;CD74,5,GO_BP,100
GO_Biological_Process_2021_fixed.gmt,response to interleukin-1 (GO:0070555),2/86,0.09134204609938082,0.1705785198241449,5.050278756370353,12.086044660499601,IL1B;LGALS9,5,GO_BP,100
GO_Biological_Process_2021_fixed.gmt,response to laminar fluid shear stress (GO:0034616),1/10,0.05739333693277774,0.1449444761642452,26.77984962406015,76.53217901759103,KLF4,5,GO_BP,100
GO_Biological_Process_2021_fixed.gmt,response to lead ion (GO:0010288),1/7,0.04052610249614882,0.12720366110583672,39.14769230769231,125.5000245796484,PLSCR1,5,GO_BP,100
GO_Biological_Process_2021_fixed.gmt,response to lipid (GO:0033993),4/114,0.004587203301169449,0.03533001300279576,7.1035636830972715,38.249030273897326,IL1B;CTSH;PRDX3;LGALS9,5,GO_BP,100
GO_Biological_Process_2021_fixed.gmt,response to lipopolysaccharide (GO:0032496),5/159,0.002471026932514461,0.02471026932514461,6.265159002383582,37.61051041113247,IL1B;VIM;GSTP1;PRDX3;LGALS9,5,GO_BP,100
GO_Biological_Process_2021_fixed.gmt,response to metal ion (GO:0010038),1/71,0.3432922802085085,0.39197276929884944,3.5937993920972646,3.842393513861737,PLSCR1,5,GO_BP,100
GO_Biological_Process_2021_fixed.gmt,response to molecule of bacterial origin (GO:0002237),3/73,0.00913246884407056,0.057193239225492395,8.581684708224461,40.29889808276669,IL1B;PRDX3;LGALS9,5,GO_BP,100
GO_Biological_Process_2021_fixed.gmt,response to muramyl dipeptide (GO:0032495),1/13,0.0739673618540095,0.15786493751974487,20.34857142857143,52.990352563030946,VIM,5,GO_BP,100
GO_Biological_Process_2021_fixed.gmt,response to muscle stretch (GO:0035994),1/15,0.08485630975545977,0.16492448917989044,17.539507389162562,43.26638537899271,GSN,5,GO_BP,100
GO_Biological_Process_2021_fixed.gmt,response to organic cyclic compound (GO:0014070),1/60,0.2989907080352925,0.35512306318368075,4.261368547418968,5.144932560915505,IL1B,5,GO_BP,100
GO_Biological_Process_2021_fixed.gmt,response to reactive oxygen species (GO:0000302),3/59,0.005063418360003559,0.037596639319786906,10.718263209646535,56.6536680995757,GSTP1;PRDX3;GPX1,5,GO_BP,100
GO_Biological_Process_2021_fixed.gmt,response to retinoic acid (GO:0032526),1/62,0.3072596371080392,0.3625137488239473,4.122229965156794,4.864487618706505,CTSH,5,GO_BP,100
GO_Biological_Process_2021_fixed.gmt,response to thyroid hormone (GO:0097066),1/13,0.0739673618540095,0.15786493751974487,20.34857142857143,52.990352563030946,CTSH,5,GO_BP,100
GO_Biological_Process_2021_fixed.gmt,retina homeostasis (GO:0001895),1/36,0.19181828932681072,0.2596666798747219,7.1538832997987925,11.81254049949671,LYZ,5,GO_BP,100
GO_Biological_Process_2021_fixed.gmt,"retrograde vesicle-mediated transport, Golgi to endoplasmic reticulum (GO:0006890)",2/85,0.0895487161042728,0.1690543635212763,5.111107265238309,12.33296121307288,ARF3;ARF5,5,GO_BP,100
GO_Biological_Process_2021_fixed.gmt,ruffle assembly (GO:0097178),2/6,0.0005068952524957986,0.008270396224931451,95.34682080924856,723.4159879243099,AIF1;RAC1,5,GO_BP,100
GO_Biological_Process_2021_fixed.gmt,ruffle organization (GO:0031529),2/17,0.004406190921842406,0.034147979644278646,27.660824165578966,150.05290927056012,AIF1;RAC1,5,GO_BP,100
GO_Biological_Process_2021_fixed.gmt,selective autophagy (GO:0061912),1/59,0.2948197264468616,0.35084113319972016,4.334505494505494,5.2941268943375395,VIM,5,GO_BP,100
GO_Biological_Process_2021_fixed.gmt,semaphorin-plexin signaling pathway (GO:0071526),2/35,0.01800046147831645,0.09047988874595281,12.782762488137347,51.35293165757135,SEMA4A;RAC1,5,GO_BP,100
GO_Biological_Process_2021_fixed.gmt,sequestering of actin monomers (GO:0042989),1/10,0.05739333693277774,0.1449444761642452,26.77984962406015,76.53217901759103,GSN,5,GO_BP,100
GO_Biological_Process_2021_fixed.gmt,signal transduction in response to DNA damage (GO:0042770),1/52,0.26492787127893624,0.3249362615092789,4.925991678224688,6.543183287825445,BID,5,GO_BP,100
GO_Biological_Process_2021_fixed.gmt,skeletal muscle organ development (GO:0060538),1/32,0.1724450238621847,0.24521998806090484,8.064489795918368,14.174766582278064,BASP1,5,GO_BP,100
GO_Biological_Process_2021_fixed.gmt,skeletal system development (GO:0001501),1/158,0.6088059693425968,0.6259696533870813,1.5991836734693878,0.7936039611511153,SULF2,5,GO_BP,100
GO_Biological_Process_2021_fixed.gmt,small GTPase mediated signal transduction (GO:0007264),2/106,0.1291988646690948,0.20790554422313273,4.078186796470946,8.345611554068011,RAC1;CCDC88A,5,GO_BP,100
GO_Biological_Process_2021_fixed.gmt,somatic hypermutation of immunoglobulin genes (GO:0016446),1/8,0.04618140745129543,0.13317429125489844,33.925714285714285,104.32761013829499,SAMHD1,5,GO_BP,100
GO_Biological_Process_2021_fixed.gmt,sphingosine-1-phosphate receptor signaling pathway (GO:0003376),1/7,0.04052610249614882,0.12720366110583672,39.14769230769231,125.5000245796484,RAC1,5,GO_BP,100
GO_Biological_Process_2021_fixed.gmt,steroid metabolic process (GO:0008202),1/104,0.4602523644702021,0.49584094869074774,2.4424844720496894,1.895319885932576,ACAA1,5,GO_BP,100
GO_Biological_Process_2021_fixed.gmt,stimulatory C-type lectin receptor signaling pathway (GO:0002223),4/115,0.004731463556028444,0.035993955886351355,7.039376973492185,37.68545037408651,FCER1G;CLEC10A;SYK;TYROBP,5,GO_BP,100
GO_Biological_Process_2021_fixed.gmt,stress fiber assembly (GO:0043149),1/15,0.08485630975545977,0.16492448917989044,17.539507389162562,43.26638537899271,PHACTR1,5,GO_BP,100
GO_Biological_Process_2021_fixed.gmt,stress-activated MAPK cascade (GO:0051403),1/62,0.3072596371080392,0.3625137488239473,4.122229965156794,4.864487618706505,LGALS9,5,GO_BP,100
GO_Biological_Process_2021_fixed.gmt,substantia nigra development (GO:0021762),1/43,0.224648488607496,0.2904735410566163,5.972773109243698,8.918654534054745,BASP1,5,GO_BP,100
GO_Biological_Process_2021_fixed.gmt,substrate adhesion-dependent cell spreading (GO:0034446),1/48,0.24728792669326707,0.31004755217356034,5.342255639097744,7.46420986885149,RAC1,5,GO_BP,100
GO_Biological_Process_2021_fixed.gmt,sulfur compound biosynthetic process (GO:0044272),1/113,0.48840478138093146,0.5207411254620422,2.2457142857142856,1.6093029916237747,GSTP1,5,GO_BP,100
GO_Biological_Process_2021_fixed.gmt,supramolecular fiber organization (GO:0097435),8/351,0.001076259712037247,0.014665516955232818,4.4592204833328815,30.475487690941552,TGFBI;LYZ;CST3;VIM;TPM4;RAC1;CCDC88A;GSN,5,GO_BP,100
GO_Biological_Process_2021_fixed.gmt,surfactant homeostasis (GO:0043129),1/7,0.04052610249614882,0.12720366110583672,39.14769230769231,125.5000245796484,CTSH,5,GO_BP,100
GO_Biological_Process_2021_fixed.gmt,thorax and anterior abdomen determination (GO:0007356),1/5,0.02911585739723309,0.11721968562522413,56.55428571428571,200.00266631608238,BASP1,5,GO_BP,100
GO_Biological_Process_2021_fixed.gmt,toll-like receptor 2 signaling pathway (GO:0034134),1/5,0.02911585739723309,0.11721968562522413,56.55428571428571,200.00266631608238,LGALS9,5,GO_BP,100
GO_Biological_Process_2021_fixed.gmt,toll-like receptor 4 signaling pathway (GO:0034142),1/20,0.11152797501071594,0.1881560394738609,13.037802197802197,28.59815605185406,LGALS9,5,GO_BP,100
GO_Biological_Process_2021_fixed.gmt,toll-like receptor signaling pathway (GO:0002224),1/91,0.4168641863850535,0.45703942627539024,2.7958011049723757,2.4463114352683766,LGALS9,5,GO_BP,100
GO_Biological_Process_2021_fixed.gmt,transcription by RNA polymerase II (GO:0006366),1/320,0.8521225542741933,0.8548802324433653,0.7796378269617706,0.12476148046161115,CEBPD,5,GO_BP,100
GO_Biological_Process_2021_fixed.gmt,"transcription, DNA-templated (GO:0006351)",1/221,0.7316849859524389,0.7406443939436933,1.1373760932944605,0.355322211253601,CEBPD,5,GO_BP,100
GO_Biological_Process_2021_fixed.gmt,transforming growth factor beta receptor signaling pathway (GO:0007179),1/89,0.4098898402051868,0.45058812221137556,2.859370460048426,2.55017769033571,ID1,5,GO_BP,100
GO_Biological_Process_2021_fixed.gmt,transmembrane receptor protein serine/threonine kinase signaling pathway (GO:0007178),1/133,0.5458729855429699,0.571691302426759,1.9041509433962265,1.1527138715451068,ID1,5,GO_BP,100
GO_Biological_Process_2021_fixed.gmt,transmembrane receptor protein tyrosine kinase signaling pathway (GO:0007169),4/404,0.2149375961983886,0.2817538701526438,1.9213483146067416,2.9538953920395845,SYK;AP2S1;RAC1;SULF2,5,GO_BP,100
GO_Biological_Process_2021_fixed.gmt,tumor necrosis factor-mediated signaling pathway (GO:0033209),1/116,0.4974623881202167,0.5281278777988602,2.186938775510204,1.5269979110689014,TNFSF13B,5,GO_BP,100
GO_Biological_Process_2021_fixed.gmt,type I interferon signaling pathway (GO:0060337),1/65,0.3194825485695211,0.37232928592688547,3.9297009966777408,4.483995648420875,SAMHD1,5,GO_BP,100
GO_Biological_Process_2021_fixed.gmt,ubiquitin-dependent protein catabolic process (GO:0006511),2/354,0.620852135796488,0.6372985499897724,1.1886606813430083,0.5665897723357078,UBL7;RNF130,5,GO_BP,100
GO_Biological_Process_2021_fixed.gmt,unsaturated fatty acid metabolic process (GO:0033559),3/54,0.003945774531861794,0.03177117155525081,11.762845625390337,65.10864458385268,ACAA1;GSTP1;GPX1,5,GO_BP,100
GO_Biological_Process_2021_fixed.gmt,vacuolar acidification (GO:0007035),1/21,0.11676934647944666,0.19383398880122338,12.400975609756097,26.631773301022733,GRN,5,GO_BP,100
GO_Biological_Process_2021_fixed.gmt,vascular endothelial growth factor receptor signaling pathway (GO:0048010),1/67,0.3275124519007622,0.3791927547683895,3.810998925886144,4.253948295804507,RAC1,5,GO_BP,100
GO_Biological_Process_2021_fixed.gmt,very long-chain fatty acid metabolic process (GO:0000038),1/33,0.17733095730063678,0.24846371418394303,7.815824175824176,13.519323991183047,ACAA1,5,GO_BP,100
GO_Biological_Process_2021_fixed.gmt,xenobiotic catabolic process (GO:0042178),1/7,0.04052610249614882,0.12720366110583672,39.14769230769231,125.5000245796484,ACAA1,5,GO_BP,100
GO_Biological_Process_2021_fixed.gmt,"zygotic determination of anterior/posterior axis, embryo (GO:0007354)",1/5,0.02911585739723309,0.11721968562522413,56.55428571428571,200.00266631608238,BASP1,5,GO_BP,100
GO_Biological_Process_2021_fixed.gmt,zymogen activation (GO:0031638),1/45,0.2337839312938716,0.29824287531316956,5.7035634028892455,8.289319276132373,CTSH,5,GO_BP,100
