group,names,scores,logfoldchanges,pvals,pvals_adj,pct_nz_group,pct_nz_reference
0,LDHB,32.76837,2.7727456,1.6623862959465616e-235,2.2701547257446244e-231,0.9296740994854202,0.4735054347826087
0,RPS12,32.06154,1.0441041,1.516122209185062e-225,1.0352082444315602e-221,1.0,0.9884510869565217
0,RPS25,30.049871,1.1677107,2.1917358021053022e-198,5.9860688227100014e-195,0.9991423670668954,0.9667119565217391
0,RPS27,29.250029,1.0163331,4.4864741825852745e-188,8.752470205340645e-185,0.9991423670668954,0.9891304347826086
0,RPS6,29.0243,0.86427593,3.248314868933281e-185,5.544873481269111e-182,1.0,0.9932065217391305
0,RPS3,28.692566,0.8712718,4.723746985578654e-181,6.45074888350621e-178,1.0,0.9925271739130435
0,CD3D,28.484028,3.2761366,1.8475269630639526e-178,2.293620746145576e-175,0.8756432246998285,0.23845108695652173
0,RPS14,28.033215,0.776794,6.399506910274784e-173,7.282638863892705e-170,1.0,0.9925271739130435
0,TPT1,27.943035,0.95386374,8.010635601492512e-172,8.414864597998595e-169,0.9957118353344768,0.9782608695652174
0,RPL31,27.62942,1.1297989,4.932803540542699e-168,4.490824343310073e-165,0.9982847341337907,0.951766304347826
0,RPL30,27.044651,1.0112038,4.414948758794768e-161,3.546502367653021e-158,0.9991423670668954,0.9735054347826086
0,RPL3,27.005737,0.8484656,1.2654982813818662e-160,9.600913628083758e-158,0.9982847341337907,0.9938858695652174
0,RPS15A,26.958925,0.9570939,4.48317552170793e-160,3.222223417075973e-157,0.9974271012006861,0.9782608695652174
0,RPL9,26.677092,1.113892,8.681989851415232e-157,5.92806267054632e-154,0.9982847341337907,0.9612771739130435
0,RPL32,26.63051,0.7342325,3.010152144067721e-156,1.9574589371137524e-153,0.9991423670668954,0.9932065217391305
0,RPS27A,26.468504,1.2967703,2.2347029795562997e-154,1.3871410858554921e-151,0.9965694682675815,0.9558423913043478
0,EEF1A1,26.289433,0.7399161,2.5329429019895877e-152,1.5039073160682526e-149,0.9965694682675815,0.9877717391304348
0,RPLP2,26.275871,0.8480286,3.6195941981447315e-152,2.0595490987443524e-149,1.0,0.9864130434782609
0,RPS18,25.957827,0.75359786,1.4835634018322356e-148,8.103816726168403e-146,0.9991423670668954,0.9959239130434783
0,RPS29,25.506601,1.313682,1.6653669379140304e-143,8.423055890427406e-141,0.9905660377358491,0.876358695652174
0,RPL13,25.47729,0.7124853,3.51992376167244e-143,1.7167171031928157e-140,1.0,0.9952445652173914
0,RPL27A,25.304008,0.8146496,2.885630266626791e-141,1.358833342105361e-138,0.9991423670668954,0.9836956521739131
0,LTB,24.57144,2.5179703,2.5522307809906687e-133,1.1242988240389862e-130,0.9305317324185248,0.5244565217391305
0,RPS3A,24.513765,1.1057818,1.0535795575707492e-132,4.4961507619331724e-130,0.9965694682675815,0.9680706521739131
0,RPL13A,24.504835,0.67815995,1.3118424915290923e-132,5.428642746764026e-130,1.0,0.998641304347826
0,RPL23A,24.265491,0.863415,4.537892879405135e-130,1.721374032254348e-127,1.0,0.984375
0,CD3E,24.19665,2.702262,2.4129632127382285e-129,8.90579071166304e-127,0.7718696397941681,0.25883152173913043
0,RPL21,24.141651,0.873168,9.137292593995955e-129,3.283654412200231e-126,0.9982847341337907,0.9884510869565217
0,RPSA,24.034256,1.1556014,1.2196639365924046e-127,4.2707001841297117e-125,0.9914236706689536,0.9327445652173914
0,RPS13,23.730394,0.9715578,1.7514530977483208e-124,5.979460875712767e-122,0.9879931389365352,0.951766304347826
0,RPL11,23.537323,0.5946964,1.6928357803397522e-122,5.6383818088584525e-120,1.0,0.9938858695652174
0,RPS4X,23.520493,0.681347,2.517176957359908e-122,8.184421078501644e-120,0.9982847341337907,0.9891304347826086
0,RPS20,23.462303,1.0811892,9.900041846269896e-122,3.1440691035502725e-119,0.9931389365351629,0.9239130434782609
0,RPL35A,23.43348,0.7986153,1.948467460871094e-121,6.047334464921741e-119,0.9991423670668954,0.9741847826086957
0,RPS28,22.88299,0.85742015,6.863051984054376e-116,2.0374312585705774e-113,0.9922813036020584,0.9605978260869565
0,RPLP0,22.713907,1.0628746,3.264898204967068e-114,9.4862659334107e-112,0.9879931389365352,0.921875
0,RPL36,22.289215,0.94756746,4.701713976506636e-110,1.3376376263161381e-107,0.9922813036020584,0.9320652173913043
0,IL32,22.28296,2.5724664,5.406377952873602e-110,1.506724435192692e-107,0.8421955403087479,0.3226902173913043
0,IL7R,22.212753,2.8697345,2.585964978536543e-109,7.062787549379006e-107,0.6655231560891939,0.19429347826086957
0,RPL14,21.819613,0.6785854,1.5113274187779575e-105,4.0468014178101545e-103,0.9957118353344768,0.9809782608695652
0,RPL10,21.79537,0.47199705,2.567100927973378e-105,6.741601975462395e-103,1.0,0.9966032608695652
0,RPS10,21.75535,0.8218068,6.147462224100294e-105,1.554624891339141e-102,0.9922813036020584,0.9599184782608695
0,NPM1,21.753601,1.3493085,6.386526560429735e-105,1.5857164856223355e-102,0.9305317324185248,0.75
0,RPL5,21.709438,0.8568544,1.670879969258686e-104,4.0745601536065386e-102,0.9931389365351629,0.9585597826086957
0,RPS23,21.346382,0.82744783,4.213119731638276e-101,1.0093747904430227e-98,1.0,0.96875
0,JUNB,21.109407,1.1982781,6.5184353835281815e-99,1.5087415863976415e-96,0.9416809605488851,0.8783967391304348
0,RPS16,21.095304,0.70641786,8.783815874606077e-99,1.9991964930603428e-96,0.9982847341337907,0.9755434782608695
0,RPL10A,20.89773,0.73420703,5.615157464882771e-97,1.1981342240693614e-94,0.9948542024013722,0.9802989130434783
0,TMEM66,20.669094,1.5091417,6.573884209345637e-95,1.3811225040434464e-92,0.8790737564322469,0.6256793478260869
0,RPL19,20.10319,0.55088043,6.920028466396345e-90,1.3695638947407027e-87,0.9991423670668954,0.9911684782608695
0,MALAT1,19.935623,0.8021669,1.9980006090886437e-88,3.8429149743259884e-86,1.0,0.9993206521739131
0,NOSIP,19.61336,2.307544,1.1891139216749646e-85,2.255352738110183e-83,0.6492281303602059,0.2547554347826087
0,RPL36A,19.612484,1.0023847,1.2097508857213199e-85,2.2630627527959377e-83,0.9656946826758147,0.8614130434782609
0,RPS15,18.613653,0.5550518,2.4904728427708204e-77,4.3050502709972564e-75,0.9991423670668954,0.985733695652174
0,RPL18,18.444439,0.66643673,5.779523896405102e-76,9.625021747476594e-74,0.9982847341337907,0.9721467391304348
0,RPS5,18.344944,0.74071044,3.6229424168377295e-75,5.889869243373337e-73,0.9948542024013722,0.9660326086956522
0,RPL17,18.243185,0.7123806,2.3439175231194508e-74,3.7657103171434377e-72,0.9802744425385935,0.9483695652173914
0,RPS2,18.216394,0.47247386,3.8254587767231675e-74,6.074472680805997e-72,1.0,0.9938858695652174
0,RPS26,18.019953,0.97186005,1.358586536179934e-72,2.1325123836865724e-70,0.9751286449399656,0.8675271739130435
0,RPL4,17.697483,0.7228091,4.384671316501986e-70,6.804212670244445e-68,0.9879931389365352,0.9483695652173914
0,RPS8,17.421185,0.63461304,5.6985764105887525e-68,8.646639940333334e-66,0.9974271012006861,0.9796195652173914
0,RPLP1,17.232592,0.48742247,1.5122088037670686e-66,2.2446438504612053e-64,0.9991423670668954,0.9952445652173914
0,RPL7,17.197514,0.7298836,2.771707087436733e-66,4.0699389232296803e-64,0.983704974271012,0.9592391304347826
0,RPS21,16.60698,1.0023816,6.203861866459659e-62,8.644891596772765e-60,0.9442538593481989,0.8029891304347826
0,BTG1,16.456015,1.026453,7.593944404743708e-61,1.0475040887997988e-58,0.9468267581475128,0.8288043478260869
0,RPL38,16.381483,0.9077344,2.5934169944567643e-60,3.506505195673423e-58,0.9579759862778731,0.8417119565217391
0,RPL35,16.339739,0.66224706,5.147225484093976e-60,6.891226589292876e-58,0.9939965694682675,0.9538043478260869
0,RPL24,16.325148,0.70909035,6.53825953193229e-60,8.668589530880326e-58,0.9854202401372213,0.9273097826086957
0,RPSAP58,16.284819,1.2042762,1.26502067694154e-59,1.6610694581070835e-57,0.8550600343053173,0.6413043478260869
0,EEF1B2,16.211884,0.9178822,4.156285667419989e-59,5.405546388027368e-57,0.9476843910806175,0.8403532608695652
0,RPL22,16.047277,1.0527799,5.972670813697075e-58,7.62269090017264e-56,0.9065180102915952,0.7370923913043478
0,AES,15.873484,1.6671884,9.671961274062182e-57,1.2229657699869736e-54,0.6809605488850772,0.344429347826087
0,GLTSCR2,15.799108,1.016618,3.1555214051253914e-56,3.917436391672031e-54,0.91852487135506,0.7663043478260869
0,RPS19,15.30619,0.513691,6.951907528723223e-53,8.045360102732571e-51,0.9982847341337907,0.9898097826086957
0,RPL18A,15.260509,0.47716066,1.4015157998117916e-52,1.5949249801858186e-50,0.9991423670668954,0.9898097826086957
0,CD2,15.213335,2.1732051,2.8846590170998792e-52,3.255611862604624e-50,0.5145797598627787,0.16304347826086957
0,RPL37A,15.056012,0.69432133,3.1523857900967064e-51,3.4999171015902946e-49,0.9888507718696398,0.9293478260869565
0,RPL27,14.841195,0.61478037,7.932988586203708e-50,8.530148986865971e-48,0.9802744425385935,0.9402173913043478
0,HINT1,14.806993,1.2497859,1.3201669707340837e-49,1.4084531369019254e-47,0.7761578044596913,0.5353260869565217
0,RPL37,14.595186,0.6796803,3.013869016672881e-48,3.1179844917943083e-46,0.9871355060034306,0.9279891304347826
0,RPL6,14.586951,0.41236725,3.400586798526521e-48,3.49161002411114e-46,0.9982847341337907,0.9904891304347826
0,RPS7,14.402863,0.4844397,4.964371304284702e-47,4.858648179178782e-45,0.9982847341337907,0.9823369565217391
0,GIMAP7,14.402632,1.4150398,4.981039433838822e-47,4.858648179178782e-45,0.6886792452830188,0.422554347826087
0,CD27,14.298633,2.567289,2.2315007568311863e-46,2.1460122771328648e-44,0.4219554030874786,0.09510869565217392
0,RPL7A,14.292405,0.5370454,2.44034461250207e-46,2.3304437782047737e-44,0.9922813036020584,0.9667119565217391
0,CD7,14.174715,1.7804656,1.3137535283751872e-45,1.245876262742469e-43,0.5600343053173242,0.21535326086956522
0,LCK,14.133615,1.8347331,2.3572627642493007e-45,2.2048479663416747e-43,0.5437392795883362,0.21671195652173914
0,EVL,13.794031,1.3524668,2.7684778977581368e-43,2.5718594674683753e-41,0.6818181818181818,0.41440217391304346
0,RPL12,13.738416,0.4263282,5.9769214530932195e-43,5.514921578610879e-41,0.9991423670668954,0.9864130434782609
0,RPL34,13.646848,0.78274935,2.1080118912735118e-42,1.919134025815405e-40,0.9313893653516295,0.8926630434782609
0,JUN,13.5490265,1.0787762,8.028823264199629e-42,7.213263848415141e-40,0.8267581475128645,0.6759510869565217
0,CCR7,13.374048,3.0478964,8.574400382117484e-41,7.505898180653612e-39,0.3644939965694683,0.06317934782608696
0,RPS4Y1,13.320724,0.75577277,1.753986723882266e-40,1.5256332930787403e-38,0.9408233276157805,0.8457880434782609
0,PIK3IP1,13.169166,2.2931871,1.3204882501369116e-39,1.141303009105675e-37,0.4159519725557461,0.12160326086956522
0,RPL28,13.083929,0.3696455,4.0685598465656516e-39,3.4725158290437833e-37,1.0,0.9911684782608695
0,ZFP36L2,13.035005,1.1451931,7.736202312564242e-39,6.561837191327782e-37,0.7710120068610634,0.5584239130434783
0,TMEM123,12.698535,1.410585,6.024693339112614e-37,5.016659282861089e-35,0.5711835334476844,0.3138586956521739
0,HSPA8,12.503843,1.0537822,7.112728948137648e-36,5.851290753961911e-34,0.7950257289879932,0.5801630434782609
0,RPL15,12.416857,0.33503133,2.117176985613445e-35,1.731267599732767e-33,0.9974271012006861,0.9945652173913043
0,LEF1,12.252637,3.376759,1.626217802177935e-34,1.298691830791923e-32,0.3181818181818182,0.044157608695652176
0,TOMM7,12.214213,0.85549676,2.610153069996948e-34,2.0603612903975907e-32,0.8619210977701544,0.7133152173913043
0,PRDX2,12.061574,1.7996678,1.6853120800432407e-33,1.315121243718314e-31,0.44082332761578047,0.171875
0,GIMAP5,11.991933,1.8390621,3.9165847396839944e-33,3.021744700854499e-31,0.43310463121783876,0.16915760869565216
0,RGCC,11.805838,2.1810389,3.641485344316385e-32,2.7626735478880307e-30,0.37735849056603776,0.11413043478260869
0,AQP3,11.63907,3.061948,2.608469098438719e-31,1.9572117586966564e-29,0.313893653516295,0.050951086956521736
0,HNRNPA1,11.60394,0.590933,3.935347818528098e-31,2.9366726672032625e-29,0.967409948542024,0.8994565217391305
0,CD3G,11.467463,2.120439,1.9221248075467254e-30,1.4188398038842207e-28,0.36963979416809606,0.09986413043478261
0,TRAT1,11.435731,2.7922566,2.771937121608061e-30,2.0242552584320686e-28,0.3181818181818182,0.058423913043478264
0,EIF4A2,11.429992,0.99290425,2.961379275939491e-30,2.140348300247704e-28,0.7547169811320755,0.5502717391304348
0,TCF7,11.429966,2.103095,2.9622570939280617e-30,2.140348300247704e-28,0.37221269296740994,0.12296195652173914
0,C6orf48,11.344086,1.0973376,7.935159801100828e-30,5.643882408532964e-28,0.6629502572898799,0.452445652173913
0,RPL26,11.234194,0.34552193,2.7701196112311456e-29,1.9399360723575656e-27,0.9974271012006861,0.9877717391304348
0,MAL,11.170909,4.1524796,5.659859587776355e-29,3.943420537279281e-27,0.27358490566037735,0.02309782608695652
0,PRKCQ-AS1,11.139485,2.8320785,8.058334412287393e-29,5.5860210524972915e-27,0.3096054888507719,0.057065217391304345
0,MYL12A,10.927268,0.71077216,8.538008569988999e-28,5.800748509043273e-26,0.9391080617495712,0.8226902173913043
0,SOD1,10.831685,1.0810962,2.4362901198798324e-27,1.6229257501014143e-25,0.630360205831904,0.41915760869565216
0,LEPROTL1,10.698657,1.7738842,1.0326387465645512e-26,6.715102249088339e-25,0.3910806174957118,0.15557065217391305
0,RPL29,10.463534,0.35866126,1.2702650342971903e-25,8.105952947832911e-24,0.9948542024013722,0.9802989130434783
0,FLT3LG,10.336683,2.510199,4.808953232324318e-25,2.998678782676753e-23,0.3018867924528302,0.07065217391304347
0,TRAF3IP3,10.27834,1.0772326,8.823421294771353e-25,5.476938236427163e-23,0.5943396226415094,0.39402173913043476
0,DNAJB1,10.244832,1.5608672,1.2484167241291937e-24,7.714198545116864e-23,0.41509433962264153,0.1949728260869565
0,DDX5,10.199228,0.7502536,1.9985457143092224e-24,1.2293756880453486e-22,0.8910806174957119,0.7527173913043478
0,PEBP1,10.119601,1.2228546,4.522531819278385e-24,2.7571292198243584e-22,0.5008576329331046,0.2866847826086957
0,ACAP1,10.063137,1.4499075,8.039485678313889e-24,4.836441252116936e-22,0.43567753001715265,0.19769021739130435
0,FYB,9.969304,1.2408154,2.076781958924265e-23,1.2330667143943375e-21,0.48284734133790735,0.280570652173913
0,C12orf57,9.965033,1.4659822,2.1680347933279283e-23,1.2761501352450945e-21,0.42538593481989706,0.20380434782608695
0,IFITM1,9.918425,1.0633186,3.461764221740817e-23,2.0202500945338712e-21,0.6012006861063465,0.37839673913043476
0,CXCR4,9.90167,0.96230817,4.093781802752599e-23,2.3789227361016804e-21,0.7161234991423671,0.5095108695652174
0,SPOCK2,9.844229,1.9226774,7.259411505077442e-23,4.182891287482597e-21,0.3353344768439108,0.109375
0,LAT,9.828838,1.817071,8.458881175320566e-23,4.85354963572175e-21,0.34734133790737565,0.11888586956521739
0,CD69,9.776312,1.2633319,1.423020666757795e-22,8.096987593851852e-21,0.4854202401372213,0.26222826086956524
0,RHOH,9.349767,1.552724,8.784153941081586e-21,4.836951863685893e-19,0.3713550600343053,0.15421195652173914
0,FOS,9.26857,0.55595875,1.8865835097553135e-20,1.0305273763687424e-18,0.9502572898799314,0.8953804347826086
0,GIMAP4,9.038183,0.99196225,1.5929754730494507e-19,8.464464225666654e-18,0.5574614065180102,0.38179347826086957
0,NDFIP1,9.01726,1.2354566,1.9285270599219174e-19,1.0136356666148927e-17,0.43138936535162953,0.24048913043478262
0,OCIAD2,8.764122,1.5655853,1.882372290314272e-18,9.485489297613174e-17,0.34133790737564323,0.1358695652173913
0,RGS10,8.744743,0.9792725,2.235231567983398e-18,1.11810704367697e-16,0.5205831903945112,0.3342391304347826
0,ARHGAP15,8.693761,1.3306592,3.506357645658398e-18,1.7286216609787396e-16,0.38593481989708406,0.19021739130434784
0,RPL8,8.486253,0.3314846,2.1340671191070083e-17,1.037111052616559e-15,0.9948542024013722,0.9816576086956522
0,COMMD6,8.478069,0.7357751,2.2896230797531e-17,1.1087621552166075e-15,0.6801029159519726,0.5400815217391305
0,FXYD5,8.411104,0.6927452,4.0616810826413294e-17,1.932624280994773e-15,0.8164665523156089,0.671875
0,SNRPD2,8.3988285,0.7679974,4.509552863999355e-17,2.1382796496796942e-15,0.6526586620926244,0.5027173913043478
0,GNB2L1,8.375743,0.33499777,5.487637405126691e-17,2.584109531186555e-15,0.9922813036020584,0.9707880434782609
0,LDLRAP1,8.221226,2.7028384,2.014339373760439e-16,9.388333954973568e-15,0.22984562607204118,0.04551630434782609
0,PPA1,8.21245,1.1326635,2.1672087069149589e-16,1.006646329987438e-14,0.4142367066895369,0.23777173913043478
0,GYPC,8.147415,1.2157943,3.717850805812123e-16,1.7152354933841338e-14,0.39193825042881647,0.2139945652173913
0,CD40LG,8.136735,3.385159,4.060803716012503e-16,1.8671493449786782e-14,0.20754716981132076,0.02309782608695652
0,RARRES3,8.129452,0.85779166,4.312364669462827e-16,1.9629883975394787e-14,0.5789022298456261,0.38722826086956524
0,PABPC1,8.121963,0.49988762,4.587046883630798e-16,2.0741957696311977e-14,0.902229845626072,0.8274456521739131
0,IL2RG,7.889826,0.87449896,3.0260901421764477e-15,1.32875520841034e-13,0.548885077186964,0.3546195652173913
0,COX7C,7.825486,0.61391896,5.056989387115736e-15,2.2063337722189295e-13,0.7667238421955404,0.6433423913043478
0,SUSD3,7.8176622,2.2331932,5.381326014749131e-15,2.3329329542036234e-13,0.24013722126929674,0.06657608695652174
0,BTG2,7.7126603,0.9932843,1.232216944802263e-14,5.242104236205515e-13,0.4528301886792453,0.29008152173913043
0,SRSF5,7.659722,0.56814474,1.8633625812439168e-14,7.829562895220593e-13,0.7933104631217839,0.6868206521739131
0,SLC2A3,7.6174893,1.3157426,2.5865722563703157e-14,1.0835040102145101e-12,0.34305317324185247,0.1800271739130435
0,SELL,7.5440392,0.7901538,4.556334820244963e-14,1.8629134223133296e-12,0.5583190394511149,0.4048913043478261
0,ITM2A,7.2445774,2.2166595,4.337891545194591e-13,1.7022484753211876e-11,0.2195540308747856,0.05366847826086957
0,NGFRAP1,7.141145,3.032695,9.255641451998343e-13,3.510973324124705e-11,0.18181818181818182,0.019021739130434784
0,EEF1D,6.961715,0.2778399,3.3615427509549156e-12,1.244044114011933e-10,0.9734133790737565,0.9605978260869565
0,RPL36AL,6.8741107,0.51244146,6.237778228174263e-12,2.2715493195719396e-10,0.8078902229845626,0.7139945652173914
0,AAK1,6.8595185,1.8342227,6.909306064671193e-12,2.5094011600837717e-10,0.23156089193825044,0.07676630434782608
0,ST13,6.8213778,0.80004627,9.017134351822848e-12,3.240473334434021e-10,0.483704974271012,0.3389945652173913
0,MZT2A,6.8040833,1.0853704,1.0169453457305816e-11,3.616511885754381e-10,0.3481989708404803,0.1922554347826087
0,TTC39C,6.758248,1.991433,1.3967026856604207e-11,4.903180430688613e-10,0.21869639794168097,0.06657608695652174
0,TSC22D3,6.743527,0.53709173,1.5458705505046125e-11,5.399081390713807e-10,0.8078902229845626,0.7099184782608695
0,CALM1,6.7253575,0.5768125,1.7516161446669933e-11,6.102058691727668e-10,0.7495711835334476,0.6209239130434783
0,GSTK1,6.712104,0.6515612,1.9183820925382535e-11,6.666011668117656e-10,0.62778730703259,0.4938858695652174
0,MYC,6.6848755,1.7447424,2.3112141271113832e-11,7.990364587299506e-10,0.23156089193825044,0.08084239130434782
0,TRABD2A,6.5899615,2.8843691,4.399402865477259e-11,1.4944837196755585e-09,0.1783876500857633,0.030570652173913044
0,SOCS3,6.533883,1.5230683,6.40858870857296e-11,2.1662298862443647e-09,0.2555746140651801,0.11209239130434782
0,ITM2B,6.516666,0.5170836,7.188722441879084e-11,2.4179604351305607e-09,0.8619210977701544,0.7384510869565217
0,RPL41,6.4853454,0.61045414,8.852863404948376e-11,2.970385814692261e-09,0.6089193825042881,0.4898097826086957
0,PTPRCAP,6.4549775,0.8006378,1.0823510736980303e-10,3.613835271985404e-09,0.7855917667238422,0.5278532608695652
0,PSIP1,6.4311976,1.3387352,1.2660258024143455e-10,4.216792282383001e-09,0.2701543739279588,0.125
0,SIT1,6.3936234,1.6946852,1.6200038938799607e-10,5.369605139520569e-09,0.225557461406518,0.07948369565217392
0,ANKRD12,6.356718,0.9179422,2.061098337364753e-10,6.782255155434474e-09,0.37392795883361923,0.22758152173913043
0,OXNAD1,6.3057356,2.0361066,2.8682870515240974e-10,9.348288299668992e-09,0.19725557461406518,0.05366847826086957
0,MZT2B,6.3032646,0.78533256,2.9144042037907665e-10,9.475977096896835e-09,0.451114922813036,0.3172554347826087
0,BIN1,6.2609806,1.0244733,3.8256355946825564e-10,1.229244227787882e-08,0.33276157804459694,0.18546195652173914
0,HMGN1,6.2091746,0.626475,5.326359952550687e-10,1.6915528258612135e-08,0.6089193825042881,0.468070652173913
0,SEPT1,6.1716003,1.0859624,6.760219011145268e-10,2.1320450534919117e-08,0.3130360205831904,0.16983695652173914
0,TNFAIP8,6.059881,0.9846992,1.3622207871750739e-09,4.247143166589683e-08,0.3344768439108062,0.19361413043478262
0,CD6,6.0367446,2.094268,1.5725415486702841e-09,4.880597133782136e-08,0.18696397941680962,0.050271739130434784
0,NBEAL1,6.008564,0.5284622,1.871736630855629e-09,5.79601710452709e-08,0.7547169811320755,0.6311141304347826
0,COX6C,5.992222,0.6661718,2.0699331751954445e-09,6.380814320647627e-08,0.5205831903945112,0.3953804347826087
0,CYTIP,5.9418826,0.7848282,2.8176721564498483e-09,8.608082990711215e-08,0.41337907375643224,0.2860054347826087
0,CCDC109B,5.935294,0.8133949,2.9331900810599073e-09,8.901254165989799e-08,0.395368782161235,0.27241847826086957
0,MGAT4A,5.9073453,1.782093,3.476648879877996e-09,1.0457514780531698e-07,0.20240137221269297,0.06861413043478261
0,FHIT,5.844138,3.0418913,5.091980358241218e-09,1.518255104195242e-07,0.15523156089193826,0.02377717391304348
0,SH3YL1,5.8035526,2.2560146,6.492435848855751e-09,1.9316057505876716e-07,0.1732418524871355,0.041440217391304345
0,CMPK1,5.799512,0.72548264,6.650813356394998e-09,1.974424069455002e-07,0.451114922813036,0.3186141304347826
0,BTF3,5.7419925,0.3709802,9.356891663260107e-09,2.728201504085817e-07,0.9296740994854202,0.8695652173913043
0,NACA,5.741761,0.27419302,9.369702002169362e-09,2.728201504085817e-07,0.9845626072041166,0.9626358695652174
0,VAMP2,5.696929,0.5984782,1.2198455491637314e-08,3.5069917514484037e-07,0.5274442538593482,0.39945652173913043
0,RPL23,5.681951,0.40819275,1.3316684943866046e-08,3.812424519778506e-07,0.9030874785591767,0.8220108695652174
0,EIF3E,5.6731234,0.7084328,1.402170026973815e-08,4.005864830199669e-07,0.43825042881646653,0.32608695652173914
0,TRADD,5.6513767,1.3250487,1.5916772692283366e-08,4.528321830954617e-07,0.24528301886792453,0.12432065217391304
0,RCAN3,5.624071,2.0398457,1.8650878857264583e-08,5.295143485962685e-07,0.1792452830188679,0.05366847826086957
0,CUTA,5.5690994,0.62297094,2.56059302735982e-08,7.194950284285123e-07,0.5017152658662093,0.38315217391304346
0,LINC00176,5.5281796,4.653913,3.235708458042008e-08,9.054679242422471e-07,0.1312178387650086,0.006114130434782609
0,BEX2,5.526944,1.8459153,3.258565290938311e-08,9.099993376902572e-07,0.1792452830188679,0.051630434782608696
0,NAP1L1,5.433343,0.5567979,5.530792051753468e-08,1.522751940700511e-06,0.6586620926243568,0.514266304347826
0,PBXIP1,5.3876877,1.2421521,7.136989761618168e-08,1.957082975595536e-06,0.23241852487135506,0.10665760869565218
0,RGL4,5.3763385,1.8738309,7.601591325448938e-08,2.0803072372811765e-06,0.1783876500857633,0.057065217391304345
0,CD247,5.3250213,0.64895874,1.0094133030668237e-07,2.735029378309632e-06,0.34991423670668953,0.203125
0,SELM,5.276561,1.8388674,1.3163102299851317e-07,3.5454699212380584e-06,0.17152658662092624,0.050271739130434784
0,PIM1,5.265031,1.0739983,1.4016576225151034e-07,3.7679205695012304e-06,0.25471698113207547,0.13043478260869565
0,SBDS,5.2446737,1.0038987,1.565589790273313e-07,4.200332844002428e-06,0.2727272727272727,0.15421195652173914
0,EEF2,5.2121954,0.35336736,1.866189122561091e-07,4.967773617484261e-06,0.8790737564322469,0.8036684782608695
0,TMA7,5.1870513,0.46561623,2.1364973740842876e-07,5.643328460443914e-06,0.7349914236706689,0.623641304347826
0,CD5,5.1771173,2.884745,2.2534040998125898e-07,5.9291881285242245e-06,0.13893653516295026,0.021739130434782608
0,PPP1R2,5.1392345,0.770043,2.758602404606399e-07,7.175518940439045e-06,0.34562607204116635,0.23233695652173914
0,ISG20,5.0853176,0.5560207,3.670110094819741e-07,9.420869070462101e-06,0.5471698113207547,0.39402173913043476
0,TSTD1,5.0782146,0.87510675,3.8099797731001745e-07,9.761554180385738e-06,0.29416809605488853,0.171875
0,NDUFS5,5.0646005,0.60326576,4.09257738993701e-07,1.04659619544906e-05,0.45969125214408235,0.3491847826086957
0,CDC42SE2,5.0630565,0.87985903,4.1258788148304733e-07,1.0531402073892513e-05,0.29845626072041165,0.18138586956521738
0,STK17A,5.0585012,0.6870293,4.2256483280164347e-07,1.0765942829737393e-05,0.39193825042881647,0.2601902173913043
0,RP11-664D1.1,5.0380926,4.265792,4.7019397085853254e-07,1.191274372178872e-05,0.120926243567753,0.006793478260869565
0,ANXA2R,5.03328,1.0168898,4.821580767822929e-07,1.2193242030627763e-05,0.24614065180102915,0.12432065217391304
0,BCL11B,5.0278497,2.294841,4.960102709583137e-07,1.2497262472706148e-05,0.1457975986277873,0.03125
0,PASK,5.0248384,3.3384619,5.038559442364623e-07,1.2671559437372246e-05,0.12778730703259006,0.014266304347826086
0,STMN3,4.9581056,1.6902694,7.118382797380573e-07,1.7738802095078306e-05,0.16981132075471697,0.05638586956521739
0,MIF,4.9210978,0.5623827,8.606018412236196e-07,2.1252041127938063e-05,0.4716981132075472,0.3702445652173913
0,NUCB2,4.890575,1.5784191,1.0054185752351822e-06,2.46499031659096e-05,0.1783876500857633,0.06657608695652174
0,ADD3,4.8658686,0.98884743,1.1395521691731055e-06,2.7838505227599154e-05,0.2555746140651801,0.14402173913043478
0,TECR,4.8315372,0.8885485,1.3548301323389506e-06,3.2746124402160544e-05,0.27358490566037735,0.16032608695652173
0,GPR183,4.8296585,1.4730318,1.3676753672211268e-06,3.299818871867793e-05,0.18181818181818182,0.07336956521739131
0,SKP1,4.818592,0.5164976,1.4457491572884356e-06,3.4799435412411384e-05,0.5257289879931389,0.4205163043478261
0,SVIP,4.817125,1.2549465,1.456414722725337e-06,3.495395334540809e-05,0.19725557461406518,0.08423913043478261
0,PIM2,4.7482815,1.1945002,2.0515215984393072e-06,4.83861467155219e-05,0.2118353344768439,0.10394021739130435
0,DDX18,4.7298293,1.0557489,2.2470888410007866e-06,5.272550723832774e-05,0.23413379073756432,0.12771739130434784
0,PPP2R5C,4.716601,0.83183646,2.398174303302683e-06,5.598199706991698e-05,0.3018867924528302,0.19701086956521738
0,CAMK4,4.6510005,1.8217591,3.3032875293380366e-06,7.581461260611803e-05,0.15608919382504288,0.052309782608695655
0,NELL2,4.6328053,2.93857,3.6074404573928565e-06,8.237994462568035e-05,0.1234991423670669,0.019021739130434784
0,FOXP1,4.6278896,1.0669417,3.694108283600161e-06,8.407790453473966e-05,0.22469982847341338,0.11956521739130435
0,EPHX2,4.5682597,3.9617183,4.91790350088762e-06,0.00011045870100019957,0.11149228130360206,0.008152173913043478
0,PLP2,4.5152183,0.60534996,6.325158905727827e-06,0.00013957569075183257,0.39451114922813035,0.3023097826086957
0,UXT,4.500626,0.543465,6.775361087997347e-06,0.00014780244571516255,0.4631217838765009,0.36616847826086957
0,USP10,4.455408,2.065671,8.373370305694807e-06,0.00018064256697404154,0.137221269296741,0.036684782608695655
0,CITED2,4.441562,0.8172558,8.930804789071467e-06,0.0001920615278733228,0.28130360205831906,0.1875
0,TMEM204,4.41979,2.1568305,9.879691044504177e-06,0.00021146874749803922,0.13379073756432247,0.033967391304347824
0,TNFRSF4,4.4098816,3.191846,1.0342714984251619e-05,0.00022103304510945242,0.11406518010291596,0.014266304347826086
0,RWDD1,4.39601,0.71633637,1.1025885316908515e-05,0.00023453191571293252,0.3113207547169811,0.21467391304347827
0,HNRNPA0,4.381392,0.49747762,1.1792345478368117e-05,0.00025005631964688667,0.5085763293310464,0.4110054347826087
0,HLA-A,4.369528,0.2867963,1.2451545245737132e-05,0.0002628103583860684,0.9862778730703259,0.9490489130434783
0,RSL1D1,4.333009,0.57334244,1.4708525718143013e-05,0.00030712481224305963,0.3816466552315609,0.28532608695652173
0,CRIP2,4.2892838,2.9173112,1.7925034800073087e-05,0.00037257880552480683,0.11406518010291596,0.016983695652173912
0,SEPT9,4.2844453,0.5683451,1.831956772438604e-05,0.0003785626868075129,0.38850771869639794,0.29891304347826086
0,EEF1G,4.2814856,0.7271732,1.8564967572894246e-05,0.0003823879293747268,0.29759862778730706,0.20380434782608695
0,CCDC104,4.272041,2.0919638,1.9369226849012994e-05,0.00039775362684228786,0.13036020583190394,0.03328804347826087
0,CNBP,4.2710114,0.4122414,1.9458863160787897e-05,0.00039899434733291217,0.7435677530017153,0.6433423913043478
0,ILF3-AS1,4.2440143,0.99904287,2.195563084251982e-05,0.0004495143849856831,0.21612349914236706,0.12092391304347826
0,PCNP,4.235316,0.70591515,2.28230886843137e-05,0.00046657499861225727,0.30874785591766724,0.21603260869565216
0,CISH,4.2288303,2.0471392,2.349095311518069e-05,0.00047879471006105596,0.1312178387650086,0.036005434782608696
0,TNFAIP3,4.200984,1.0074444,2.6575728231578798e-05,0.0005384542206683088,0.21355060034305318,0.11956521739130435
0,CD96,4.2005982,1.2388177,2.6621085691804873e-05,0.0005385741425293146,0.17152658662092624,0.07472826086956522
0,RP11-51J9.5,4.1925683,1.3789083,2.758137963360425e-05,0.0005571765092847627,0.1680960548885077,0.07336956521739131
0,SRSF7,4.1881933,0.4493405,2.8118387430673332e-05,0.0005663491132054204,0.5377358490566038,0.44429347826086957
0,ANAPC16,4.186675,0.44101343,2.8307073318675223e-05,0.0005693098574960661,0.5360205831903945,0.43953804347826086
0,GATA3,4.143207,1.9224507,3.424822571337685e-05,0.0006817693445216826,0.1320754716981132,0.03736413043478261
0,SRP9,4.0933313,0.55461514,4.2521964923313176e-05,0.0008391328800473478,0.3816466552315609,0.2921195652173913
0,TOMM20,4.088287,0.63351494,4.3457032617289174e-05,0.0008563481059476204,0.3216123499142367,0.23097826086956522
0,DENND2D,4.074158,0.94677573,4.6181115780241315e-05,0.0009048053329913563,0.21355060034305318,0.11752717391304347
0,C9orf78,4.050095,0.5921786,5.119683228127579e-05,0.000994514852963161,0.34476843910806176,0.25407608695652173
0,UBE2D2,4.044253,0.46653613,5.249020701296107e-05,0.001015306327151553,0.47427101200686106,0.3797554347826087
0,NMRK1,4.0307417,1.4780171,5.560111285829519e-05,0.0010709291920915078,0.15008576329331047,0.059103260869565216
0,SKAP1,4.0281425,1.002677,5.621928701558885e-05,0.0010797898501897067,0.1946826758147513,0.09850543478260869
0,ITK,4.015789,1.9068902,5.9247188839151236e-05,0.0011347540123246133,0.12950257289879932,0.03872282608695652
0,LINC00861,4.015146,1.6534607,5.940904911504598e-05,0.0011362604687886106,0.14065180102915953,0.04891304347826087
0,NAP1L4,4.005675,1.1758451,6.184061437193374e-05,0.0011778178938118928,0.18181818181818182,0.09307065217391304
0,CYLD,3.988355,1.309803,6.65330889568515e-05,0.001260160697357509,0.16295025728987994,0.07404891304347826
0,TESPA1,3.980068,2.1314402,6.88955779712351e-05,0.001303099740685854,0.120926243567753,0.030570652173913044
0,RIC3,3.9641118,1.5034946,7.366974382549606e-05,0.0013914716759072948,0.14751286449399656,0.05638586956521739
0,C14orf64,3.95356,3.002928,7.699692769673453e-05,0.0014523066914732138,0.10377358490566038,0.014266304347826086
0,FAM102A,3.9496481,1.9955353,7.826613696475689e-05,0.0014721795680312949,0.12435677530017153,0.035326086956521736
0,DUSP2,3.943935,0.6246536,8.015543876544397e-05,0.0015015125813181108,0.3113207547169811,0.21807065217391305
0,CCND3,3.9415157,0.46471915,8.096833554994123e-05,0.001514662452424654,0.4716981132075472,0.36684782608695654
0,NDNL2,3.9410782,0.9216458,8.111617838688804e-05,0.001515352301027829,0.21783876500857632,0.12703804347826086
0,ETS1,3.90914,1.3616941,9.262525535165553e-05,0.001713943749433886,0.15180102915951973,0.06114130434782609
0,CD44,3.9067209,0.44302887,9.355711769923257e-05,0.0017288443833568608,0.5145797598627787,0.4205163043478261
0,SCGB3A1,3.902732,3.169183,9.511306168523434e-05,0.001755221581585892,0.10120068610634649,0.012907608695652174
0,DDIT4,3.866573,0.71000034,0.00011037542074331376,0.0020286497249942027,0.2718696397941681,0.1827445652173913
0,EIF3H,3.8639479,0.3605294,0.00011156899128828111,0.002042340676987623,0.6878216123499142,0.6025815217391305
0,HNRNPDL,3.85265,0.3490345,0.00011684637064072631,0.0021275387166263446,0.6483704974271012,0.5713315217391305
0,TUBA4A,3.836385,0.5872844,0.00012485865518650443,0.0022643689179640165,0.3018867924528302,0.2112771739130435
0,STT3B,3.8268113,1.0541698,0.00012981399650989977,0.0023479999156810483,0.18267581475128644,0.09646739130434782
0,GIMAP1,3.8207376,0.5237964,0.0001330531735565773,0.002403404944561666,0.3704974271012007,0.28940217391304346
0,KLF2,3.8063254,0.3689722,0.00014104671931645154,0.002537725953867539,0.6535162950257289,0.578125
0,OPTN,3.8015902,0.95849085,0.00014377042311410727,0.0025833274974292747,0.19382504288164665,0.10326086956521739
0,ATP6V0E2,3.7922223,1.5734544,0.0001493051730810828,0.00267573680261846,0.13550600343053174,0.04891304347826087
0,HSPE1,3.7232246,0.6967775,0.00019669439621944492,0.0034676497913053283,0.25900514579759865,0.17255434782608695
0,DDX24,3.723096,0.6625398,0.00019679471208711405,0.0034676497913053283,0.28130360205831906,0.1983695652173913
0,EIF4B,3.7121325,0.6450697,0.00020552036895301058,0.003612079997969514,0.28387650085763294,0.20380434782608695
0,TBC1D10C,3.7058272,0.52489513,0.00021070192544008523,0.0036983875241771258,0.3524871355060034,0.26154891304347827
0,DNAJB9,3.7006543,0.9276674,0.00021504427212519787,0.0037649289488996185,0.1895368782161235,0.10190217391304347
0,RORA,3.698055,1.0907949,0.00021725783539053024,0.0037988130602984393,0.1646655231560892,0.078125
0,SCML4,3.6696427,1.7746396,0.00024288976405646313,0.0042253536534459365,0.12006861063464837,0.036005434782608696
0,CCNI,3.6581388,0.34692055,0.0002540535083338039,0.004402734403307647,0.6775300171526587,0.59375
0,KRT10,3.6386054,0.5885566,0.00027411857166855484,0.004732444013534494,0.29245283018867924,0.20244565217391305
0,FBLN5,3.637756,3.3780706,0.0002750237897552913,0.004742076859720022,0.09090909090909091,0.008152173913043478
0,APRT,3.630936,0.34665364,0.00028239520646635325,0.004856913022045995,0.6183533447684391,0.5495923913043478
0,SON,3.62705,0.51738256,0.00028667790976346795,0.004918182833831555,0.35934819897084047,0.27921195652173914
0,CCNG1,3.6037848,0.8131178,0.0003136168342549634,0.005340089137887507,0.20926243567753003,0.12907608695652173
0,ZFAS1,3.6004133,0.36977533,0.0003177117089269169,0.005389653536777611,0.5283018867924528,0.46059782608695654
0,RBL2,3.588858,1.044071,0.0003321297218832526,0.005578798870895077,0.17066895368782162,0.08899456521739131
0,CMTM8,3.5867991,3.837118,0.00033476203716121926,0.005609215189538172,0.08747855917667238,0.006114130434782609
0,CORO1B,3.5847917,0.9031119,0.0003373473288192044,0.00564560676759198,0.20668953687821612,0.13383152173913043
0,C19orf60,3.562942,0.5314483,0.00036672171389536126,0.006099819397021989,0.32504288164665524,0.24592391304347827
0,SSBP1,3.5617583,0.5708485,0.00036837963564917154,0.006119941976186236,0.28730703259005147,0.20448369565217392
0,SNHG8,3.5540888,0.5951318,0.0003792909907111626,0.00628591962275684,0.2950257289879931,0.21603260869565216
0,SUCLG2,3.5482469,1.0023015,0.0003878045638313028,0.006411451723583862,0.17409948542024015,0.09442934782608696
0,HSP90AB1,3.5417614,0.36275393,0.00039746476028905983,0.006563214953455141,0.5205831903945112,0.44633152173913043
0,SORL1,3.5402944,1.0396556,0.00039968076214142085,0.006591836337926622,0.1672384219554031,0.08559782608695653
0,CCNL1,3.5256507,0.5640266,0.00042244354668560807,0.00693376090569551,0.3096054888507719,0.23165760869565216
0,FUS,3.5241067,0.56177527,0.00042491313739368125,0.006965922934271443,0.3216123499142367,0.24456521739130435
0,GTF3A,3.5225625,0.35263267,0.0004273962036095733,0.006996637090921487,0.5668953687821612,0.48777173913043476
0,FKBP11,3.5223053,0.895849,0.00042781136283827196,0.006996637090921487,0.18096054888507718,0.09714673913043478
0,TSHZ2,3.5200405,4.343405,0.00043148103439135597,0.007039790926700546,0.08490566037735849,0.005434782608695652
0,GRAP2,3.5049078,0.9795142,0.00045676549072885234,0.007434552492721343,0.1569468267581475,0.07404891304347826
0,CD28,3.503312,2.1318638,0.0004595106363594647,0.007461447384215041,0.10634648370497427,0.02717391304347826
0,MYLIP,3.5028746,0.72395563,0.0004602660223726499,0.007464837056438131,0.22898799313893653,0.14605978260869565
0,CD8B,3.491937,1.0702043,0.0004795314736325606,0.007749682608196743,0.17066895368782162,0.09307065217391304
0,APBA2,3.4854,2.5075986,0.0004914018051248422,0.007922766293724728,0.09691252144082332,0.017663043478260868
0,ARHGEF1,3.4845507,0.6034958,0.0004929639706497229,0.007938580168859217,0.28130360205831906,0.20584239130434784
0,GCC2,3.4772675,1.0757866,0.000506552134735672,0.008138207002294513,0.1595197255574614,0.08016304347826086
0,OST4,3.471271,0.34998462,0.0005180008019796771,0.008289514033816215,0.611492281303602,0.5305706521739131
0,NDUFA4,3.4671276,0.35926065,0.0005260520899616605,0.008402067064931502,0.5694682675814752,0.4938858695652174
0,RAN,3.459664,0.36193168,0.0005408493592114584,0.008628316412840741,0.5222984562607204,0.4544836956521739
0,SF1,3.4511456,0.50106806,0.0005582121875787232,0.008894919059014052,0.3481989708404803,0.27377717391304346
0,RPL39,3.4493957,0.5778096,0.0005618428573662531,0.00894233806549365,0.3130360205831904,0.24456521739130435
0,ABHD14B,3.4450462,0.76956254,0.0005709616094123943,0.009076893758015897,0.21269296740994853,0.13179347826086957
0,CRBN,3.4331305,0.6854333,0.0005966546015775368,0.00944138498162554,0.24013722126929674,0.15896739130434784
0,AC013264.2,3.421601,3.311007,0.0006225360510821907,0.009839528140715736,0.08747855917667238,0.010190217391304348
0,PHF1,3.4170458,1.3228134,0.0006330464457577424,0.009994083541349978,0.1346483704974271,0.05570652173913043
0,HMOX2,3.415553,0.6920628,0.0006365262814438096,0.010037416742952268,0.2281303602058319,0.1480978260869565
0,BCL2,3.4133656,1.533715,0.000641658197708404,0.01010667168155244,0.120926243567753,0.042798913043478264
0,SIRPG,3.380295,2.0134652,0.0007240806683145523,0.011300623550289745,0.10205831903945112,0.025135869565217392
0,MFNG,3.3702323,0.78799194,0.0007510483962704936,0.011681454327414421,0.2118353344768439,0.13790760869565216
0,DAD1,3.3686366,0.42223135,0.000755409315769184,0.011722579109254517,0.41080617495711835,0.3342391304347826
0,CHURC1,3.3656514,0.704481,0.0007636316693961506,0.011823303942487337,0.2367066895368782,0.1610054347826087
0,BIRC3,3.3646734,0.914526,0.0007663432171519644,0.011851849347029701,0.17409948542024015,0.09578804347826086
0,ABRACL,3.35703,0.52464414,0.0007878461062377735,0.01215686601896388,0.3216123499142367,0.250679347826087
0,EIF3F,3.3505702,0.30627605,0.0008064538050916071,0.012401951759381741,0.6921097770154374,0.6270380434782609
0,CDC25B,3.349129,1.342466,0.0008106605889787777,0.01245262205072462,0.1312178387650086,0.05434782608695652
0,TOB1,3.3425405,0.95844644,0.0008301521695893079,0.012680713677753455,0.1680960548885077,0.09239130434782608
0,TNFRSF25,3.3182716,1.9480908,0.0009057632787926506,0.013728194600657533,0.10548885077186965,0.030570652173913044
0,TC2N,3.3084407,1.1283956,0.0009381707201896976,0.014156529673934267,0.14665523156089194,0.07133152173913043
0,CTC-523E23.11,3.3022382,2.1771433,0.0009591654234242022,0.014378005512931837,0.09777015437392796,0.022418478260869564
0,ANP32B,3.268087,0.3642777,0.0010827711683120233,0.016107105745608922,0.47855917667238423,0.4116847826086957
0,TBCC,3.2671347,0.8159747,0.0010864198649381922,0.01614379725309679,0.2006861063464837,0.12703804347826086
0,UXS1,3.234939,1.52242,0.0012166864563062472,0.017884898005724556,0.11921097770154374,0.04551630434782609
0,NAE1,3.2243874,1.2384561,0.0012624244863348778,0.018490963467598376,0.13379073756432247,0.06046195652173913
0,HNRNPF,3.220836,0.40392312,0.0012781728630257446,0.018688146271391398,0.4236706689536878,0.34782608695652173
0,SATB1,3.2087915,1.3104739,0.0013329406806729866,0.0194057973723564,0.1269296740994854,0.05366847826086957
0,FAM107B,3.1964898,0.7454808,0.0013911070350722838,0.020166621731366356,0.19039451114922812,0.11345108695652174
0,MORF4L1,3.1916773,0.36377665,0.0014144927265948121,0.02046219562963851,0.4528301886792453,0.38722826086956524
0,RP11-18H21.1,3.1874566,3.346157,0.0014352998709638235,0.02073958833845695,0.08147512864493997,0.009510869565217392
0,ADTRP,3.1871736,3.6755612,0.0014367055190524513,0.02073958833845695,0.07890222984562607,0.006793478260869565
0,YWHAZ,3.1835191,0.3967954,0.0014549654396435031,0.020958869244484892,0.40480274442538594,0.33695652173913043
0,C1QBP,3.1667907,0.40321273,0.0015413117233307142,0.02203995067414056,0.411663807890223,0.3423913043478261
0,LY9,3.1392276,1.1558256,0.0016939375408032858,0.024071187364422132,0.1346483704974271,0.0625
0,ATP1A1,3.1215987,0.6301895,0.0017987194573580016,0.025401564539483834,0.22984562607204118,0.16304347826086957
0,AKTIP,3.1198745,1.8127509,0.00180928171724342,0.025524329680450562,0.10034305317324185,0.029211956521739132
0,LIMS1,3.11115,0.7857955,0.0018636027506423365,0.026236452745125514,0.19296740994854203,0.12567934782608695
0,IL23A,3.1059256,2.735657,0.0018968444181846453,0.02667693859395419,0.08404802744425385,0.01358695652173913
0,SEPT6,3.0989254,0.5711581,0.0019422388509952918,0.027231225615186556,0.24871355060034306,0.17595108695652173
0,ARL6IP5,3.0906386,0.35171667,0.001997266191858773,0.0279740175548958,0.49485420240137223,0.42459239130434784
0,PRMT10,3.088168,1.2865905,0.002013946621245746,0.028178744938249903,0.12778730703259006,0.058423913043478264
0,ACTN1,3.0790317,1.3410977,0.0020767460158116254,0.028968379562741123,0.11320754716981132,0.042798913043478264
0,TNRC6C,3.0602446,2.2342243,0.002211563406228905,0.03069218483278651,0.08747855917667238,0.017663043478260868
0,PTGES3,3.0512629,0.37991047,0.0022788106913995514,0.03144455632883607,0.451114922813036,0.375
0,LGALS3BP,3.0511599,1.7643052,0.0022795921767389945,0.03144455632883607,0.10291595197255575,0.034646739130434784
0,PNISR,3.040428,0.38097015,0.0023624219522900033,0.032423350935148025,0.4176672384219554,0.3376358695652174
0,SSR2,3.0350492,0.2613108,0.002404964648784477,0.03280938785594487,0.6466552315608919,0.595108695652174
0,SERINC5,3.0236225,2.2088192,0.00249767898356881,0.03393861114389619,0.09090909090909091,0.02309782608695652
0,ZNF331,3.0200968,0.7984185,0.0025269400931478368,0.034234021738121886,0.17495711835334476,0.10529891304347826
0,NSMCE1,2.9982212,0.6476997,0.002715604528717111,0.03652187392999716,0.22641509433962265,0.16168478260869565
0,CIB1,2.988905,0.3585059,0.0027997927429012723,0.037536874011370756,0.451114922813036,0.3797554347826087
0,PDCD5,2.987927,0.6437136,0.002808767030130525,0.037604433885747496,0.22298456260720412,0.15760869565217392
0,HSPB1,2.982857,0.86039716,0.002855714133632498,0.03815815284626751,0.16295025728987994,0.09510869565217392
0,CLPP,2.9731803,0.8750572,0.0029473125682202344,0.03930517620274953,0.15866209262435677,0.09103260869565218
0,TCEA3,2.9713273,3.244933,0.0029651555937334696,0.039466047551680566,0.07718696397941681,0.010190217391304348
0,PCSK1N,2.957919,3.5517352,0.003097235225973481,0.04098434519950955,0.07375643224699828,0.006793478260869565
0,ISCU,2.9472902,0.3387135,0.003205723165183382,0.04229696187801378,0.4648370497427101,0.38858695652173914
0,THYN1,2.9396722,0.7907576,0.0032855954625493978,0.04322552180787531,0.16981132075471697,0.10394021739130435
0,SPCS1,2.9326978,0.3570904,0.003360307010878234,0.04403872604659612,0.4322469982847341,0.36209239130434784
0,ASF1A,2.9319773,0.9607046,0.0033681138070817502,0.044098717305377164,0.15180102915951973,0.08627717391304347
0,SLC38A1,2.9313083,0.85175115,0.003375377758912103,0.04415149298439049,0.16123499142367068,0.09307065217391304
0,SOCS1,2.9185946,1.9545873,0.0035161309404038734,0.04577338810500981,0.09090909090909091,0.024456521739130436
0,MRPS21,2.9181828,0.5543544,0.0035207777649228734,0.045790229674082625,0.2624356775300172,0.19701086956521738
0,PRPF38B,2.907863,0.6736429,0.003639079139232203,0.047238844795964796,0.2006861063464837,0.13383152173913043
0,PSMD5-AS1,2.899962,0.91717273,0.0037320796833069944,0.048354155745009786,0.15008576329331047,0.08220108695652174
0,MARCO,-2.88905,-4.944185,0.0038640767302670844,0.049969537716408434,0.002572898799313894,0.06793478260869565
0,ARHGAP27,-2.8906455,-1.9117638,0.0038445141819545762,0.049763683098361794,0.024013722126929673,0.08967391304347826
0,SLC2A6,-2.9040797,-2.9682128,0.0036833441441693916,0.04776804143663553,0.010291595197255575,0.07608695652173914
0,C7orf50,-2.917874,-0.6743467,0.003524266549531014,0.04579199238857805,0.1234991423670669,0.19157608695652173
0,FCRLA,-2.9200358,-3.761485,0.0034999109676421133,0.04560571008980983,0.00686106346483705,0.07269021739130435
0,S1PR5,-2.920396,-3.681455,0.0034958666274923903,0.0455965183047145,0.007718696397941681,0.07336956521739131
0,FAM46A,-2.9249,-1.7469715,0.0034456699737083407,0.04498476975235287,0.029159519725557463,0.09578804347826086
0,ERCC1,-2.9261096,-0.9068149,0.00343230080855576,0.04485310989630379,0.08147512864493997,0.1487771739130435
0,CLEC12A,-2.9331355,-6.4278784,0.003355575212966798,0.044018957836959256,0.0008576329331046312,0.06725543478260869
0,ANP32A,-2.9368155,-0.55817854,0.0033160119824818413,0.043541788108434634,0.16037735849056603,0.22554347826086957
0,POLR2G,-2.9392605,-0.49670142,0.0032899640916520864,0.043241337474110575,0.21012006861063465,0.2710597826086957
0,CBR1,-2.9407532,-0.91384745,0.003274152941276407,0.043158139542539206,0.0823327615780446,0.14945652173913043
0,FAM110A,-2.9498122,-1.4988099,0.003179671428231171,0.04199380369818653,0.04030874785591767,0.10733695652173914
0,UBL5,-2.9576101,-0.30186176,0.003100339602592284,0.040985709209099934,0.41938250428816465,0.46671195652173914
0,ILK,-2.9583821,-1.0789117,0.003092583975075793,0.04096248958645493,0.07632933104631218,0.14198369565217392
0,NIPSNAP3A,-2.9624228,-1.6731797,0.003052283973464341,0.04046795139963985,0.03173241852487135,0.09918478260869565
0,SH3GLB1,-2.966,-0.77617097,0.003017004709121039,0.040039082903553846,0.10463121783876501,0.17119565217391305
0,DUSP23,-2.9665918,-1.121555,0.003011203129346107,0.04000096297115801,0.06432246998284734,0.13111413043478262
0,SPTSSA,-2.9665918,-1.9053838,0.003011203129346107,0.04000096297115801,0.0274442538593482,0.09442934782608696
0,AURKAIP1,-2.9725883,-0.44867784,0.00295300174471501,0.039342626171539684,0.2555746140651801,0.3138586956521739
0,RAB10,-2.9750333,-0.7851114,0.002929567573858111,0.03910672022346663,0.11406518010291596,0.18070652173913043
0,HM13,-2.983835,-0.7684943,0.0028466029576476237,0.03807366306526538,0.10291595197255575,0.171875
0,SCAND1,-2.9887762,-0.43420187,0.0028009720721724374,0.037536874011370756,0.2692967409948542,0.3267663043478261
0,LYSMD2,-2.9940007,-0.60511684,0.002753454260855883,0.03697263656464891,0.16037735849056603,0.22894021739130435
0,WAS,-2.9980412,-0.5431569,0.0027172103041064087,0.03652187392999716,0.1835334476843911,0.2513586956521739
0,YWHAE,-3.0057619,-0.8046206,0.0026491640273818466,0.0356774989723141,0.10377358490566038,0.17323369565217392
0,FES,-3.0106516,-3.2348347,0.0026068774359510136,0.03514266363805236,0.008576329331046312,0.07676630434782608
0,FBP1,-3.0117583,-2.0051863,0.0025973933548420355,0.03504941072502256,0.024013722126929673,0.09239130434782608
0,SSNA1,-3.012453,-0.52750236,0.0025914543685354777,0.035003858414164674,0.18610634648370497,0.2547554347826087
0,G6PD,-3.015567,-1.4156678,0.0025649911171569018,0.03468071158009372,0.045454545454545456,0.11345108695652174
0,PMAIP1,-3.0183208,-0.8218459,0.002541795866161013,0.03440115396263112,0.09433962264150944,0.1637228260869565
0,P4HB,-3.0207915,-0.532268,0.0025211486149813818,0.034189479132259934,0.20240137221269297,0.265625
0,TBCB,-3.0209718,-0.42214355,0.0025196491038840807,0.034189479132259934,0.27358490566037735,0.3335597826086957
0,AP2A1,-3.025321,-1.7096413,0.002483693319157513,0.03378218721754482,0.030874785591766724,0.09986413043478261
0,CHCHD10,-3.032939,-0.54645604,0.002421846730006607,0.032973817492492744,0.18696397941680962,0.25407608695652173
0,TSPAN13,-3.0337367,-3.7230425,0.002415451769165797,0.03291957021928955,0.008576329331046312,0.07676630434782608
0,SWAP70,-3.0356927,-2.807853,0.0023998391408785917,0.032772203307838046,0.0137221269296741,0.08220108695652174
0,PAK1,-3.0369022,-2.5224771,0.0023902302472130644,0.032673657913855465,0.014579759862778732,0.08355978260869565
0,PSMD4,-3.0369537,-0.45335257,0.002389822140462429,0.032673657913855465,0.2504288164665523,0.313179347826087
0,AMICA1,-3.0383434,-0.5059462,0.0023788273413337118,0.0325830152189099,0.2281303602058319,0.2914402173913043
0,RTN3,-3.038781,-0.9088865,0.002375375611941437,0.03256840296854645,0.08747855917667238,0.15760869565217392
0,CD55,-3.0441597,-0.5743204,0.002333312743958202,0.03205605516246801,0.16895368782161235,0.23505434782608695
0,CHCHD5,-3.0496414,-0.77362424,0.0022911476385458966,0.031508471452147795,0.10806174957118353,0.17798913043478262
0,ITGAM,-3.0500531,-4.160224,0.0022880086631424466,0.0314970224837432,0.004288164665523156,0.07336956521739131
0,ENSA,-3.0503876,-0.41952384,0.0022854611468571743,0.031493700728033876,0.27787307032590053,0.33967391304347827
0,HAVCR2,-3.0519834,-3.5095043,0.0022733471622485442,0.03142189154622077,0.007718696397941681,0.07676630434782608
0,HLA-DOB,-3.052009,-3.4498296,0.002273152258333545,0.03142189154622077,0.008576329331046312,0.07744565217391304
0,CYB561A3,-3.0555348,-1.4410373,0.002246594672359771,0.03111510836282457,0.05574614065180103,0.12228260869565218
0,DECR1,-3.0592666,-0.64476734,0.0022187962067731007,0.030761300507303004,0.1483704974271012,0.21671195652173914
0,ZEB2,-3.067013,-1.481632,0.0021620941597175073,0.030036172782403135,0.04202401372212693,0.11141304347826086
0,UBE2I,-3.0685315,-0.38573217,0.002151136740457008,0.02991438220741436,0.30017152658662094,0.3648097826086957
0,REL,-3.075094,-1.1198686,0.0021043615167703473,0.0292937419704545,0.0711835334476844,0.13926630434782608
0,HSD17B11,-3.0773332,-0.4866842,0.002088617558804275,0.02910424630921549,0.2332761578044597,0.297554347826087
0,RNF135,-3.0809362,-2.659481,0.0020635091233030473,0.028813170335200835,0.0137221269296741,0.08355978260869565
0,ARPC1A,-3.0813737,-0.92801934,0.00206047916889703,0.028800310676005983,0.08404802744425385,0.15489130434782608
0,SNX17,-3.1020653,-0.59295416,0.0019217561480350132,0.02697173890808442,0.18096054888507718,0.24796195652173914
0,RER1,-3.1030173,-0.5625396,0.0019155834950164196,0.026912765646033152,0.18867924528301888,0.25679347826086957
0,GSN,-3.1113043,-3.041772,0.0018626284310537566,0.026236452745125514,0.011149228130360206,0.08152173913043478
0,PSMB10,-3.129757,-0.39782882,0.0017495099409357887,0.024732202643291023,0.3216123499142367,0.38315217391304346
0,GNG7,-3.1333342,-2.8853393,0.0017283251903883346,0.024458040207194918,0.0137221269296741,0.08423913043478261
0,KLF6,-3.133463,-0.25545454,0.0017275675629368013,0.024458040207194918,0.6200686106346484,0.6739130434782609
0,ZNF385A,-3.1352901,-2.9448357,0.0017168421618148557,0.02434599850648356,0.010291595197255575,0.08152173913043478
0,WASF2,-3.135985,-0.6300121,0.0017127795852700553,0.024313636191733757,0.15608919382504288,0.22758152173913043
0,ATF3,-3.139588,-2.2567108,0.0016918557919492628,0.02406664864047826,0.01972555746140652,0.09103260869565218
0,SH3BP2,-3.1404374,-1.7206516,0.0016869581203122746,0.02402200218038,0.029159519725557463,0.10122282608695653
0,TTC38,-3.1477978,-3.5628529,0.0016450547518521844,0.023449757506569344,0.008576329331046312,0.07948369565217392
0,PRKCD,-3.1608973,-2.6181288,0.0015728396088092041,0.02244378024858777,0.014579759862778732,0.08627717391304347
0,CXCL16,-3.1633422,-2.9664505,0.0015596889688465128,0.022279406442016716,0.011149228130360206,0.08288043478260869
0,TPPP3,-3.16921,-4.227706,0.0015285394621351585,0.021880225256727174,0.004288164665523156,0.07608695652173914
0,CTSW,-3.1711402,-0.77363557,0.001518418826004865,0.0217581610576311,0.2864493996569468,0.30978260869565216
0,LILRA2,-3.1721952,-4.1873612,0.0015129123418844163,0.021702028299131922,0.004288164665523156,0.07608695652173914
0,HNMT,-3.1759012,-3.6008744,0.00149371793075871,0.021449224040421603,0.00686106346483705,0.07880434782608696
0,BNIP3L,-3.1788867,-0.77364594,0.001478419207774585,0.021251887054073403,0.12778730703259006,0.1983695652173913
0,AKR1A1,-3.1789124,-0.8231286,0.0014782879522190141,0.021251887054073403,0.10806174957118353,0.18070652173913043
0,RNASEH2C,-3.1859124,-0.74640584,0.001442982471704708,0.020808203414571798,0.1320754716981132,0.20380434782608695
0,SLC43A2,-3.196078,-5.631607,0.001393093913809095,0.02017400899997561,0.0017152658662092624,0.07404891304347826
0,BLK,-3.1980598,-3.4488378,0.0013835560087011442,0.02007847062149078,0.009433962264150943,0.08152173913043478
0,STX10,-3.199784,-0.870403,0.0013753058297714276,0.019979974905700654,0.10634648370497427,0.17866847826086957
0,FBXO6,-3.203696,-2.699175,0.0013567569613411833,0.019731494210942703,0.014579759862778732,0.08695652173913043
0,NCR3,-3.214119,-1.5280948,0.0013084547370443116,0.019069645559313893,0.0548885077186964,0.125
0,SULT1A1,-3.2177477,-2.2300634,0.0012920143092038198,0.018850157485563422,0.02058319039451115,0.09375
0,ARPC4,-3.2202697,-0.44709486,0.001280700169382959,0.018705071136998593,0.28387650085763294,0.3423913043478261
0,VMA21,-3.2241817,-1.3782115,0.0012633325216219453,0.018490963467598376,0.045454545454545456,0.11956521739130435
0,CLIC3,-3.2260604,-2.6923528,0.0012550690066257413,0.018409476213191327,0.02058319039451115,0.09239130434782608
0,NDUFB10,-3.23445,-0.433656,0.0012187717423977108,0.017896287004498,0.29845626072041165,0.358695652173913
0,PIK3AP1,-3.2369208,-2.7663245,0.0012082692555898304,0.017780307062860694,0.012864493996569469,0.08627717391304347
0,CHPT1,-3.2401378,-1.050418,0.0011947194311634247,0.01759987977558547,0.07890222984562607,0.1514945652173913
0,CREG1,-3.2480903,-1.9342712,0.0011618244392804645,0.017133773804334798,0.02830188679245283,0.10190217391304347
0,PSMD8,-3.2499945,-0.4345226,0.0011540719023895886,0.017037844215169972,0.26329331046312177,0.33016304347826086
0,MOB3A,-3.2511528,-1.2458947,0.001149380928326382,0.016986954499161336,0.05574614065180103,0.13043478260869565
0,PSENEN,-3.2520792,-0.8575767,0.0011456408450024097,0.01695002316289589,0.09948542024013722,0.17391304347826086
0,MIEN1,-3.2537005,-0.6931514,0.0011391227557881987,0.016871865892672065,0.14150943396226415,0.21331521739130435
0,SELT,-3.2609324,-0.45809212,0.001110465341501748,0.016465271122201815,0.2641509433962264,0.33016304347826086
0,SNF8,-3.2640207,-0.71594346,0.0010984316420346095,0.016304546199591985,0.1509433962264151,0.22282608695652173
0,NAMPT,-3.2750614,-1.3196019,0.0010563904915204822,0.01573180867197787,0.04974271012006861,0.125
0,PHACTR1,-3.2885725,-4.227285,0.0010069681197064193,0.015028586494765968,0.005145797598627788,0.07948369565217392
0,IQGAP1,-3.2904255,-1.1667995,0.0010003596159956693,0.014946292030674902,0.07032590051457976,0.14402173913043478
0,FMNL1,-3.299536,-0.5627157,0.0009684478883640306,0.014501232854714035,0.18010291595197256,0.2554347826086957
0,IDH3G,-3.3039627,-0.69207525,0.000953285466818617,0.014305567400961575,0.15780445969125215,0.23301630434782608
0,CARS2,-3.3043745,-1.6127234,0.0009518862454357023,0.014300284452882233,0.0411663807890223,0.11616847826086957
0,FAM49A,-3.3052237,-3.281009,0.0009490063573701959,0.014272721163268056,0.008576329331046312,0.08355978260869565
0,C7orf73,-3.3064847,-0.7221923,0.000944745046415607,0.01422429807480874,0.14065180102915953,0.2139945652173913
0,GNB1,-3.3075657,-1.0355003,0.0009411066093095869,0.014185156574759073,0.07632933104631218,0.15217391304347827
0,ITGAL,-3.309882,-1.2544153,0.0009333536285663443,0.014099421627988938,0.060891938250428816,0.1358695652173913
0,NCF4,-3.3112974,-2.28608,0.0009286448704906408,0.01404382541685514,0.02144082332761578,0.09646739130434782
0,KYNU,-3.3116062,-3.4051085,0.0009276204344334326,0.01404382541685514,0.007718696397941681,0.08288043478260869
0,CALR,-3.3224924,-0.4984148,0.0008921710632862403,0.013537208933596553,0.23842195540308747,0.313179347826087
0,ACTR2,-3.3236506,-0.68634975,0.0008884746868515148,0.01349611826879231,0.15180102915951973,0.22554347826086957
0,SPG21,-3.3272536,-0.731122,0.0008770654394830263,0.013337645480601568,0.13293310463121785,0.2105978260869565
0,SMAP2,-3.3281543,-0.77855945,0.0008742344290995013,0.013309415121274013,0.1183533447684391,0.1956521739130435
0,UNC119,-3.3299558,-1.2149153,0.0008685978079170115,0.013238361233163739,0.05917667238421955,0.1358695652173913
0,MATK,-3.338114,-2.1954682,0.0008434912938235554,0.012870074981513376,0.02830188679245283,0.10258152173913043
0,CISD3,-3.3436472,-0.9836751,0.0008268481027656937,0.012644387112394528,0.08576329331046312,0.16236413043478262
0,ARL6IP4,-3.3438275,-0.2982825,0.0008263113874851392,0.012644387112394528,0.4691252144082333,0.5271739130434783
0,PSMB7,-3.3463495,-0.46332073,0.0008188312307029649,0.01254989818909056,0.274442538593482,0.34782608695652173
0,GZMK,-3.3477907,-1.4295896,0.000814585111805596,0.012498847513277773,0.07289879931389365,0.14470108695652173
0,NANS,-3.3514452,-1.084861,0.000803909578933519,0.012376763483558213,0.07289879931389365,0.15013586956521738
0,MAP1LC3B,-3.3541217,-0.5425002,0.0007961734034034704,0.012271494353135204,0.2118353344768439,0.28328804347826086
0,FIBP,-3.3593974,-0.80626684,0.0007811261391457491,0.012066808321464196,0.1312178387650086,0.20516304347826086
0,ENO1,-3.3663461,-0.2680207,0.0007617104596099085,0.01180694442273883,0.5377358490566038,0.5876358695652174
0,CDKN1A,-3.368688,-2.009937,0.0007552682747080269,0.011722579109254517,0.02830188679245283,0.10461956521739131
0,MPP1,-3.371416,-2.2143683,0.0007478279953345233,0.011644628397135976,0.023156089193825044,0.09986413043478261
0,ZNF706,-3.3719308,-0.46450222,0.0007464318248604296,0.011636156393029711,0.27615780445969124,0.3423913043478261
0,SKAP2,-3.3915415,-2.4230418,0.0006950062437855373,0.010859273758736038,0.01972555746140652,0.09646739130434782
0,PSMA4,-3.3932145,-0.8743498,0.00069077554904473,0.010805533674404162,0.09862778730703259,0.17730978260869565
0,EIF5,-3.3991337,-0.5209061,0.0006759968389857437,0.010586482606868482,0.2367066895368782,0.30570652173913043
0,RASSF4,-3.4007034,-3.9601688,0.000672126880769876,0.010537961749475806,0.005145797598627788,0.08220108695652174
0,ATP5I,-3.4047184,-0.50156975,0.0006623234317574345,0.010396194004689111,0.25128644939965694,0.31929347826086957
0,FCGR1A,-3.406597,-5.793426,0.000657781734110867,0.010336786376315304,0.0017152658662092624,0.07880434782608696
0,RXRA,-3.4123619,-2.8372216,0.0006440256981860236,0.010132275270078732,0.012864493996569469,0.09035326086956522
0,CSTA,-3.4333107,-5.5463824,0.0005962582684240682,0.00944138498162554,0.0017152658662092624,0.07948369565217392
0,PLEKHO1,-3.437197,-1.6456606,0.0005877682251367431,0.009322372685792524,0.03773584905660377,0.11616847826086957
0,HOTAIRM1,-3.4422154,-2.3332255,0.000576970734933279,0.00916175855377774,0.018867924528301886,0.09714673913043478
0,SRA1,-3.4710653,-1.3018059,0.0005183981389044411,0.008289514033816215,0.060891938250428816,0.13994565217391305
0,SASH3,-3.4744108,-1.1077771,0.0005119764779338666,0.00820604551955972,0.0797598627787307,0.15760869565217392
0,PLD4,-3.4767528,-4.598772,0.0005075255197553988,0.008144263804676527,0.003430531732418525,0.08220108695652174
0,SEC61B,-3.4774477,-0.45177773,0.00050621186134455,0.008138207002294513,0.28130360205831906,0.3491847826086957
0,AGPAT2,-3.4899294,-1.8148787,0.0004831479318527983,0.007798898531184177,0.03173241852487135,0.11141304347826086
0,CCDC50,-3.494176,-3.0701115,0.0004755275263658474,0.0076940804502985925,0.011149228130360206,0.09035326086956522
0,MYD88,-3.501948,-0.95884085,0.00046186948975087967,0.007481957001231332,0.08662092624356775,0.16779891304347827
0,CD300C,-3.5040329,-4.5020866,0.0004582689923916801,0.007450144476310456,0.003430531732418525,0.08288043478260869
0,SAMHD1,-3.512371,-0.6299986,0.00044412729559133916,0.007237472969684162,0.20154373927958832,0.2758152173913043
0,SDHB,-3.5212243,-0.660406,0.00042955914674375586,0.007016817832455419,0.17238421955403088,0.2513586956521739
0,TPST2,-3.527787,-1.0683653,0.00041904936852265505,0.006886327528935472,0.10205831903945112,0.1766304347826087
0,QPCT,-3.5307465,-4.423339,0.00041438866499463815,0.0068179416977913,0.004288164665523156,0.08423913043478261
0,RAB7A,-3.532548,-0.47966996,0.0004115754655699256,0.006779824557084323,0.274442538593482,0.34375
0,LAIR1,-3.5488904,-1.5991887,0.00038685826942437454,0.00640355942698092,0.04631217838765009,0.12635869565217392
0,UQCR11-1,-3.5593905,-0.26869306,0.000371716522953588,0.0061678746506126335,0.5471698113207547,0.5849184782608695
0,DDAH2,-3.5722842,-2.162565,0.0003538811929897611,0.0058934165505709485,0.024013722126929673,0.10529891304347826
0,COMMD9,-3.5758615,-1.0968922,0.00034907659166238833,0.005820500532040996,0.07547169811320754,0.15760869565217392
0,DRAM2,-3.5790527,-0.8553188,0.0003448420329712889,0.005756922741144158,0.11663807890222985,0.19701086956521738
0,MAP3K8,-3.5828614,-3.1053731,0.00033985079238609537,0.005680541518757061,0.012864493996569469,0.09375
0,RNPEP,-3.5877,-1.520521,0.0003336080063024601,0.005596745619246186,0.04716981132075472,0.12907608695652173
0,IDH2,-3.5907881,-0.774266,0.0003296795283425753,0.005544462609662818,0.13893653516295026,0.21942934782608695
0,CD36,-3.5909169,-3.2554758,0.00032951678502037647,0.005544462609662818,0.010291595197255575,0.09171195652173914
0,MAP2K3,-3.5925896,-0.97482014,0.00032740795177628657,0.005519855542539468,0.09691252144082332,0.17866847826086957
0,LACTB,-3.592641,-1.8861436,0.00032734326533393095,0.005519855542539468,0.030017152658662092,0.11209239130434782
0,TNFRSF1A,-3.592847,-1.537282,0.0003270846391505845,0.005519855542539468,0.04716981132075472,0.12907608695652173
0,COX6A1,-3.5936706,-0.3432125,0.00032605204551119514,0.005517430896531451,0.451114922813036,0.5040760869565217
0,NDUFA2,-3.599564,-0.5765463,0.00031875110562882045,0.00540057704524463,0.2144082332761578,0.2921195652173913
0,GDI2,-3.600542,-0.52211845,0.00031755450163168975,0.005389653536777611,0.2641509433962264,0.33695652173913043
0,GPX4,-3.6009538,-0.2726339,0.00031705192748065814,0.005389653536777611,0.5334476843910806,0.5529891304347826
0,XCL2,-3.6149025,-4.196731,0.0003004605631493338,0.005122458739534709,0.00686106346483705,0.08831521739130435
0,PTPRE,-3.6150312,-1.6952709,0.0003003113624959789,0.005122458739534709,0.04288164665523156,0.12432065217391304
0,BAG1,-3.6202815,-0.77898216,0.0002942828091953499,0.0050296946713037525,0.1312178387650086,0.2139945652173913
0,PTP4A2,-3.6216455,-0.6315538,0.0002927352224185491,0.005009514031764043,0.19125214408233276,0.27309782608695654
0,AHNAK,-3.6304984,-0.5723718,0.00028287435310822415,0.004859034171126929,0.23156089193825044,0.30910326086956524
0,IFI27L2,-3.6361861,-0.8901228,0.00027670445174173604,0.004765039083209518,0.1183533447684391,0.19972826086956522
0,HIGD2A,-3.6524253,-0.32447222,0.00025977507416606143,0.004496183032714493,0.4716981132075472,0.5135869565217391
0,FIS1,-3.6592455,-0.47648627,0.00025295902899113006,0.004389337356928681,0.28987993138936535,0.3654891304347826
0,PRDX6,-3.668742,-0.5588283,0.00024374699693795863,0.004234871488784686,0.24356775300171526,0.32065217391304346
0,CAST,-3.6763854,-0.92147964,0.00023656201909997014,0.004120524149016827,0.11921097770154374,0.19972826086956522
0,TXNDC17,-3.6793709,-1.2192631,0.00023381011523704204,0.004077791741605423,0.06432246998284734,0.1480978260869565
0,ADRBK1,-3.683926,-1.4810653,0.0002296689179919041,0.004010688931070898,0.05231560891938251,0.1358695652173913
0,NAPRT1,-3.701761,-1.154926,0.00021410830629485462,0.0037533543398748843,0.07804459691252144,0.16304347826086957
0,GUK1,-3.7140884,-0.35683477,0.00020393750996590846,0.003588879685688719,0.45197255574614065,0.5040760869565217
0,BUD31,-3.728243,-0.6081576,0.0001928193461039496,0.0034063919668765015,0.21012006861063465,0.29347826086956524
0,DOK2,-3.730379,-0.6436995,0.00019119183128247602,0.003382015088074472,0.19639794168096056,0.27717391304347827
0,PARK7,-3.7589202,-0.32107982,0.00017064827673932012,0.0030225329016240667,0.467409948542024,0.5074728260869565
0,EIF4E2,-3.7662034,-0.9643405,0.00016574878114776142,0.0029395653965634157,0.10891938250428816,0.19361413043478262
0,POMP,-3.7738469,-0.91298276,0.00016074941420197387,0.0028546085830197074,0.10891938250428816,0.1949728260869565
0,RTN4,-3.7773728,-0.6352929,0.0001584914472207071,0.0028181760458931985,0.1955403087478559,0.2798913043478261
0,MTMR11,-3.7777073,-4.7962713,0.0001582787451920688,0.002818063291190211,0.003430531732418525,0.08899456521739131
0,SF3B5,-3.7804353,-0.42978355,0.00015655440388172157,0.0027910012263822324,0.35591766723842194,0.4232336956521739
0,PSMB6,-3.7831118,-0.5708162,0.00015487979254045898,0.0027683749305399317,0.2332761578044597,0.313179347826087
0,CLTB,-3.7884905,-0.7890853,0.00015156532571738803,0.0027126816356443655,0.14408233276157806,0.22894021739130435
0,LILRB4,-3.7983217,-4.466457,0.0001456791805784254,0.002614185137948722,0.004288164665523156,0.09035326086956522
0,MYO1G,-3.8067887,-0.67994386,0.00014078289579741576,0.002536320877321253,0.18782161234991424,0.2717391304347826
0,KLRD1,-3.8194766,-3.4299307,0.0001337351938672873,0.002412533431243957,0.012006861063464836,0.09782608695652174
0,BSG,-3.8354585,-0.6334075,0.00012533029658775262,0.002269907864989854,0.20411663807890223,0.28532608695652173
0,MAPKAPK3,-3.8366938,-1.2144121,0.00012470181352898965,0.0022643689179640165,0.06946826758147513,0.15828804347826086
0,OSCAR,-3.8453667,-4.1183057,0.00012037227393328372,0.002188819937194304,0.006003430531732418,0.09307065217391304
0,C19orf43,-3.8527014,-0.258343,0.00011682180277561998,0.0021275387166263446,0.6029159519725558,0.6372282608695652
0,LRRFIP1,-3.8562014,-0.4484851,0.00011516256928092297,0.0021024866926474387,0.3190394511149228,0.38790760869565216
0,UBE2J1,-3.8579001,-1.3642274,0.0001143653871611193,0.0020907278809534744,0.0660377358490566,0.15217391304347827
0,SPON2,-3.8642826,-2.5231123,0.00011141619536959029,0.002042281293915604,0.032590051457975985,0.11752717391304347
0,ARHGEF40,-3.8644626,-3.875996,0.00011133400242900471,0.002042281293915604,0.00686106346483705,0.09442934782608696
0,G0S2,-3.8734446,-2.8700626,0.00010730785572344974,0.001974927328516751,0.02058319039451115,0.10733695652173914
0,CAMK1,-3.9016767,-3.1280744,9.55287022391409e-05,0.0017605127635326697,0.011149228130360206,0.09986413043478261
0,HES4,-3.9117908,-4.269945,9.1614240112614e-05,0.0016975360420323701,0.005145797598627788,0.09375
0,RNF181,-3.9141586,-0.7309286,9.072001853751694e-05,0.0016832507787341458,0.16895368782161235,0.25679347826086957
0,SHKBP1,-3.9159858,-0.9184481,9.003555593911288e-05,0.0016751029317500347,0.11663807890222985,0.20516304347826086
0,HERPUD1,-3.9249418,-0.7613481,8.67506956508802e-05,0.0016161903135176261,0.16552315608919382,0.24932065217391305
0,CECR1,-3.9266918,-1.3805714,8.61221946110785e-05,0.0016066730732361856,0.057461406518010294,0.1480978260869565
0,NAAA,-3.9465342,-0.882058,7.929060783014366e-05,0.001487352390835772,0.1312178387650086,0.22010869565217392
0,NT5C,-3.948696,-1.225129,7.857806904198072e-05,0.001476013907616628,0.07718696397941681,0.16576086956521738
0,ATP5G3,-3.9522989,-0.40962848,7.74039396194361e-05,0.0014579699302662336,0.3936535162950257,0.4626358695652174
0,CD86,-3.9922924,-4.0775437,6.543760307044724e-05,0.0012411332049028158,0.006003430531732418,0.09646739130434782
0,CD40,-3.9987779,-3.5310507,6.3670402679557e-05,0.0012092948803783454,0.010291595197255575,0.10054347826086957
0,ZYX,-4.001892,-0.9966671,6.283801010905004e-05,0.0011951474457509573,0.09862778730703259,0.19157608695652173
0,HOPX,-4.0122633,-1.296958,6.01393369925654e-05,0.0011470150642045713,0.10205831903945112,0.18546195652173914
0,APMAP,-4.0142193,-1.3718771,5.9642863707941006e-05,0.001139136988525374,0.07375643224699828,0.16168478260869565
0,XAF1,-4.0244365,-0.7498943,5.7111911353835926e-05,0.0010953936256291902,0.16123499142367068,0.2513586956521739
0,CD300LF,-4.0298667,-3.612649,5.580848854864098e-05,0.0010734094642538608,0.009433962264150943,0.10054347826086957
0,CDKN2D,-4.036146,-0.8065403,5.433635239052798e-05,0.001048046932549506,0.17495711835334476,0.25883152173913043
0,PHPT1,-4.0389,-0.9590325,5.370245674515087e-05,0.0010372853597054885,0.11234991423670669,0.20516304347826086
0,NBPF10,-4.044433,-2.4380505,5.24498646652843e-05,0.001015306327151553,0.02058319039451115,0.11277173913043478
0,IL8,-4.045334,-2.7852437,5.2248593270508e-05,0.0010135039626449677,0.025728987993138937,0.11548913043478261
0,MOB1A,-4.055242,-0.86374635,5.008237816442125e-05,0.0009742520743779724,0.14751286449399656,0.23505434782608695
0,COMT,-4.0704265,-1.0551327,4.692717731447157e-05,0.0009141762245455404,0.10548885077186965,0.19701086956521738
0,GLUL,-4.0706835,-1.3912057,4.687536006082137e-05,0.0009141762245455404,0.0711835334476844,0.16236413043478262
0,HN1,-4.0726395,-0.6893008,4.6483318203218896e-05,0.0009081204483306971,0.1946826758147513,0.28464673913043476
0,UBE2F,-4.072897,-1.1876676,4.643196581459471e-05,0.0009081204483306971,0.08319039451114923,0.17459239130434784
0,RAB31,-4.074724,-7.1312633,4.606890775234901e-05,0.0009048037820231328,0.0008576329331046312,0.09307065217391304
0,CD1D,-4.080103,-4.946218,4.501574892750068e-05,0.00088578539964546,0.003430531732418525,0.09578804347826086
0,NOTCH2NL,-4.0969086,-1.6076127,4.187043313215595e-05,0.0008274712515958345,0.051457975986277875,0.14470108695652173
0,LILRB1,-4.1140485,-3.5584486,3.8877964430596576e-05,0.0007694456264698939,0.009433962264150943,0.10258152173913043
0,COX17,-4.1172657,-0.8329815,3.833943002200628e-05,0.0007598886159368908,0.13979416809605488,0.234375
0,IMPDH1,-4.1352034,-2.0429761,3.5464044380165556e-05,0.0007039200436853791,0.03344768439108062,0.12703804347826086
0,FCER2,-4.140376,-4.874339,3.4673661289438205e-05,0.000689233651482632,0.005145797598627788,0.09850543478260869
0,SIGLEC10,-4.1466556,-4.1652036,3.3736664940306027e-05,0.0006725662721530206,0.006003430531732418,0.09986413043478261
0,CD83,-4.1519575,-2.5407076,3.2964367525302385e-05,0.0006581307060314757,0.023156089193825044,0.11684782608695653
0,PDLIM1,-4.1659575,-3.8026218,3.100482624768055e-05,0.0006199149447120432,0.010291595197255575,0.10394021739130435
0,TPM3,-4.1709504,-0.40119976,3.0333189372361402e-05,0.0006073754165234125,0.44339622641509435,0.5006793478260869
0,CAPNS1,-4.17566,-1.2610852,2.971232651273408e-05,0.0005958172259293635,0.07632933104631218,0.171875
0,LSMD1,-4.18405,-0.96608144,2.8636118570265793e-05,0.0005750806399934554,0.1234991423670669,0.21807065217391305
0,SLC16A3,-4.1914363,-2.6284556,2.7719426891780626e-05,0.0005591380999027418,0.01972555746140652,0.11480978260869565
0,SP110,-4.207289,-0.61828375,2.5845212912518624e-05,0.0005244312444774953,0.23241852487135506,0.32472826086956524
0,NDUFS6,-4.2147784,-0.7419775,2.5002348420087766e-05,0.0005080834375367836,0.1783876500857633,0.27241847826086957
0,RAB8A,-4.2224994,-0.8176656,2.4160824459676042e-05,0.0004917141860228555,0.1680960548885077,0.25815217391304346
0,SDCBP,-4.2342606,-0.7256991,2.293050424221142e-05,0.00046807020318630666,0.19125214408233276,0.2860054347826087
0,S100A12,-4.2773423,-6.2471614,1.8913793153274612e-05,0.0003889860832848164,0.0017152658662092624,0.09850543478260869
0,TNFSF10,-4.2815113,-0.8217392,1.8562820227802053e-05,0.0003823879293747268,0.16295025728987994,0.25883152173913043
0,VAMP5,-4.284394,-0.8020207,1.8323809020193764e-05,0.0003785626868075129,0.17409948542024015,0.265625
0,SMS,-4.2853203,-1.0290607,1.8247608625071633e-05,0.00037813253927766044,0.11406518010291596,0.2105978260869565
0,MIDN,-4.2877393,-1.658807,1.805006155556639e-05,0.000374607356539232,0.05317324185248713,0.15013586956521738
0,TREX1,-4.324156,-1.3647274,1.5311717253158318e-05,0.0003187451384285518,0.06775300171526587,0.16576086956521738
0,FOLR3,-4.3258286,-5.3179774,1.5195964285639123e-05,0.00031681845539647,0.003430531732418525,0.10122282608695653
0,ZNHIT1,-4.3386965,-0.6693034,1.4333038250457927e-05,0.00029974268047205737,0.22384219554030874,0.31589673913043476
0,CD302,-4.345954,-3.5585706,1.386717149092528e-05,0.00029044492926391966,0.010291595197255575,0.10869565217391304
0,HCLS1,-4.349248,-0.49367085,1.3660512832194274e-05,0.0002865560111158909,0.34133790737564323,0.4232336956521739
0,TLN1,-4.352388,-1.3623812,1.3466278138112503e-05,0.0002829161450062528,0.07204116638078903,0.17051630434782608
0,NINJ1,-4.3645096,-1.1508945,1.2740838190333586e-05,0.0002680876522761101,0.10034305317324185,0.19904891304347827
0,ERP44,-4.368447,-1.0143609,1.2513319836328453e-05,0.0002637066291433663,0.12264150943396226,0.21875
0,CD300E,-4.370815,-3.9407496,1.2378383479434955e-05,0.0002616705956581482,0.00686106346483705,0.10597826086956522
0,FOSB,-4.375653,-0.41357723,1.210694928032942e-05,0.0002563294563909745,0.46054888507718694,0.5095108695652174
0,ATP6V0E1,-4.385381,-0.37495872,1.1578287843084347e-05,0.0002458990649846965,0.5308747855917667,0.5917119565217391
0,CXXC5,-4.401363,-3.0042186,1.0757295460591666e-05,0.00022917570485154413,0.018010291595197257,0.11684782608695653
0,NUDT16,-4.401646,-2.6571352,1.0743266538174275e-05,0.00022917570485154413,0.022298456260720412,0.12160326086956522
0,PSMB1,-4.435566,-0.41351697,9.183071700414294e-06,0.00019686660461673092,0.42538593481989706,0.5006793478260869
0,SOD2,-4.4529634,-0.98812413,8.469321836014087e-06,0.00018242438326909838,0.1509433962264151,0.24388586956521738
0,LTA4H,-4.460118,-1.1397334,8.191457964852908e-06,0.00017699770564561917,0.10891938250428816,0.20720108695652173
0,CD97,-4.464004,-0.82350343,8.044206038412424e-06,0.00017409140675207616,0.16981132075471697,0.26970108695652173
0,PTPN18,-4.4682503,-1.2692631,7.886195658917684e-06,0.00017094267923520618,0.08576329331046312,0.18682065217391305
0,LILRA3,-4.489405,-4.688813,7.1422309867336275e-06,0.0001550624902302614,0.005145797598627788,0.10665760869565218
0,RAB24,-4.491567,-2.0439425,7.070103532919037e-06,0.00015374097746105473,0.03945111492281304,0.140625
0,TMEM205,-4.499468,-1.6965503,6.812375198503508e-06,0.00014837287992147352,0.05660377358490566,0.15760869565217392
0,TIMM13,-4.504332,-0.8671415,6.658204342302169e-06,0.00014547910159756546,0.15265866209262435,0.25339673913043476
0,TNFAIP2,-4.509685,-3.820422,6.492393885212916e-06,0.0001423116065753894,0.008576329331046312,0.11073369565217392
0,C20orf27,-4.5099425,-1.437483,6.484522592464855e-06,0.0001423116065753894,0.07204116638078903,0.17391304347826086
0,TCIRG1,-4.5113063,-1.8739495,6.442956936691889e-06,0.00014168280181556272,0.04030874785591767,0.14334239130434784
0,ASCL2,-4.5143948,-3.8705988,6.349785940086239e-06,0.00013985915612551238,0.008576329331046312,0.11073369565217392
0,GRB2,-4.5151668,-0.99944866,6.326695414131836e-06,0.00013957569075183257,0.12864493996569468,0.22894021739130435
0,MIR24-2,-4.5222697,-1.721511,6.117998887172873e-06,0.0001354090645109121,0.054030874785591765,0.15557065217391305
0,NAGK,-4.528781,-1.4553529,5.9324940874319485e-06,0.000131516459834368,0.06689536878216124,0.16983695652173914
0,ANXA4,-4.532487,-1.886,5.829327052215257e-06,0.00012943949630089683,0.04288164665523156,0.1453804347826087
0,LCP1,-4.535395,-0.5248694,5.749574311553843e-06,0.00012787652573058514,0.34133790737564323,0.4232336956521739
0,POLR2L,-4.5355754,-0.5741091,5.744668383393245e-06,0.00012787652573058514,0.30874785591766724,0.39809782608695654
0,PRAM1,-4.535807,-3.3775768,5.738366648773044e-06,0.00012787652573058514,0.012006861063464836,0.11480978260869565
0,DBNL,-4.546899,-0.80489874,5.444209999487832e-06,0.00012167943003765276,0.18867924528301888,0.28464673913043476
0,SERPINB6,-4.5540795,-0.95940375,5.261550204222716e-06,0.00011778972063748429,0.13807890222984562,0.23845108695652173
0,UQCRFS1,-4.5675907,-0.66807055,4.933624129936903e-06,0.00011062983763287086,0.23241852487135506,0.33220108695652173
0,CASP4,-4.571168,-0.652751,4.850134847251862e-06,0.00010911604855695458,0.26758147512864494,0.35597826086956524
0,LAP3,-4.5747194,-1.1984223,4.768585819986909e-06,0.00010745842897317035,0.09862778730703259,0.20040760869565216
0,NDUFA11,-4.5801754,-0.5065902,4.645860870987268e-06,0.00010486591083339195,0.36620926243567753,0.45108695652173914
0,GAPT,-4.597753,-4.3931985,4.270719113594242e-06,9.67179771397064e-05,0.006003430531732418,0.11005434782608696
0,EIF6,-4.613632,-0.8532429,3.956928194621219e-06,8.976048409592586e-05,0.16895368782161235,0.2703804347826087
0,PGAM1,-4.61811,-0.8252576,3.872509665831986e-06,8.799166721564325e-05,0.18181818181818182,0.280570652173913
0,ARF1,-4.6307464,-0.44246167,3.6435011795813057e-06,8.30645277268152e-05,0.4125214408233276,0.48845108695652173
0,GPBAR1,-4.6418643,-4.128018,3.452798560560945e-06,7.898059822951469e-05,0.00686106346483705,0.11209239130434782
0,CLEC7A,-4.647063,-3.6734152,3.366947190170647e-06,7.714602488082274e-05,0.010291595197255575,0.11548913043478261
0,GRINA,-4.6585665,-1.9139884,3.184186589091205e-06,7.32041280481978e-05,0.04288164665523156,0.1487771739130435
0,VSTM1,-4.662401,-6.034057,3.125409593046159e-06,7.197401922873247e-05,0.0017152658662092624,0.10733695652173914
0,LAMTOR5,-4.6627617,-0.71907884,3.119940725420918e-06,7.19694434904528e-05,0.22384219554030874,0.32404891304347827
0,AKIRIN2,-4.674523,-1.4694681,2.9463778148973925e-06,6.808077062646158e-05,0.07032590051457976,0.17595108695652173
0,HMOX1,-4.6814456,-3.716001,2.8485869254935606e-06,6.593271704159333e-05,0.010291595197255575,0.11616847826086957
0,PRKCB,-4.681832,-1.4067398,2.8432265910582273e-06,6.592037746602912e-05,0.08147512864493997,0.18614130434782608
0,NDUFA13,-4.6862583,-0.45036593,2.782449112748017e-06,6.462096102667843e-05,0.4228130360205832,0.49184782608695654
0,PGD,-4.69524,-1.675848,2.6629361185501355e-06,6.195069103052921e-05,0.05917667238421955,0.1644021739130435
0,CX3CR1,-4.715932,-3.0277107,2.4060703314871644e-06,5.607047175219917e-05,0.017152658662092625,0.12364130434782608
0,SRSF9,-4.716987,-0.6587852,2.3936302250404455e-06,5.5971599919781383e-05,0.2521440823327616,0.35054347826086957
0,JUND,-4.728465,-1.3110406,2.2622346582774904e-06,5.2989839611384924e-05,0.09605488850771869,0.19972826086956522
0,CHMP4B,-4.731888,-1.073477,2.224411501314527e-06,5.228324175895212e-05,0.11663807890222985,0.22418478260869565
0,MSN,-4.7413073,-0.71436024,2.123435682354257e-06,4.9995927031430574e-05,0.22984562607204118,0.33016304347826086
0,CYC1,-4.757238,-1.0031755,1.9625996299503603e-06,4.636896288339467e-05,0.1346483704974271,0.24116847826086957
0,ATP5B,-4.757984,-0.5266159,1.955358968398033e-06,4.6277958531097984e-05,0.36106346483704976,0.4429347826086957
0,GNB2,-4.761484,-0.75435597,1.9217437614616465e-06,4.5561341677986536e-05,0.2109777015437393,0.3111413043478261
0,PARVG,-4.7784185,-1.2213544,1.766794999525489e-06,4.196061306699144e-05,0.09176672384219554,0.20108695652173914
0,TMEM176B,-4.7859845,-4.6654067,1.7015105736283715e-06,4.0480537270851986e-05,0.005145797598627788,0.11345108695652174
0,OSTF1,-4.8013234,-0.69231725,1.5762063879064068e-06,3.756487684685845e-05,0.258147512864494,0.35258152173913043
0,MEF2C,-4.8015804,-3.6895335,1.5741816055156194e-06,3.756487684685845e-05,0.011149228130360206,0.11956521739130435
0,ENY2,-4.803562,-1.0068841,1.5586743157055523e-06,3.7277156664229464e-05,0.13636363636363635,0.24388586956521738
0,ATP5J2,-4.8052607,-0.6405612,1.5454993349287705e-06,3.7026910382082966e-05,0.2684391080617496,0.3695652173913043
0,UNC93B1,-4.8183603,-2.494075,1.4474281864564782e-06,3.4799435412411384e-05,0.024013722126929673,0.13383152173913043
0,UQCRC1,-4.832592,-1.0350767,1.347666651476103e-06,3.2630737220846914e-05,0.12264150943396226,0.23233695652173914
0,POLE4,-4.8367357,-1.0458457,1.3198876653249325e-06,3.20148951290893e-05,0.13036020583190394,0.2391304347826087
0,DUSP6,-4.8418827,-2.2422383,1.2861460392629856e-06,3.125197564444009e-05,0.03173241852487135,0.14198369565217392
0,GNAS,-4.8563204,-0.6900397,1.1958702023373582e-06,2.911016663657569e-05,0.24271012006861065,0.3451086956521739
0,PLSCR1,-4.8620596,-1.4108161,1.161705757929947e-06,2.8329024696948848e-05,0.0797598627787307,0.18953804347826086
0,CSF1R,-4.9122443,-3.7078252,9.00396681023618e-07,2.2114778913774333e-05,0.009433962264150943,0.12092391304347826
0,BANK1,-4.9145865,-2.4541771,8.897005079171348e-07,2.1891441686696204e-05,0.03430531732418525,0.14334239130434784
0,CSK,-4.91891,-0.94275516,8.702743143527664e-07,2.1452104759569276e-05,0.15866209262435677,0.26834239130434784
0,BST1,-4.921561,-3.5037904,8.585668768950359e-07,2.1240197954490236e-05,0.012006861063464836,0.12364130434782608
0,IL1B,-4.933425,-3.2227309,8.080004334503979e-07,2.0025506205442166e-05,0.017152658662092625,0.12839673913043478
0,SMIM14,-4.9337597,-2.2193716,8.066169150886798e-07,2.0025506205442166e-05,0.0411663807890223,0.15081521739130435
0,ALOX5,-4.9459844,-2.6400185,7.576012249997299e-07,1.8844812984692734e-05,0.023156089193825044,0.13519021739130435
0,SYK,-4.9650803,-3.009511,6.867271372716569e-07,1.714432502117321e-05,0.018010291595197257,0.13043478260869565
0,SCIMP,-5.0024743,-2.9387388,5.659914576690284e-07,1.415600612807372e-05,0.018010291595197257,0.13179347826086957
0,TESC,-5.008265,-3.1259582,5.492293790810218e-07,1.3761975047211803e-05,0.017152658662092625,0.13043478260869565
0,MARCH1,-5.0232944,-3.5374362,5.079256535545997e-07,1.2750427803201497e-05,0.012864493996569469,0.12635869565217392
0,VPREB3,-5.0283647,-4.722447,4.94680975413738e-07,1.2486808503234763e-05,0.006003430531732418,0.11956521739130435
0,MT-ATP6,-5.0510893,-0.3735607,4.3929790070350997e-07,1.1150654520459353e-05,0.7144082332761578,0.7649456521739131
0,VAMP8,-5.051501,-0.4066022,4.383517514009789e-07,1.114735850490087e-05,0.4794168096054888,0.53125
0,TMEM179B,-5.0922923,-1.3040745,3.5376033789766394e-07,9.097836486498115e-06,0.09777015437392796,0.21195652173913043
0,ATP1B3,-5.1005793,-1.2627175,3.3861577055295566e-07,8.724786722021062e-06,0.10120068610634649,0.21603260869565216
0,FAM49B,-5.1078367,-0.72389424,3.2586820727286245e-07,8.412204609675255e-06,0.24356775300171526,0.3498641304347826
0,IRF7,-5.1257744,-1.2703291,2.963171190989581e-07,7.66383821669578e-06,0.09948542024013722,0.21603260869565216
0,PPP4C,-5.13576,-0.74896824,2.8100611960544735e-07,7.281631061351023e-06,0.22984562607204118,0.34103260869565216
0,RBP7,-5.1368923,-5.6994157,2.7931884446608653e-07,7.251669467735509e-06,0.002572898799313894,0.11888586956521739
0,EPSTI1,-5.145617,-1.1811697,2.6664324795358597e-07,6.949008003920172e-06,0.1183533447684391,0.23301630434782608
0,HHEX,-5.1514845,-3.6385262,2.5843251380642765e-07,6.747905178853874e-06,0.012864493996569469,0.12907608695652173
0,ATOX1,-5.1565547,-1.8116872,2.515352859069631e-07,6.580394376140782e-06,0.05231560891938251,0.16915760869565216
0,LSM10,-5.157198,-0.988222,2.5067282262275067e-07,6.570418552276934e-06,0.14665523156089194,0.26358695652173914
0,TGFB1,-5.172588,-1.0877805,2.3087381362142537e-07,6.0631015361811245e-06,0.137221269296741,0.25
0,THEMIS2,-5.1826506,-1.8896235,2.1875458960890744e-07,5.767012887450271e-06,0.051457975986277875,0.16847826086956522
0,RNH1,-5.1876435,-0.751186,2.1297196571816635e-07,5.636327836913333e-06,0.24957118353344768,0.3539402173913043
0,SYNGR2,-5.1941547,-1.596364,2.0565228613619358e-07,5.453179843642446e-06,0.07032590051457976,0.1875
0,CSNK2B,-5.203754,-0.6721474,1.9530253097046312e-07,5.188815881191915e-06,0.2830188679245283,0.3892663043478261
0,ZFP36,-5.213328,-0.32757336,1.8548281729487736e-07,4.947174517536807e-06,0.6946826758147513,0.7146739130434783
0,NDUFS7,-5.218243,-0.7939197,1.8062816273482988e-07,4.827119746197333e-06,0.23241852487135506,0.34103260869565216
0,IFI35,-5.234508,-1.1732315,1.654246750206172e-07,4.429488945257938e-06,0.11578044596912522,0.23369565217391305
0,SNX10,-5.2852335,-2.50411,1.2554449675311664e-07,3.388212742412175e-06,0.030017152658662092,0.14945652173913043
0,TRAPPC1,-5.32062,-0.56392616,1.0341406025248016e-07,2.7964800134809293e-06,0.39193825042881647,0.49660326086956524
0,NDUFB7,-5.3298335,-0.8163174,9.830275025620953e-08,2.6688317246496968e-06,0.225557461406518,0.33559782608695654
0,DYNLL1,-5.338918,-0.73911,9.350270339832424e-08,2.543571549018956e-06,0.28216123499142365,0.3858695652173913
0,ARF5,-5.367048,-0.774822,8.003591606802546e-08,2.181577784081748e-06,0.23499142367066894,0.3485054347826087
0,S100A10,-5.3729925,-0.37247434,7.744049780236328e-08,2.115054875978146e-06,0.6355060034305318,0.6467391304347826
0,SAT2,-5.392912,-1.3342377,6.932485583364801e-08,1.904829439163576e-06,0.10377358490566038,0.22486413043478262
0,COX5B,-5.4381814,-0.4818632,5.382715187592185e-08,1.4849769414496742e-06,0.4665523156089194,0.5332880434782609
0,EAF2,-5.4480124,-2.8593924,5.093578088832277e-08,1.40805470407072e-06,0.026586620926243566,0.1487771739130435
0,BTK,-5.4611635,-3.533802,4.730241733999455e-08,1.3102673655070295e-06,0.0137221269296741,0.13722826086956522
0,TAGLN2,-5.490888,-0.55273515,3.999171239257159e-08,1.1100138707986946e-06,0.46397941680960547,0.5502717391304348
0,RBX1,-5.5211535,-0.82189256,3.367811120608856e-08,9.36676754847954e-07,0.225557461406518,0.34578804347826086
0,RAB5C,-5.5261464,-0.8309998,3.273410152884697e-08,9.122793683223147e-07,0.21612349914236706,0.3342391304347826
0,CD33,-5.546684,-5.378172,2.911389410671741e-08,8.163846774565359e-07,0.003430531732418525,0.12907608695652173
0,ATP5D,-5.609942,-0.5005735,2.0239422708084126e-08,5.722351066285648e-07,0.4888507718696398,0.5883152173913043
0,LINC00926,-5.614034,-4.3112693,1.9766315391192377e-08,5.600182634483881e-07,0.011149228130360206,0.13722826086956522
0,DYNLT1,-5.6651196,-1.1813375,1.4692189895617573e-08,4.18865438861281e-07,0.120926243567753,0.24864130434782608
0,GLIPR2,-5.691885,-1.0920328,1.2564448538157018e-08,3.6046241436359716e-07,0.153516295025729,0.280570652173913
0,CAP1,-5.6989107,-0.6494431,1.2057525019517226e-08,3.473788220812811e-07,0.35934819897084047,0.45720108695652173
0,UCP2,-5.712036,-0.49744946,1.1163238907902439e-08,3.22294271725826e-07,0.5197255574614065,0.595108695652174
0,MIR142,-5.715665,-1.3942993,1.0927591665196835e-08,3.1615930461849145e-07,0.09519725557461406,0.22486413043478262
0,MSRB1,-5.731827,-2.4443686,9.935461186598358e-09,2.8806509121908104e-07,0.036020583190394515,0.16508152173913043
0,C4orf48,-5.7376175,-1.5270348,9.601766038265653e-09,2.78982376635225e-07,0.08747855917667238,0.21603260869565216
0,ARPC5,-5.7463675,-0.5013274,9.118092316010712e-09,2.6663098215726396e-07,0.48713550600343053,0.5597826086956522
0,VCAN,-5.7473197,-2.9028456,9.066908942189925e-09,2.6570323715567734e-07,0.024013722126929673,0.15421195652173914
0,ATG3,-5.753548,-1.1333947,8.738963672434975e-09,2.566436299156388e-07,0.14150943396226415,0.26902173913043476
0,FLNA,-5.7742653,-1.1556005,7.728958182711536e-09,2.2747123479118263e-07,0.14150943396226415,0.26902173913043476
0,TNFRSF1B,-5.774857,-1.6651372,7.701836913453295e-09,2.2716260235446695e-07,0.06946826758147513,0.20108695652173914
0,YBX3,-5.77846,-2.6159806,7.538735961002485e-09,2.2283328632781371e-07,0.03173241852487135,0.16168478260869565
0,SLC31A2,-5.795111,-3.4137597,6.827588894178434e-09,2.0225065930347222e-07,0.015437392795883362,0.14673913043478262
0,LILRB2,-5.8704658,-2.8136785,4.3457261075468e-09,1.2985828386139846e-07,0.025728987993138937,0.15896739130434784
0,CHCHD2,-5.883591,-0.3128225,4.014592249625052e-09,1.2022647315982392e-07,0.6981132075471698,0.7262228260869565
0,APOBEC3G,-5.899007,-1.201571,3.6569630839854706e-09,1.097571162085837e-07,0.14665523156089194,0.27241847826086957
0,GLIPR1,-5.922632,-1.1699518,3.168289120283536e-09,9.551027864589839e-08,0.13293310463121785,0.2669836956521739
0,LAT2,-5.923301,-3.3538187,3.155418697158631e-09,9.533273833716431e-08,0.018010291595197257,0.1514945652173913
0,PRR13,-5.93025,-0.5713211,3.0247378456791362e-09,9.158718408114032e-08,0.4288164665523156,0.5292119565217391
0,SLC11A1,-5.9383826,-3.5670185,2.8784780929099533e-09,8.754676355629917e-08,0.015437392795883362,0.14945652173913043
0,COX6B1,-5.9389486,-0.4573979,2.868555932353797e-09,8.743973172371307e-08,0.5351629502572899,0.608016304347826
0,SCO2,-5.9723024,-1.9472946,2.339285325325737e-09,7.162618924360597e-08,0.058319039451114926,0.19293478260869565
0,OAS1,-5.972431,-1.2578139,2.337440363372112e-09,7.162618924360597e-08,0.12006861063464837,0.25407608695652173
0,STX7,-5.9800487,-2.1862776,2.2307080228054032e-09,6.860934405277159e-08,0.05060034305317324,0.18342391304347827
0,DRAP1,-5.999814,-0.60209167,1.975438199835564e-09,6.103299560396937e-08,0.4159519725557461,0.5067934782608695
0,FCGR2A,-6.059109,-4.178505,1.368774682300405e-09,4.257855822663857e-08,0.008576329331046312,0.14605978260869565
0,CSTB,-6.080161,-0.77239364,1.200618834656734e-09,3.7518651730142696e-08,0.31217838765008576,0.4171195652173913
0,IGFBP7,-6.103169,-4.346467,1.0398586998876945e-09,3.2569519279051274e-08,0.009433962264150943,0.14741847826086957
0,AOAH,-6.139997,-2.1453996,8.252313727883563e-10,2.5906573854707573e-08,0.04888507718696398,0.1875
0,COX5A,-6.168486,-0.7825079,6.894680182617182e-10,2.169441303544245e-08,0.2881646655231561,0.40828804347826086
0,GCA,-6.1756153,-2.0613403,6.590634402499145e-10,2.0833727639011187e-08,0.05317324185248713,0.1922554347826087
0,ASGR1,-6.1968727,-6.6738234,5.759595868228126e-10,1.8248965470191015e-08,0.0017152658662092624,0.14198369565217392
0,TCL1A,-6.21512,-3.762344,5.128556371823588e-10,1.6325306716462217e-08,0.023156089193825044,0.1610054347826087
0,C5AR1,-6.228219,-3.294588,4.717668593770009e-10,1.505244913937459e-08,0.02058319039451115,0.1610054347826087
0,COPE,-6.2315907,-0.6718383,4.6172300997765987e-10,1.476648577108881e-08,0.3687821612349914,0.49252717391304346
0,SERP1,-6.235528,-0.51756346,4.502564631160656e-10,1.4433573381016412e-08,0.5068610634648371,0.5903532608695652
0,RAB32,-6.263529,-4.6297593,3.7636190996357144e-10,1.2121693968072007e-08,0.00686106346483705,0.1487771739130435
0,CPPED1,-6.2785068,-2.959372,3.418398339205228e-10,1.1035850524866808e-08,0.024013722126929673,0.16644021739130435
0,PLBD1,-6.285893,-4.4166946,3.259742276660397e-10,1.054858780333516e-08,0.008576329331046312,0.15081521739130435
0,C10orf54,-6.288801,-0.77332795,3.1992677800255836e-10,1.0377482376254008e-08,0.3190394511149228,0.41508152173913043
0,C11orf31,-6.3180885,-0.6660536,2.648182187880424e-10,8.651573195620831e-09,0.38078902229845624,0.4986413043478261
0,CD300A,-6.3289747,-2.2422597,2.4679536702292116e-10,8.082104393441274e-09,0.048027444253859346,0.19021739130434784
0,WARS,-6.350387,-2.1102767,2.1477390628711658e-10,7.050366500617462e-09,0.05660377358490566,0.19904891304347827
0,TCEB2,-6.369483,-0.6033464,1.896664626957311e-10,6.256244479644696e-09,0.4391080617495712,0.5264945652173914
0,RHOB,-6.3817334,-2.2564554,1.750947987424169e-10,5.789575233962337e-09,0.04974271012006861,0.19293478260869565
0,GSTO1,-6.4152412,-0.9823341,1.4060003558939277e-10,4.671615781043181e-09,0.2195540308747856,0.3498641304347826
0,OAZ2,-6.4826174,-1.6980968,9.014478227829429e-11,3.0171988891970265e-09,0.08061749571183534,0.22826086956521738
0,GNG5,-6.5309753,-0.98729324,6.534283826796806e-11,2.2032637021910414e-09,0.21869639794168097,0.35258152173913043
0,PSMA7,-6.550354,-0.5478769,5.740076756673118e-11,1.9450741486136005e-09,0.5145797598627787,0.6019021739130435
0,H3F3B,-6.598403,-0.25461257,4.156103588988858e-11,1.4153553768386994e-09,0.9622641509433962,0.9612771739130435
0,NOP10,-6.603061,-1.0331662,4.027533231908804e-11,1.3749998453736655e-09,0.21869639794168097,0.35665760869565216
0,LAMTOR2,-6.604399,-1.2723577,3.9913211538847746e-11,1.36605217236718e-09,0.1432246998284734,0.28804347826086957
0,CLTA,-6.6379333,-1.0064106,3.181120434524033e-11,1.091491976227643e-09,0.21355060034305318,0.3546195652173913
0,GZMH,-6.6618676,-4.2909064,2.7036980948452505e-11,9.300176620455099e-10,0.017152658662092625,0.16576086956521738
0,DBI,-6.6624594,-0.8742101,2.6928275511334495e-11,9.28617500966626e-10,0.2864493996569468,0.4110054347826087
0,FGFBP2,-6.693265,-3.8041599,2.1824518146434907e-11,7.564355832683124e-10,0.0274442538593482,0.17527173913043478
0,CCL4,-6.74502,-3.3014266,1.5300611113957912e-11,5.357567830056648e-10,0.030017152658662092,0.1800271739130435
0,MT-CO2,-6.7630863,-0.42547065,1.3508264345766231e-11,4.754352007881022e-10,0.8953687821612349,0.9225543478260869
0,PRDX5,-6.7656856,-0.8852639,1.3267929876878662e-11,4.681830759655168e-10,0.2804459691252144,0.41304347826086957
0,ANXA5,-6.7926054,-1.0086185,1.1012634202806512e-11,3.8960759759980757e-10,0.2332761578044597,0.36684782608695654
0,COX8A,-6.7964916,-0.7979272,1.0719766212665892e-11,3.802314997406894e-10,0.3113207547169811,0.4470108695652174
0,RGS19,-6.8041606,-1.1014606,1.0164001737730257e-11,3.616511885754381e-10,0.18867924528301888,0.33491847826086957
0,GNAI2,-6.804727,-1.3039415,1.0124109852932907e-11,3.616511885754381e-10,0.1483704974271012,0.29483695652173914
0,GNLY,-6.81044,-2.6170542,9.730051263166216e-12,3.487495539364773e-10,0.10205831903945112,0.2418478260869565
0,EIF4EBP1,-6.830591,-2.5316877,8.456528281443743e-12,3.0470277100632123e-10,0.03687821612349914,0.1922554347826087
0,CYBB,-6.836047,-3.2858665,8.140802614678015e-12,2.941026468413835e-10,0.02144082332761578,0.17595108695652173
0,WDR83OS,-6.8547573,-0.8965759,7.143368300300419e-12,2.587528846389987e-10,0.27101200686106347,0.40625
0,LYST,-6.9095745,-2.6587858,4.861092611310153e-12,1.7749486818195576e-10,0.03773584905660377,0.19293478260869565
0,RNASE6,-6.916703,-3.90679,4.622745291656351e-12,1.6924453003447486e-10,0.014579759862778732,0.17051630434782608
0,TBXAS1,-6.9339724,-2.9089339,4.091853242673348e-12,1.5021061258587968e-10,0.02830188679245283,0.18546195652173914
0,MT2A,-6.9351816,-1.0332212,4.056993604038411e-12,1.4933235756535993e-10,0.241852487135506,0.37703804347826086
0,IRF8,-6.952605,-3.2773376,3.5860213381855813e-12,1.3235326322773594e-10,0.023156089193825044,0.1800271739130435
0,CSF3R,-7.0012712,-3.107985,2.536503076211364e-12,9.41263206759304e-11,0.02830188679245283,0.18546195652173914
0,LYL1,-7.0179224,-2.9889796,2.2519168060584725e-12,8.379339483251908e-11,0.02830188679245283,0.18682065217391305
0,MAFB,-7.0281396,-4.441129,2.093056885617728e-12,7.809504051911392e-11,0.009433962264150943,0.16847826086956522
0,SMCO4,-7.03761,-3.628408,1.9556484711182413e-12,7.316804252490603e-11,0.016295025728987993,0.17595108695652173
0,POLD4,-7.0639896,-0.92543507,1.617890834583128e-12,6.069757482710768e-11,0.2692967409948542,0.4116847826086957
0,TGFBI,-7.0694966,-3.526511,1.5549644050690452e-12,5.849750389978756e-11,0.018010291595197257,0.17798913043478262
0,NCF1,-7.0890045,-2.0313754,1.3508002779752128e-12,5.0957261314998636e-11,0.08061749571183534,0.23301630434782608
0,BAX,-7.1063504,-1.0235821,1.1915155643349871e-12,4.5072954422599956e-11,0.2221269296740995,0.3736413043478261
0,ARRB2,-7.178128,-1.2570503,7.06725353140757e-13,2.6958216263939043e-11,0.17238421955403088,0.32540760869565216
0,SEC11A,-7.196297,-0.9897627,6.186970597186112e-13,2.3666462317975786e-11,0.2478559176672384,0.3953804347826087
0,LAPTM5,-7.2076726,-0.42389125,5.691635534040647e-13,2.1832858104735695e-11,0.7710120068610634,0.8097826086956522
0,ODF3B,-7.208419,-2.9216318,5.660533311144838e-13,2.177471630901237e-11,0.030874785591766724,0.19361413043478262
0,PPP1CA,-7.2142863,-0.6605435,5.42174958376624e-13,2.0915088224833835e-11,0.46226415094339623,0.5645380434782609
0,HSBP1,-7.218996,-1.9919888,5.237273454261906e-13,2.026068166895201e-11,0.07289879931389365,0.23301630434782608
0,HVCN1,-7.218996,-2.9887233,5.237273454261906e-13,2.026068166895201e-11,0.03344768439108062,0.1949728260869565
0,CALM2,-7.2254043,-0.6053671,4.996129309603724e-13,1.9437932151552266e-11,0.4974271012006861,0.5754076086956522
0,GZMB,-7.2291617,-3.8557305,4.859841469389301e-13,1.896171288742294e-11,0.03173241852487135,0.19089673913043478
0,PSME2,-7.242647,-0.6139299,4.400099207144088e-13,1.7217121711392454e-11,0.5051457975986278,0.592391304347826
0,LRRC25,-7.2979536,-4.3421197,2.921773369013671e-13,1.1498483321974262e-11,0.011149228130360206,0.17595108695652173
0,MPEG1,-7.31373,-3.7138088,2.598276377588745e-13,1.0254931275246213e-11,0.016295025728987993,0.18206521739130435
0,UBE2L6,-7.3494253,-0.989472,1.9906098654355697e-13,7.879353136924098e-12,0.2624356775300172,0.4123641304347826
0,ATP6V0D1,-7.4061728,-1.8881532,1.2999655644804017e-13,5.16056097341406e-12,0.08061749571183534,0.24660326086956522
0,PRF1,-7.424033,-2.6643786,1.1360656467876549e-13,4.523064860796564e-12,0.06775300171526587,0.2262228260869565
0,LGALS9,-7.4307504,-1.8856181,1.0798334066897217e-13,4.311755848466328e-12,0.0823327615780446,0.24864130434782608
0,PLAUR,-7.436695,-3.124269,1.032352734786356e-13,4.134254822945008e-12,0.026586620926243566,0.1949728260869565
0,H2AFY,-7.4587507,-1.1578641,8.734655255995517e-14,3.508248593408082e-12,0.21269296740994853,0.3654891304347826
0,FPR1,-7.490638,-4.09747,6.853983844690979e-14,2.761003049648968e-12,0.014579759862778732,0.18342391304347827
0,REEP5,-7.4975348,-1.2597387,6.502922708501873e-14,2.6273346895651357e-12,0.17238421955403088,0.3342391304347826
0,CASP1,-7.502064,-1.2463479,6.282055281340608e-14,2.5456304724625328e-12,0.18524871355060035,0.34035326086956524
0,SNX2,-7.5125647,-1.5736969,5.798016631359824e-14,2.3564796166026715e-12,0.12264150943396226,0.2866847826086957
0,AGTRAP,-7.530451,-2.2424686,5.0565415635567805e-14,2.0612576594606386e-12,0.058319039451114926,0.22758152173913043
0,IFNGR2,-7.570856,-2.2091806,3.707726422277537e-14,1.5205018625412026e-12,0.06260720411663807,0.23233695652173914
0,GLRX,-7.577213,-0.951598,3.53057370608022e-14,1.4522142930792615e-12,0.29759862778730706,0.438179347826087
0,PSMB3,-7.578088,-0.906027,3.506849451836367e-14,1.4468137798875357e-12,0.30017152658662094,0.4476902173913043
0,BLVRA,-7.5839043,-1.8419724,3.353089537820918e-14,1.38756941601462e-12,0.09176672384219554,0.2601902173913043
0,POU2F2,-7.5858088,-2.182946,3.3041992619777745e-14,1.3714937726920514e-12,0.06518010291595197,0.23505434782608695
0,LINC00936,-7.58918,-1.3080132,3.2193634916763406e-14,1.340354507388174e-12,0.19296740994854203,0.3491847826086957
0,KLF4,-7.6036434,-3.3056536,2.879076854532447e-14,1.2023447561313485e-12,0.024871355060034305,0.19633152173913043
0,LAMTOR4,-7.66124,-0.7120467,1.8414604023660057e-14,7.761414584787091e-13,0.4631217838765009,0.5658967391304348
0,BLOC1S1,-7.6760125,-1.1201807,1.641170189673508e-14,6.938643996960195e-13,0.22298456260720412,0.38315217391304346
0,ALDOA,-7.698068,-0.42028803,1.3813868245580608e-14,5.858452942908347e-13,0.6989708404802745,0.7139945652173914
0,SCPEP1,-7.730547,-2.7807546,1.0708565576689399e-14,4.569880359852201e-13,0.04030874785591767,0.21331521739130435
0,ALDH2,-7.758676,-4.184852,8.582059680129416e-15,3.673874827330636e-13,0.0137221269296741,0.18885869565217392
0,CTSZ,-7.77229,-4.019107,7.707959127643784e-15,3.3100594291541985e-13,0.014579759862778732,0.19021739130434784
0,MS4A7,-7.7770257,-3.7914708,7.42495785577781e-15,3.1985875229811287e-13,0.02058319039451115,0.1949728260869565
0,C19orf38,-7.7847204,-5.272365,6.986742608746902e-15,3.0193340843369523e-13,0.006003430531732418,0.18206521739130435
0,FGL2,-7.824019,-3.164948,5.116300252875889e-15,2.2251017915055142e-13,0.0274442538593482,0.20448369565217392
0,SLC25A5,-7.8584538,-0.74970025,3.889044266234985e-15,1.702204759605928e-13,0.44339622641509435,0.5618206521739131
0,BID,-7.9786916,-1.752451,1.4789284586253574e-15,6.536002275400608e-14,0.10806174957118353,0.28464673913043476
0,TIMP1,-8.001545,-1.2518464,1.2286789605189861e-15,5.447675287288076e-14,0.24871355060034306,0.39266304347826086
0,IGSF6,-8.022725,-5.108129,1.0342443267087619e-15,4.6005343731383884e-14,0.007718696397941681,0.18885869565217392
0,RP11-290F20.3,-8.030498,-4.20144,9.707815229346266e-16,4.332350482743549e-14,0.014579759862778732,0.1956521739130435
0,PSMB8,-8.082767,-0.81621164,6.331353486511756e-16,2.8347856790755586e-14,0.3730703259005146,0.5285326086956522
0,CPVL,-8.087528,-4.2167244,6.088778870285902e-16,2.735143560941588e-14,0.0137221269296741,0.19633152173913043
0,SH3BGRL,-8.109172,-0.8659701,5.096589889741626e-16,2.296997740406325e-14,0.3670668953687822,0.5033967391304348
0,NFKBIA,-8.123378,-0.9337293,4.533842011909172e-16,2.0569483891904204e-14,0.3833619210977702,0.514266304347826
0,CCL5,-8.132746,-1.6553135,4.196737170320103e-16,1.9167439062839908e-14,0.23156089193825044,0.38383152173913043
0,SERPINB1,-8.133106,-1.0474331,4.1842773059190244e-16,1.9167439062839908e-14,0.2770154373927959,0.43546195652173914
0,ID2,-8.210649,-1.0611181,2.199976112801982e-16,1.0184025015736904e-14,0.29845626072041165,0.4578804347826087
0,MYO1F,-8.2666235,-1.567952,1.3780622674449352e-16,6.444800795968506e-15,0.13636363636363635,0.3172554347826087
0,PLAC8,-8.375306,-0.9493086,5.5080630401858697e-17,2.5848147380336165e-15,0.3893653516295026,0.5129076086956522
0,SUPT4H1,-8.381765,-1.3409895,5.2139612000073456e-17,2.4637319774152357e-15,0.1895368782161235,0.36752717391304346
0,APOBEC3A,-8.450352,-4.0475245,2.904271779715391e-17,1.3867390008319362e-15,0.01972555746140652,0.20923913043478262
0,ABI3,-8.451046,-2.2186544,2.8870363789254554e-17,1.3833462733545972e-15,0.07204116638078903,0.2601902173913043
0,PILRA,-8.455808,-4.495715,2.771626222765214e-17,1.3327228062704847e-15,0.011149228130360206,0.20244565217391305
0,ATP6V1F,-8.474646,-1.0639987,2.357953060271338e-17,1.137816501451074e-15,0.27958833619210977,0.4470108695652174
0,VASP,-8.565288,-1.3914965,1.0780644296539642e-17,5.257874232626619e-16,0.17066895368782162,0.3580163043478261
0,MNDA,-8.587446,-3.9396217,8.892381483643881e-18,4.352486076725478e-16,0.018010291595197257,0.21195652173913043
0,CCL3,-8.639586,-3.626515,5.641666778042315e-18,2.7713166014728726e-16,0.03344768439108062,0.22486413043478262
0,PTPN6,-8.707297,-1.3679329,3.1120484627755786e-18,1.539787456799395e-16,0.19382504288164665,0.375679347826087
0,RHOC,-8.709485,-2.247546,3.052577211469248e-18,1.5158543418117835e-16,0.0823327615780446,0.2717391304347826
0,NUP214,-8.724412,-3.1481845,2.6756714015938125e-18,1.3335390021958067e-16,0.03516295025728988,0.23097826086956522
0,GZMA,-8.75321,-2.4097455,2.073675310845505e-18,1.0411069869450816e-16,0.09519725557461406,0.27853260869565216
0,EMP3,-8.768111,-0.5399419,1.8168794605019378e-18,9.189372560227578e-17,0.7109777015437393,0.7527173913043478
0,CAPG,-8.795494,-1.7439122,1.4241956212575889e-18,7.230042901075701e-17,0.1260720411663808,0.3172554347826087
0,LAMTOR1,-8.806277,-1.1680303,1.2937035608018981e-18,6.592095457578627e-17,0.2444253859348199,0.4232336956521739
0,BLVRB,-8.844752,-2.6784406,9.173125509276272e-19,4.691692957103999e-17,0.051457975986277875,0.24932065217391305
0,HLA-DQA2,-8.84833,-4.575186,8.883866693921885e-19,4.5608302094810995e-17,0.0137221269296741,0.21263586956521738
0,STX11,-8.8967905,-3.7391999,5.74848793777627e-19,2.96231514257633e-17,0.02144082332761578,0.22214673913043478
0,IFITM2,-8.952997,-0.6587953,3.4595779184963604e-19,1.7895453051131173e-17,0.6826758147512865,0.7302989130434783
0,CTSC,-8.957321,-1.5504222,3.326619007243714e-19,1.7273121354722493e-17,0.1620926243567753,0.35190217391304346
0,MS4A1,-8.957682,-3.2512715,3.315769747125568e-19,1.7273121354722493e-17,0.04888507718696398,0.24320652173913043
0,PGLS,-8.964064,-1.3689885,3.1292760306134675e-19,1.6372947691209774e-17,0.19382504288164665,0.3811141304347826
0,LILRA5,-9.017182,-5.5346184,1.929886301405039e-19,1.0136356666148927e-17,0.006003430531732418,0.20991847826086957
0,CTSB,-9.022484,-2.1121566,1.838716225990109e-19,9.732367745008113e-18,0.08919382504288165,0.28872282608695654
0,PSMB9,-9.083761,-0.7431024,1.0488634650436558e-19,5.595031046342252e-18,0.5154373927958834,0.641983695652174
0,CD79A,-9.142259,-3.5964224,6.116138908248963e-20,3.275372271805797e-18,0.048027444253859346,0.2452445652173913
0,LSP1,-9.159296,-0.7967795,5.2237131152042195e-20,2.8084656024105833e-18,0.4734133790737564,0.6039402173913043
0,LYN,-9.18444,-2.9807339,4.136757705786424e-20,2.2328681118663794e-18,0.0411663807890223,0.24728260869565216
0,APLP2,-9.187785,-2.684177,4.010126199380246e-20,2.1731064832832003e-18,0.05060034305317324,0.25815217391304346
0,C20orf24,-9.241908,-1.3729993,2.4214113184925406e-20,1.3174021101726748e-18,0.20240137221269297,0.39470108695652173
0,ATP5G2,-9.269728,-0.42101845,1.8662118561848092e-20,1.0234935384762953e-18,0.8190394511149228,0.8260869565217391
0,TNFSF13B,-9.37298,-2.9499066,7.051294492051547e-21,3.898480873824126e-19,0.045454545454545456,0.2547554347826087
0,HLA-B,-9.406771,-0.34626552,5.116115989170942e-21,2.8400682905739185e-19,0.9476843910806175,0.9483695652173914
0,ASAH1,-9.455541,-1.829764,3.2135728186973384e-21,1.7912061392706473e-19,0.13636363636363635,0.3335597826086957
0,CST7,-9.464162,-2.720183,2.959242216503682e-21,1.6562053978923886e-19,0.08576329331046312,0.28396739130434784
0,CNPY3,-9.504078,-1.5812901,2.0182744123771395e-21,1.1342203858198443e-19,0.16638078902229847,0.36820652173913043
0,SLC7A7,-9.690251,-4.398608,3.3171222807939393e-22,1.871843878781902e-20,0.015437392795883362,0.23369565217391305
0,CARD16,-9.721134,-1.5761675,2.4503707412280874e-22,1.3884756366062557e-20,0.17066895368782162,0.37839673913043476
0,CTSD,-9.78218,-1.9029557,1.3428731486832125e-22,7.672918710635126e-21,0.12521440823327615,0.33491847826086957
0,TPI1,-9.872203,-0.9279478,5.494429939941937e-23,3.1793192906714866e-21,0.42538593481989706,0.5740489130434783
0,HCK,-9.923494,-3.736516,3.2902988731544884e-23,1.9284258116651372e-21,0.025728987993138937,0.24864130434782608
0,RHOG,-9.967117,-1.225082,2.123022319618212e-23,1.2550646232340392e-21,0.2847341337907376,0.4748641304347826
0,PLEK,-10.009041,-3.0250568,1.3909501397753018e-23,8.294679086799791e-22,0.045454545454545456,0.26902173913043476
0,CD14,-10.01514,-4.4289083,1.3077679838392672e-23,7.832841924258348e-22,0.018867924528301886,0.24320652173913043
0,EIF4A1,-10.0729685,-0.65353477,7.274879303150041e-24,4.395829724062698e-22,0.6492281303602059,0.7133152173913043
0,IFI6,-10.098653,-1.2581675,5.6006412396025785e-24,3.399215856356125e-22,0.29845626072041165,0.48641304347826086
0,BRK1,-10.145543,-0.8889647,3.468434322076929e-24,2.123988300550787e-22,0.47084048027444253,0.6182065217391305
0,CDA,-10.362856,-4.437973,3.6587001907717012e-25,2.2918903580357044e-23,0.016295025728987993,0.25
0,EFHD2,-10.367901,-2.612597,3.4706598783865226e-25,2.184116649734855e-23,0.06432246998284734,0.296195652173913
0,CTSH,-10.416387,-3.0439222,2.0873296871882e-25,1.3196562133445398e-23,0.048027444253859346,0.2798913043478261
0,ISG15,-10.4381075,-1.2131662,1.6608818768627676e-25,1.0549303679273467e-23,0.346483704974271,0.5285326086956522
0,RNF130,-10.49048,-3.017696,9.554159707543795e-26,6.125427463202726e-24,0.04974271012006861,0.28328804347826086
0,CEBPB,-10.523062,-1.6335603,6.763921060984797e-26,4.3569861324909616e-24,0.2118353344768439,0.41304347826086957
0,STXBP2,-10.53369,-2.1308064,6.041822675486639e-26,3.910290542959504e-24,0.12006861063464837,0.343070652173913
0,C1orf162,-10.713713,-1.3776274,8.776989052505318e-27,5.734859449809216e-25,0.274442538593482,0.4796195652173913
0,RHOA,-10.728459,-0.9045696,7.483354510532513e-27,4.913110057491923e-25,0.4897084048027444,0.6290760869565217
0,YBX1,-10.7940855,-0.5592601,3.6709896940238034e-27,2.421789143071935e-25,0.8010291595197255,0.8308423913043478
0,TALDO1,-10.82605,-1.4557261,2.5909417478876348e-27,1.7175679858812397e-25,0.2564322469982847,0.46059782608695654
0,LY6E,-10.836344,-0.81243116,2.3154098572171083e-27,1.5499625985370996e-25,0.611492281303602,0.7133152173913043
0,BST2,-10.854127,-1.1967995,1.906193136587022e-27,1.2823139641986389e-25,0.33276157804459694,0.5414402173913043
0,MS4A6A,-10.901223,-4.333036,1.1371760745506818e-27,7.687760630724807e-26,0.022298456260720412,0.266304347826087
0,FCGRT,-11.010859,-2.2914379,3.3876149711257184e-28,2.3130635022846405e-26,0.09862778730703259,0.34035326086956524
0,H3F3A,-11.015877,-1.3814578,3.204023262986368e-28,2.1987005869016e-26,0.26329331046312177,0.48233695652173914
0,FKBP1A,-11.072367,-1.1598243,1.7082842722613316e-28,1.1781984859596336e-26,0.3747855917667238,0.5380434782608695
0,MT-ND1,-11.234348,-0.45237833,2.765280915990029e-29,1.9399360723575656e-27,0.9391080617495712,0.951766304347826
0,BRI3,-11.310886,-2.8299305,1.159128679844166e-29,8.201586140907735e-28,0.0660377358490566,0.31521739130434784
0,NCF2,-11.414936,-3.667555,3.521630172581206e-30,2.517873384124029e-28,0.03344768439108062,0.28940217391304346
0,TSPO,-11.418771,-1.236088,3.3696659905468686e-30,2.42190309299516e-28,0.38250428816466553,0.5536684782608695
0,SNX3,-11.4665365,-1.1739959,1.9428090793174292e-30,1.4263978917827318e-28,0.35934819897084047,0.5516304347826086
0,FCGR3A,-11.532137,-3.7882295,9.08600626120697e-31,6.743396820817521e-29,0.045454545454545456,0.297554347826087
0,NEAT1,-11.790061,-0.92727417,4.392222236251336e-32,3.313822478356257e-30,0.5874785591766724,0.6813858695652174
0,CD63,-11.908189,-1.7179669,1.0728273089641339e-32,8.184653481125258e-31,0.21355060034305318,0.44904891304347827
0,HLA-DMB,-11.970444,-3.8025792,5.0756671490570906e-33,3.8940062127822264e-31,0.03173241852487135,0.29959239130434784
0,CD79B,-11.993194,-2.8553302,3.8573986058454484e-33,2.9929906455355363e-31,0.10377358490566038,0.35258152173913043
0,ITGB2,-12.1460905,-1.3074661,6.017508696818355e-34,4.7227068255029575e-32,0.35934819897084047,0.5597826086956522
0,ATP6V0B,-12.252122,-1.7925009,1.6365738097284833e-34,1.2993634852123355e-32,0.20154373927958832,0.44565217391304346
0,RGS2,-12.291652,-2.249521,1.0043243687806338e-34,8.067678576510785e-33,0.13293310463121785,0.3919836956521739
0,CFP,-12.3286085,-3.247117,6.353435116556031e-35,5.133876328502317e-33,0.05660377358490566,0.328125
0,CD37,-12.378845,-0.8374729,3.4020403483847406e-35,2.765372797472739e-33,0.7332761578044596,0.7989130434782609
0,AP2S1,-12.601897,-1.7936794,2.0612632767036028e-36,1.7059764428281454e-34,0.22041166380789023,0.4585597826086957
0,LGALS3,-12.799703,-2.701601,1.6458060218056816e-37,1.3788421493115576e-35,0.09005145797598628,0.3702445652173913
0,IFI30,-12.819416,-7.1526256,1.2765825368642225e-37,1.0761117977418409e-35,0.004288164665523156,0.29347826086956524
0,FAM26F,-13.128606,-3.0289245,2.2577425214142737e-39,1.9391026334863726e-37,0.06775300171526587,0.35733695652173914
0,GAPDH,-13.436071,-0.679692,3.7164852692486313e-41,3.274343408829633e-39,0.8464837049742711,0.8546195652173914
0,NKG7,-13.442017,-3.193488,3.429608373494271e-41,3.041216360288167e-39,0.14922813036020582,0.4171195652173913
0,LY86,-13.507,-4.5418997,1.4219972890774613e-41,1.2692022862510987e-39,0.023156089193825044,0.32540760869565216
0,TKT,-13.619954,-2.0063448,3.047595089013845e-42,2.7561561944088126e-40,0.20754716981132076,0.46535326086956524
0,AP1S2,-13.658584,-2.412573,1.7944038846660484e-42,1.644589224765071e-40,0.14065180102915953,0.422554347826087
0,IFITM3,-14.136034,-3.8606257,2.2776338999942022e-45,2.14505989919454e-43,0.0548885077186964,0.36141304347826086
0,HLA-DQB1,-14.365083,-3.5402007,8.570424191668334e-47,8.300547004356225e-45,0.06518010291595197,0.3797554347826087
0,FGR,-14.4026575,-3.9417515,4.979184672345141e-47,4.858648179178782e-45,0.03687821612349914,0.3580163043478261
0,SERPINA1,-14.417018,-3.3404887,4.044449079674402e-47,4.0314596081776375e-45,0.07375643224699828,0.38383152173913043
0,GRN,-14.420441,-3.3661156,3.8487824974857045e-47,3.8646304254165286e-45,0.0686106346483705,0.3804347826086957
0,CEBPD,-14.439768,-3.8329232,2.908190035340956e-47,2.941795786860451e-45,0.04716981132075472,0.3654891304347826
0,ANXA2,-14.496438,-1.7249303,1.2760120701991697e-47,1.3003896142268553e-45,0.29416809605488853,0.5509510869565217
0,LGALS2,-14.689354,-4.8213525,7.542954612338445e-49,7.863098334816321e-47,0.03344768439108062,0.35665760869565216
0,S100A11,-14.762469,-1.6385361,2.557428875402563e-49,2.6864806709613383e-47,0.42710120068610635,0.6052989130434783
0,GPX1,-14.799272,-2.0756772,1.4807760098357676e-49,1.567556371342422e-47,0.2864493996569468,0.53125
0,PRELID1,-14.911712,-1.6336403,2.765722981185133e-50,2.997516907227316e-48,0.32675814751286447,0.5835597826086957
0,PFN1,-14.955822,-0.5943575,1.4270769831485318e-50,1.559053062550108e-48,0.9502572898799314,0.9415760869565217
0,COTL1,-15.032207,-1.4405937,4.517065689172826e-51,4.974600729947105e-49,0.5823327615780446,0.6671195652173914
0,CD68,-15.120943,-4.3310237,1.1784224839149906e-51,1.3190604459297633e-49,0.036020583190394515,0.3702445652173913
0,RAC1,-15.282023,-1.8005666,1.0076229207553537e-52,1.1563108072130344e-50,0.28730703259005147,0.561141304347826
0,SPI1,-15.378405,-4.9763803,2.2850992559372947e-53,2.667120977699119e-51,0.022298456260720412,0.3654891304347826
0,ARPC1B,-15.418913,-1.0418943,1.221438543898969e-53,1.4379279961624413e-51,0.6801029159519726,0.8016304347826086
0,HLA-DQA1,-15.42581,-4.9210796,1.0976974072725699e-53,1.3034918081490621e-51,0.026586620926243566,0.3702445652173913
0,CFD,-15.563548,-4.432853,1.2875954215617729e-54,1.5424037786708394e-52,0.03945111492281304,0.3811141304347826
0,S100A8,-15.589772,-4.217291,8.543724185039727e-55,1.0325052873531196e-52,0.09777015437392796,0.41847826086956524
0,SERF2,-15.629638,-0.80289096,4.573992866820237e-55,5.577004159758675e-53,0.823327615780446,0.8824728260869565
0,MYL6,-15.664381,-0.8304362,2.6499865748624495e-55,3.2601996996686134e-53,0.823327615780446,0.8756793478260869
0,ARPC2,-15.827289,-0.8986618,2.0172970835154015e-56,2.5273586213290206e-54,0.7572898799313894,0.8376358695652174
0,AIF1,-16.136478,-2.8974037,1.4138163391026237e-58,1.8214222572439084e-56,0.22298456260720412,0.4945652173913043
0,S100A6,-16.422377,-1.1567197,1.3228090507052194e-60,1.8064280396430475e-58,0.7787307032590052,0.7860054347826086
0,S100A4,-16.74701,-1.1759914,5.954606368383271e-63,8.383103563571334e-61,0.7958833619210978,0.8260869565217391
0,GABARAP,-16.987202,-1.8268955,1.0214875587949864e-64,1.4530660523858682e-62,0.34476843910806176,0.6046195652173914
0,FCN1,-17.046368,-3.8241653,3.719414171712142e-65,5.346559992515896e-63,0.10291595197255575,0.44972826086956524
0,NPC2,-17.157032,-2.2944841,5.568813555036919e-66,8.090182756125974e-64,0.2555746140651801,0.546875
0,PYCARD,-17.332523,-2.513829,2.6733422135148255e-67,4.011775963489941e-65,0.18096054888507718,0.5224184782608695
0,HLA-DMA,-17.678953,-4.1889133,6.091622337213013e-70,9.346875801907967e-68,0.048027444253859346,0.438179347826087
0,SH3BGRL3,-18.385067,-1.0558469,1.7302598824074993e-75,2.8467986691755194e-73,0.8181818181818182,0.890625
0,S100A9,-18.53701,-4.188924,1.0383429230303644e-76,1.7505692539385997e-74,0.1620926243567753,0.5122282608695652
0,TYMP,-18.575436,-3.2379036,5.079212924953935e-77,8.670216462896366e-75,0.1457975986277873,0.5095108695652174
0,ACTB,-18.693356,-0.7299699,5.6072146504018e-78,9.816938880241921e-76,0.9922813036020584,0.9932065217391305
0,LST1,-18.716673,-3.5412712,3.6207330633639745e-78,6.421393599129667e-76,0.1595197255574614,0.5129076086956522
0,LYZ,-19.04164,-2.9297848,7.7077771048653525e-81,1.384965844000543e-78,0.5025728987993139,0.6854619565217391
0,GSTP1,-19.231466,-2.4351068,2.018407198343845e-82,3.675115826744473e-80,0.27615780445969124,0.6052989130434783
0,PSAP,-19.447699,-2.2321596,3.0480923681751436e-84,5.624966132405373e-82,0.3516295025728988,0.6345108695652174
0,SRGN,-20.089087,-1.8985606,9.193884251935157e-90,1.7935954763489498e-87,0.4631217838765009,0.7065217391304348
0,CLIC1,-20.152756,-1.7006524,2.5453873622430273e-90,5.111736738057469e-88,0.48284734133790735,0.7737771739130435
0,CST3,-20.255005,-4.010419,3.209188495064304e-91,6.540996729641513e-89,0.19639794168096056,0.5577445652173914
0,FTH1,-20.539488,-1.4891506,9.556393690832733e-94,1.977304730939573e-91,0.9862778730703259,0.9925271739130435
0,CTSS,-20.911757,-2.475453,4.1853548827129464e-97,9.072254964813968e-95,0.35591766723842194,0.654891304347826
0,MT-CO1,-20.929644,-0.6232112,2.876414985922308e-97,6.33553597544436e-95,0.9939965694682675,0.9952445652173914
0,LGALS1,-20.96189,-3.0035627,1.4616628822293515e-97,3.272207921266234e-95,0.2847341337907376,0.6290760869565217
0,SAT1,-21.162064,-2.2959566,2.1366566763890787e-99,5.030721305649872e-97,0.4365351629502573,0.7133152173913043
0,ARPC3,-21.7903,-1.3118297,2.867663401639237e-105,7.388832342034984e-103,0.7409948542024014,0.8777173913043478
0,FCER1G,-22.919716,-4.6082163,2.955011773152381e-116,8.967475727593091e-114,0.09605488850771869,0.5658967391304348
0,HLA-DRB5,-24.31506,-4.884877,1.3585650446051545e-130,5.300732642607997e-128,0.05574614065180103,0.5855978260869565
0,TYROBP,-24.454239,-4.8793015,4.5361282339543605e-132,1.8219225636141398e-129,0.12950257289879932,0.6100543478260869
0,FTL,-24.892313,-1.9658241,9.012021793314275e-137,4.102272320316658e-134,0.9811320754716981,0.9966032608695652
0,OAZ1,-25.631317,-1.474175,6.831210725635905e-145,3.587962064203228e-142,0.869639794168096,0.9456521739130435
0,HLA-DPB1,-27.608496,-3.7636752,8.798139890406327e-168,7.5092123964618e-165,0.24871355060034306,0.7323369565217391
0,HLA-DPA1,-27.847967,-3.9653718,1.1399342133174724e-170,1.1119244012188146e-167,0.2058319039451115,0.7214673913043478
0,HLA-DRB1,-29.0112,-4.618663,4.7526647428788265e-185,7.211376636528139e-182,0.1346483704974271,0.717391304347826
0,HLA-DRA,-29.666023,-4.379682,2.1076099978023027e-193,4.796920354998041e-190,0.29588336192109777,0.7697010869565217
0,CYBA,-31.18019,-2.0927734,1.9777287819595977e-213,6.751966061610066e-210,0.7341337907375644,0.9368206521739131
0,CD74,-31.735258,-2.8586714,5.072260643350765e-221,2.3088930448532683e-217,0.7384219554030875,0.9279891304347826
1,CD74,29.050505,4.0860243,1.5163630491601306e-185,2.0707453799330745e-181,1.0,0.8207588312254688
1,CD79A,27.7315,7.725905,2.912929011749108e-169,1.988947929222291e-165,0.9304347826086956,0.041866550370693416
1,HLA-DRA,27.646929,4.88553,3.0385038443173573e-168,1.3831269499332611e-164,1.0,0.49411251635412123
1,CD79B,26.443468,5.5049434,4.3379472490053744e-154,1.480975190810435e-150,0.9101449275362319,0.14217182730047973
1,HLA-DPB1,25.872574,4.0404406,1.355927259035481e-147,3.703308529877705e-144,0.9855072463768116,0.44832097688617534
1,HLA-DQA1,25.13432,5.3244467,2.0974689610580867e-139,4.773839355368206e-136,0.8869565217391304,0.11774967291757522
1,MS4A1,25.018017,6.3892508,3.8929276964104376e-138,7.594545803168705e-135,0.8492753623188406,0.053205407762756216
1,HLA-DRB1,24.316874,3.880719,1.2998429092984232e-130,2.2188318461724083e-127,0.9826086956521739,0.38116005233318795
1,HLA-DQB1,24.191551,4.953547,2.7303466222270124e-129,4.14284594145912e-126,0.8608695652173913,0.1474051460968164
1,CD37,24.108381,2.4622304,2.0417860590998342e-128,2.7882630423067337e-125,0.9623188405797102,0.7409507195813345
1,HLA-DPA1,23.728695,3.6853807,1.8236115120568942e-124,2.2639308007862676e-121,0.9768115942028985,0.42084605320540774
1,HLA-DRB5,19.876421,3.2849088,6.511528863595172e-88,6.351531297232548e-85,0.8521739130434782,0.2760575665067597
1,TCL1A,18.281563,6.951358,1.1605419053616263e-74,9.905225162261481e-72,0.6202898550724638,0.021805494984736152
1,RPL18A,17.08845,0.7167447,1.809196286266546e-65,1.4533167344268208e-62,1.0,0.9930222416048844
1,HLA-DMA,16.68966,3.133053,1.5585830941331887e-62,1.1202110912359381e-59,0.6956521739130435,0.20104666375926733
1,LINC00926,16.500006,7.2908335,3.6685624463061216e-61,2.2771767621252907e-58,0.5565217391304348,0.01003052769297863
1,RPS23,15.186574,0.79620856,4.340172808367418e-52,2.1167642811094806e-49,1.0,0.9799389446140427
1,RPS11,15.148438,0.9131544,7.758776735234303e-52,3.653581210219298e-49,0.991304347826087,0.9428696031399912
1,RPS5,14.973456,0.7961922,1.0948071229190335e-50,4.98356202352744e-48,1.0,0.9755778456170955
1,VPREB3,14.360827,7.319975,9.11330064159772e-47,3.8891010488018266e-44,0.48405797101449277,0.006977758395115569
1,HLA-DQA2,14.179627,4.194124,1.2249505900396521e-45,5.069068259873179e-43,0.518840579710145,0.06541648495420846
1,LTB,13.770109,1.8206732,3.856319852000551e-43,1.423294699970798e-40,0.9333333333333333,0.6694286960313999
1,BANK1,13.750435,4.817189,5.062449690832978e-43,1.7969499962477049e-40,0.48405797101449277,0.03663323157435674
1,HLA-DMB,13.676818,3.1910267,1.396731764309383e-42,4.768442243352233e-40,0.5478260869565217,0.12603576101177497
1,HVCN1,13.433032,3.9784126,3.872262134454468e-41,1.2590383740026242e-38,0.4956521739130435,0.06759703445268207
1,RPL13A,12.406941,0.50480837,2.3963180769361294e-35,6.962578650774423e-33,1.0,0.9991277802006105
1,RPS8,12.367972,0.59588367,3.895297110015418e-35,1.1082120277993866e-32,1.0,0.9856083733100741
1,CXCR4,12.325251,1.5899613,6.623740327455504e-35,1.84599587574964e-32,0.808695652173913,0.5695595290013084
1,LAPTM5,12.144733,1.0701377,6.118188001961309e-34,1.6709995070956726e-31,0.8695652173913043,0.781072830353249
1,ISG20,11.909022,1.6761261,1.0621570591962911e-32,2.8440817255655982e-30,0.6927536231884058,0.4269515918011339
1,RPL15,11.879264,0.4401294,1.5169648972781371e-32,3.983783199467354e-30,1.0,0.9952027911033581
1,RPL8,11.490633,0.54187495,1.4703077760454199e-30,3.718244998088195e-28,1.0,0.9856083733100741
1,FCER2,11.086346,6.4427266,1.4613665799472985e-28,3.440762416510398e-26,0.37681159420289856,0.009158307893589184
1,RPL18,10.552072,0.5032984,4.9689048261303416e-26,1.0281115803884235e-23,0.9942028985507246,0.9821194941125163
1,SNX2,10.088004,2.253602,6.242601555934971e-24,1.235492273157217e-21,0.4666666666666667,0.17618839947666812
1,LY86,10.080536,2.3557527,6.735765577112622e-24,1.3140516388721423e-21,0.463768115942029,0.15089402529437418
1,RPL10A,10.032431,0.5104562,1.0977993993605055e-23,2.082159527453759e-21,0.9971014492753624,0.9851722634103794
1,RPS27,9.958738,0.5465542,2.3097587158406115e-23,4.262441219394512e-21,0.9971014492753624,0.9930222416048844
1,IRF8,9.876099,3.3651402,5.285046768592368e-23,9.623013156252983e-21,0.3826086956521739,0.06977758395115569
1,PTPRCAP,9.791944,1.2437216,1.2192942142662378e-22,2.1076812392430055e-20,0.8434782608695652,0.6114260793720018
1,SNHG7,9.659455,1.8754504,4.482403432327582e-22,7.287107294269698e-20,0.4985507246376812,0.2307021369385085
1,GNB2L1,9.480758,0.49832326,2.5244319278012707e-21,3.962487632879788e-19,0.9971014492753624,0.9777583951155692
1,CD52,9.451985,0.7526106,3.3246295378892896e-21,5.159220564706379e-19,0.9507246376811594,0.886611426079372
1,TSPAN13,9.223326,6.3402147,2.880261170474692e-20,4.419420960000269e-18,0.3130434782608696,0.0065416484954208464
1,EAF2,9.166009,3.5858138,4.908572581941604e-20,7.44794079766606e-18,0.34782608695652173,0.056694286960314
1,RPSA,9.093264,0.6770821,9.610995399569832e-20,1.442283001939842e-17,0.9884057971014493,0.9542084605320541
1,PDLIM1,8.908197,4.2504954,5.186903067232086e-19,7.456036661696985e-17,0.3188405797101449,0.02398604448320977
1,RPL12,8.888751,0.40436077,6.179988927561882e-19,8.700405030390213e-17,0.9971014492753624,0.9912778020061055
1,LIMD2,8.783367,0.9017817,1.5865289056936637e-18,2.1240822290345757e-16,0.7594202898550725,0.6423898822503271
1,FCRLA,8.729235,6.4689684,2.564026568106588e-18,3.3667641167368816e-16,0.2956521739130435,0.0056694286960314
1,CYB561A3,8.517898,3.2640417,1.624753485575955e-17,2.054410518428263e-15,0.33043478260869563,0.057130396860008724
1,NCF1,8.4401865,2.212982,3.1683100829075e-17,3.933312953834984e-15,0.39420289855072466,0.13126907980811164
1,RPL29,8.379155,0.39556238,5.3308988684787113e-17,6.4423676945084326e-15,0.9971014492753624,0.9851722634103794
1,HLA-DOB,8.33177,5.4377646,7.964238252328602e-17,9.540319085420997e-15,0.28695652173913044,0.010902747492368076
1,GNG7,8.252922,4.771995,1.5456807292727916e-16,1.819639313702521e-14,0.2898550724637681,0.01744439598778892
1,FAU,8.171913,0.38079447,3.0353794209628764e-16,3.4832891909805915e-14,0.9942028985507246,0.9829917139119058
1,PPAPDC1B,8.146515,3.5733128,3.745638183527759e-16,4.2625362528545893e-14,0.3072463768115942,0.0453554295682512
1,BLK,8.14007,4.9297104,3.950488570080956e-16,4.458501810993846e-14,0.28405797101449276,0.01439162668992586
1,FAIM3,8.076651,1.8962777,6.657009133962669e-16,7.390903799462944e-14,0.4144927536231884,0.17706061927605757
1,SMIM14,8.062662,2.9856763,7.46505302716787e-16,8.221190656371325e-14,0.32463768115942027,0.06890536415176625
1,PKIG,8.046438,5.721921,8.523871770178091e-16,9.312159431484161e-14,0.2753623188405797,0.008286088094199739
1,RPS18,8.041434,0.38099504,8.879323750449216e-16,9.62349564572496e-14,1.0,0.996947230702137
1,CD40,8.033853,4.173074,9.445887608703487e-16,1.0156932376728726e-13,0.2898550724637681,0.026166593981683386
1,RPL23A,7.855306,0.45345396,3.987964458139066e-15,4.1993518482345965e-13,1.0,0.9899694723070214
1,RPS21,7.8152757,0.59520394,5.484291514805488e-15,5.717059918029293e-13,0.9101449275362319,0.8587003924989097
1,RPL9,7.8083763,0.53287804,5.792939634406026e-15,5.947998770484864e-13,0.9971014492753624,0.974705625817706
1,RPL19,7.674903,0.33169645,1.6554422201868788e-14,1.650125471450512e-12,1.0,0.9938944614042738
1,RPS13,7.6626964,0.53919935,1.8206940243889722e-14,1.7887336400759572e-12,0.9971014492753624,0.9633667684256433
1,RPL7A,7.5718694,0.378223,3.678919485175322e-14,3.563072658833631e-12,0.9942028985507246,0.9755778456170955
1,P2RX5,7.4747114,4.4169855,7.737354095035307e-14,7.388902623902248e-12,0.26666666666666666,0.020933275185346708
1,EEF2,7.451853,0.5543041,9.203836068655661e-14,8.728304538441785e-12,0.8666666666666667,0.8325337985172263
1,CD72,7.397455,5.126497,1.3881920656204203e-13,1.2896020985110516e-11,0.2579710144927536,0.013955516790231139
1,MARCH1,7.3273635,3.4334176,2.3472472105617463e-13,2.136933860495414e-11,0.2811594202898551,0.0453554295682512
1,EEF1B2,7.2890387,0.53510505,3.1217474296205587e-13,2.8232174105230696e-11,0.9130434782608695,0.8839947666812037
1,SNX3,7.250903,0.97725046,4.140014099731553e-13,3.695165525878045e-11,0.5855072463768116,0.44875708678587006
1,RPL21,7.249235,0.429202,4.191312612925136e-13,3.716660067669198e-11,1.0,0.9917139119058003
1,SPIB,7.236536,5.487194,4.602890308297217e-13,4.055294841942374e-11,0.2492753623188406,0.009594417793283908
1,RPL13,7.1894546,0.3398617,6.505065755243471e-13,5.6223530350382815e-11,1.0,0.996947230702137
1,PLEKHF2,7.1881657,2.9626117,6.566753585604075e-13,5.6399740229565567e-11,0.2898550724637681,0.06061927605756651
1,QRSL1,7.1431313,3.5393384,9.12284987560136e-13,7.690224561803222e-11,0.26956521739130435,0.03663323157435674
1,RPS19,7.124594,0.35857642,1.0438776753488552e-12,8.692191179612174e-11,1.0,0.9925861317051897
1,RPLP2,7.0750866,0.3609185,1.4935552753789796e-12,1.2286741470226112e-10,0.9971014492753624,0.9917139119058003
1,RPL37A,7.051129,0.44486994,1.7747216523187895e-12,1.442595171670559e-10,0.9768115942028985,0.9524640209332752
1,MEF2C,6.9545393,3.4072855,3.5371548113962713e-12,2.793605106307502e-10,0.26666666666666666,0.042302660270388134
1,RPS7,6.9544635,0.2572811,3.539057435495005e-12,2.793605106307502e-10,0.9884057971014493,0.9895333624073267
1,PLAC8,6.871938,0.99758375,6.3335361401164315e-12,4.942329687395999e-10,0.5797101449275363,0.44003488879197555
1,RPL37,6.768829,0.38570836,1.2982899092613973e-11,9.960363483636877e-10,0.9681159420289855,0.9520279110335804
1,GLTSCR2,6.754803,0.5726934,1.4302949856850754e-11,1.084212174178307e-09,0.8898550724637682,0.825119930222416
1,RPL35,6.734674,0.34098116,1.6429801337532532e-11,1.2327767421172762e-09,0.9797101449275363,0.9703445268207588
1,RPS10,6.6731114,0.33568606,2.5043595647575254e-11,1.8386846352864927e-09,0.9797101449275363,0.9733972961186219
1,IGLL5,6.663786,5.722517,2.6686165435049746e-11,1.948803610593793e-09,0.2318840579710145,0.011774967291757523
1,RPL5,6.6356964,0.41669402,3.229739133257204e-11,2.3460275321149134e-09,0.9884057971014493,0.971652856519843
1,PNOC,6.5945287,5.595987,4.266094674357092e-11,3.0661994143694973e-09,0.22608695652173913,0.006977758395115569
1,BLNK,6.5701537,5.0881143,5.026333841682637e-11,3.556456732747051e-09,0.2289855072463768,0.012211077191452245
1,KIAA0125,6.547788,6.0497746,5.839549629297448e-11,4.089481525009536e-09,0.22318840579710145,0.0056694286960314
1,RPS3A,6.500062,0.50463957,8.028686730185336e-11,5.509534974241756e-09,0.991304347826087,0.9790667248146533
1,SWAP70,6.4051785,3.892695,1.501933628305643e-10,9.95650758647663e-09,0.23478260869565218,0.02442215438290449
1,RPL11,6.3636317,0.2595502,1.9703832121699887e-10,1.2936323627592965e-08,1.0,0.9960750109027475
1,CD19,6.235958,5.4974437,4.490216400182701e-10,2.8787978948776976e-08,0.2144927536231884,0.007413868294810292
1,FCRL1,6.16761,4.299524,6.932984221047685e-10,4.4035736057035897e-08,0.22028985507246376,0.0170082860880942
1,RPL27,6.1394067,0.36154002,8.283028840578074e-10,5.2110041232199357e-08,0.9768115942028985,0.9550806803314436
1,POLD4,6.1387243,1.0613714,8.3186796928965e-10,5.2110041232199357e-08,0.48405797101449277,0.32839075447012644
1,CD22,6.1298537,3.927345,8.795983385299269e-10,5.484837858887983e-08,0.22318840579710145,0.020933275185346708
1,TPD52,5.9917936,2.7769356,2.075394815083391e-09,1.248528264087171e-07,0.2463768115942029,0.05407762756214566
1,PNISR,5.7497897,0.9320704,8.935459067893227e-09,5.042257397981402e-07,0.4811594202898551,0.3567378979502835
1,FAM26F,5.7391376,1.3575717,9.515995926606108e-09,5.347754747890248e-07,0.3710144927536232,0.2080244221543829
1,SYPL1,5.6819725,1.7699082,1.3315015535518319e-08,7.331848877138635e-07,0.2956521739130435,0.12211077191452246
1,HMGN1,5.6436853,0.68621534,1.664480549702045e-08,9.069810008460441e-07,0.6231884057971014,0.5163541212385521
1,LAT2,5.64342,2.396739,1.6670491447887892e-08,9.069810008460441e-07,0.2492753623188406,0.06890536415176625
1,RPSAP58,5.5843215,0.58238465,2.3461403439174788e-08,1.2713846244657577e-06,0.8202898550724638,0.7230702136938508
1,STX7,5.520864,2.009043,3.373368852531068e-08,1.813650592526152e-06,0.26956521739130435,0.10292193632795464
1,TSC22D3,5.3606653,0.4830197,8.291601231374213e-08,4.338318253473036e-06,0.7913043478260869,0.7474923680767553
1,SNX29P2,5.340536,4.5774403,9.267205372695939e-08,4.830265517921211e-06,0.18840579710144928,0.0113388573920628
1,RPL30,5.322909,0.35816032,1.0212079804783044e-07,5.26249667223084e-06,0.9971014492753624,0.9829917139119058
1,EIF4A2,5.239967,0.5431904,1.6060561295190875e-07,8.12307500174543e-06,0.7014492753623188,0.631487134757959
1,RPS27A,5.186365,0.52214307,2.144384162891565e-07,1.072663374668396e-05,0.9942028985507246,0.9707806367204536
1,ADAM28,5.174386,4.620025,2.2866161274968502e-07,1.1313778926484416e-05,0.1826086956521739,0.0113388573920628
1,ORAI2,5.154295,2.5476305,2.5458706297525763e-07,1.2551050295993208e-05,0.21739130434782608,0.05058874836458788
1,SELL,5.125371,0.75903827,2.969521536621984e-07,1.448278075146779e-05,0.5739130434782609,0.4574792847797645
1,CXXC5,5.0848475,2.441783,3.6792125117875e-07,1.781678229112415e-05,0.21739130434782608,0.05146096816397732
1,ATP6V1G1,5.062103,0.5173959,4.1465701303370614e-07,1.9938578063339053e-05,0.6579710144927536,0.6018316615787178
1,ARPC3,5.054256,0.4758536,4.3207171281947245e-07,2.0703057228991987e-05,0.881159420289855,0.8076755342346271
1,GAPT,4.9464083,2.8463898,7.559537990887226e-07,3.5353784521765746e-05,0.2028985507246377,0.043174880069777585
1,SEC62,4.880259,1.1962606,1.059466638757578e-06,4.806669906602487e-05,0.3391304347826087,0.20453554295682513
1,PRKCB,4.8064146,1.6376224,1.5366124977908028e-06,6.747260536923217e-05,0.26666666666666666,0.12080244221543829
1,CD69,4.804974,0.87028754,1.5477171337303961e-06,6.77423883917381e-05,0.4608695652173913,0.3458351504579154
1,BIRC3,4.797923,1.6863835,1.6031937382781797e-06,6.994636961637961e-05,0.2579710144927536,0.11120802442215438
1,ARHGAP24,4.7959137,4.1669707,1.6193483393476804e-06,7.042618128067491e-05,0.17101449275362318,0.011774967291757523
1,RPL22L1,4.776884,1.2704428,1.7803227650466326e-06,7.669428290055778e-05,0.3217391304347826,0.18185782817269952
1,RCSD1,4.7173686,1.1680907,2.389143807720839e-06,0.00010008020809274778,0.32753623188405795,0.19886611426079373
1,CD53,4.70865,0.5632819,2.4936284779292735e-06,0.00010382009297134805,0.6086956521739131,0.538595726122983
1,BTG1,4.576162,0.39536148,4.735839040609965e-06,0.00019190687815599314,0.9101449275362319,0.8765808983863934
1,UCP2,4.4297237,0.51984537,9.435381204299479e-06,0.000358912439347949,0.5971014492753624,0.5564762320104666
1,HHEX,4.4270325,2.3181486,9.553837198182885e-06,0.00036140498830577696,0.2,0.05931094635848234
1,POU2AF1,4.417252,5.0356545,9.9963568205537e-06,0.0003750281558831905,0.1536231884057971,0.006977758395115569
1,RNASE6,4.4162664,1.8394132,1.0042022092557426e-05,0.00037570918820812113,0.22318840579710145,0.0832969908416921
1,RALGPS2,4.4026957,4.0371375,1.0691413341119285e-05,0.00039891240597356544,0.15942028985507245,0.013955516790231139
1,CCNI,4.3945074,0.44104218,1.1102418001915384e-05,0.00041311885622385963,0.6666666666666666,0.6253815961622329
1,CIRBP,4.2834754,0.36844113,1.839965021690042e-05,0.0006577634119423879,0.7275362318840579,0.7043174880069778
1,ITM2C,4.2694874,2.5134559,1.9592277421458965e-05,0.0006949406245907627,0.1826086956521739,0.043610989969472304
1,ERP29,4.2600102,0.46329275,2.0441742191620136e-05,0.000722793591830688,0.6,0.5577845617095508
1,ADK,4.2332096,1.7111739,2.3037970515779727e-05,0.0008046202694718362,0.2289855072463768,0.10074138682948103
1,FCGR2B,4.2297597,4.332729,2.3394087445127606e-05,0.0008149736177312821,0.15072463768115943,0.010466637592673354
1,CD180,4.2175536,4.320093,2.4696717528364634e-05,0.0008559857222521509,0.15072463768115943,0.0113388573920628
1,MZB1,4.199699,4.553212,2.672701015761969e-05,0.0009240102549682392,0.14782608695652175,0.008286088094199739
1,TMEM243,4.112018,1.0666351,3.922156240665009e-05,0.0013192356064660434,0.30434782608695654,0.18927169646750983
1,ANAPC16,4.0995464,0.5360074,4.1396074000881494e-05,0.0013821632923130506,0.5304347826086957,0.4749236807675534
1,TXNIP,4.0942774,0.34428763,4.234874707434303e-05,0.0014105231464566546,0.7681159420289855,0.7579590056694286
1,RNASEH2B,4.084838,1.205233,4.4107557625725844e-05,0.0014655299438854309,0.27246376811594203,0.15045791539467945
1,BLOC1S2,4.0373015,1.2819107,5.406952777464422e-05,0.0017749362290638017,0.263768115942029,0.14696903619712168
1,STRBP,4.0357094,3.7628078,5.4437535967390635e-05,0.0017827313936946917,0.14782608695652175,0.01439162668992586
1,C16orf74,4.021987,2.8930945,5.770927672367396e-05,0.0018853537869341905,0.16231884057971013,0.030963802878325338
1,NBEAL1,4.018916,0.32414743,5.846642734253267e-05,0.0019009941233086337,0.6956521739130435,0.6842564326210205
1,CCDC50,3.977483,2.548362,6.964859214141496e-05,0.002243210316705572,0.1681159420289855,0.03837767117313563
1,IGJ,3.929833,4.666185,8.50049362252846e-05,0.00267193635532991,0.1391304347826087,0.00872219799389446
1,TLR10,3.9295297,5.08043,8.511220815528052e-05,0.00267193635532991,0.13623188405797101,0.0056694286960314
1,TSPAN3,3.9210382,2.350559,8.81682783545392e-05,0.0027426560574250283,0.17101449275362318,0.043174880069777585
1,SP100,3.9169822,0.84367645,8.966441431902516e-05,0.0027828573680468353,0.3565217391304348,0.2564326210204972
1,PARP1,3.8847604,1.5191567,0.00010243086158304947,0.0031153582311316784,0.22028985507246376,0.09986916703009158
1,BTK,3.8651242,2.0254314,0.00011103272641990326,0.0033545639645800865,0.18840579710144928,0.06672481465329264
1,HNRNPA2B1,3.8609543,0.3619878,0.00011294505556767403,0.003397307662625895,0.6550724637681159,0.6341037941561274
1,PLD4,3.8397636,2.8618855,0.0001231527650218144,0.0036639959894071835,0.1565217391304348,0.030963802878325338
1,DRAM2,3.8089447,1.1794156,0.00013956119280537647,0.004098587777194504,0.2579710144927536,0.14696903619712168
1,SMARCB1,3.7914312,1.401735,0.00014978163489242353,0.004333512724768932,0.2289855072463768,0.11208024422154383
1,IFT57,3.7785804,1.9627159,0.00015772490122710112,0.004544074369530154,0.1855072463768116,0.06541648495420846
1,POU2F2,3.7295656,1.1733205,0.00019181018635470505,0.00542310539308458,0.2579710144927536,0.14522459659834278
1,NT5C,3.7278218,1.3658113,0.00019314185401651031,0.005449473467870795,0.22608695652173913,0.11164413432184911
1,SPINT2,3.725661,1.163067,0.00019480401780008354,0.0054850384888204965,0.25217391304347825,0.14129960750109027
1,ZFP36L1,3.6944628,0.8595091,0.00022035207290900565,0.00615363580295579,0.3217391304347826,0.23026602703881377
1,IL4R,3.6744096,2.3352358,0.0002384000063653315,0.006603631819320419,0.16231884057971013,0.044483209768861755
1,PPP1R14A,3.6378286,4.7012935,0.00027494636270873423,0.007569894211996924,0.12753623188405797,0.0065416484954208464
1,AC079767.4,3.6155386,7.18097,0.0002997236847958304,0.008169713851440838,0.12173913043478261,0.0013083296990841692
1,PTPN6,3.6131127,0.740926,0.00030254323791259225,0.008230140352458884,0.3739130434782609,0.28347143480157
1,SP110,3.605569,0.7532577,0.0003114697905351043,0.008456126162122038,0.35942028985507246,0.2725686873092019
1,MBD4,3.5889273,1.6562312,0.0003320413055987063,0.00897892290941769,0.19130434782608696,0.07544701264718709
1,FAM129C,3.5667133,5.85021,0.00036148649087526557,0.00966039044890925,0.12173913043478261,0.0030527692978630614
1,RPL34,3.531459,0.30106872,0.0004132738372039303,0.010895111044125237,0.9130434782608695,0.9092891408634975
1,REL,3.501474,1.4783502,0.0004626922323036606,0.012081309989175504,0.2028985507246377,0.09507195813344962
1,HERPUD1,3.5004504,0.9297244,0.0004644726297230141,0.012095350210864116,0.2927536231884058,0.20017444395987788
1,LYL1,3.4576523,1.429966,0.000544903871902383,0.014093195596020723,0.20869565217391303,0.10292193632795464
1,SEL1L3,3.44302,3.153311,0.0005752567690235122,0.014766365484558425,0.13333333333333333,0.01962494548626254
1,TCF4,3.4337704,3.6345901,0.0005952479898937681,0.015222296910092315,0.12753623188405797,0.013955516790231139
1,PAPOLA,3.416295,0.9345247,0.0006347944963957822,0.016173047841008956,0.2898550724637681,0.20715220235499346
1,KIAA0226L,3.386651,4.550509,0.0007075132884977148,0.017826201969971943,0.11884057971014493,0.006105538595726123
1,CDCA7L,3.3801308,3.2140589,0.0007245132867363289,0.018154043015910653,0.13043478260869565,0.019188835586567816
1,AFF3,3.367735,4.1575365,0.000757884122392335,0.018851849864097863,0.12173913043478261,0.010466637592673354
1,YBX3,3.3107595,1.5407863,0.0009304315415096108,0.022811441886634195,0.19130434782608696,0.09114696903619712
1,GUCD1,3.297037,2.442681,0.0009771069728582423,0.02374265626575117,0.14202898550724638,0.0340165721761884
1,RP11-693J15.5,3.2931702,5.6126513,0.0009906448672706962,0.023986252318171326,0.11304347826086956,0.0034888791975577847
1,GPR18,3.289531,2.6224275,0.0010035448567066402,0.0241700327393049,0.13623188405797101,0.028347143480157
1,FAM65B,3.2716765,0.6719553,0.001069118552650123,0.025568971900157757,0.35942028985507246,0.29350196249454863
1,TMEM154,3.241009,1.8761094,0.0011910743471459054,0.02818186835056555,0.16231884057971013,0.05843872655909289
1,EZR,3.240592,0.96467006,0.00119281780218416,0.02818186835056555,0.27246376811594203,0.18578281726995202
1,C15orf57,3.235626,1.8591737,0.0012137627902557295,0.028528648302465133,0.1681159420289855,0.06628870475359791
1,BCAS4,3.2255805,2.214889,0.0012571748863446832,0.029420593859996604,0.14492753623188406,0.04012211077191452
1,CD82,3.2157245,1.7977732,0.001301157121373261,0.03032184581821374,0.15942028985507245,0.05538595726122983
1,DCK,3.2111754,0.9614965,0.0013219318403770875,0.030753494398959975,0.263768115942029,0.18011338857392062
1,HLA-DQB2,3.2050724,3.7180324,0.0013502855152416685,0.03125338812905123,0.11884057971014493,0.013083296990841693
1,RHOH,3.1583698,0.71201146,0.0015865414997879505,0.03587054755149711,0.32463768115942027,0.23898822503270825
1,HNRNPDL,3.1567018,0.28185758,0.001595643932322489,0.035990015528644566,0.6028985507246377,0.6057566506759704
1,FCRL2,3.1407807,5.6849494,0.0016849822559271616,0.03772150440482184,0.1072463768115942,0.0026166593981683385
1,UQCRH,3.122888,0.43265808,0.001790858481162028,0.039960724540438974,0.4927536231884058,0.44962930658525946
1,PPM1K,3.117922,1.2127076,0.001821309201926729,0.04057389634830572,0.20579710144927535,0.1094635848233755
1,HMGB1,3.1153443,0.3131266,0.0018373025999640802,0.040863524926888405,0.6405797101449275,0.6323593545573485
1,TAF7,3.1078386,0.794156,0.001884609391621876,0.04177958742205899,0.2956521739130435,0.2154382904491932
1,STK17A,3.0954807,0.63066334,0.0019649418112018154,0.043279428022212886,0.3710144927536232,0.3105102485826428
1,BCL7A,3.0845253,5.0447807,0.0020387727267419217,0.04461775698139051,0.1072463768115942,0.004797208896641954
1,BSG,-3.0440397,-0.8033283,0.0023342434098976407,0.04988486385846977,0.1536231884057971,0.26384648931530746
1,DNAJB6,-3.04639,-1.174316,0.002316072228077492,0.04957411026116964,0.0927536231884058,0.19799389446140428
1,NGFRAP1,-3.0478306,-6.15831,0.002304999182451859,0.049414550762264656,0.002898550724637681,0.10423026602703882
1,MPC1,-3.0488918,-1.4424926,0.002296871146921352,0.04931772387163205,0.06666666666666667,0.16964675098124726
1,LRRC25,-3.050446,-3.03098,0.002285016739916467,0.04914045448866028,0.014492753623188406,0.11644134321849106
1,CPPED1,-3.0543506,-3.0423503,0.0022554829899001753,0.04858182288655646,0.014492753623188406,0.11687745311818579
1,NUCB2,-3.0614016,-2.259524,0.002203034670486101,0.04752707971588973,0.02608695652173913,0.12952464020933274
1,C9orf78,-3.0629556,-0.72263575,0.002191624885356944,0.047355742776003844,0.19420289855072465,0.30920191888355864
1,NUCB1,-3.072357,-1.2181895,0.002123756556885792,0.04596199610274544,0.08405797101449275,0.19058002616659397
1,DYNLL1,-3.0728118,-0.666807,0.002120522016431468,0.04596199610274544,0.23768115942028986,0.3554295682511993
1,OSTF1,-3.0816064,-0.6989808,0.002058868877262704,0.04477056271958517,0.2144927536231884,0.3253379851722634
1,RTN3,-3.0824404,-2.1019044,0.002053108655422828,0.0447165100453814,0.03768115942028986,0.1399912778020061
1,P4HB,-3.0828953,-0.89661384,0.0020499729516314583,0.0447165100453814,0.14202898550724638,0.25207152202354993
1,MGST3,-3.083805,-0.9710754,0.002043714721747142,0.04465434918428635,0.11884057971014493,0.2307021369385085
1,LCP2,-3.0905526,-1.8178056,0.001997843843573113,0.04379222396121096,0.043478260869565216,0.1474051460968164
1,RGL4,-3.094078,-2.6286683,0.001974255230204423,0.043344741838700324,0.020289855072463767,0.12429132141299608
1,SQSTM1,-3.094154,-1.0604044,0.0019737507679960025,0.043344741838700324,0.11304347826086956,0.22154382904491932
1,RER1,-3.0981343,-0.84652436,0.0019474320777834548,0.042963057276592664,0.13043478260869565,0.24116877453118185
1,MAFB,-3.098286,-4.123191,0.0019464358616161806,0.042963057276592664,0.008695652173913044,0.11164413432184911
1,LITAF,-3.1030622,-0.7410723,0.0019152935419251137,0.04239100260701678,0.20869565217391303,0.32751853467073705
1,TNFRSF1A,-3.1117432,-5.7960625,0.0018598624442671204,0.041298018762458207,0.002898550724637681,0.10641081552551243
1,AOAH,-3.1515086,-2.0935137,0.0016242943651707956,0.036422600740184545,0.034782608695652174,0.1399912778020061
1,CUTA,-3.1529112,-0.57329017,0.0016165103469301207,0.03630767318696995,0.3217391304347826,0.45268207588312254
1,PRKCH,-3.1532903,-2.1255286,0.0016144124598322723,0.03630767318696995,0.034782608695652174,0.14042738770170082
1,SAMD3,-3.1564364,-2.6163623,0.0015970964711744732,0.035990015528644566,0.02608695652173913,0.13083296990841692
1,UBE2D3,-3.1613266,-0.5345294,0.0015705227640770243,0.03556726180138614,0.4434782608695652,0.5918011338857392
1,GNB2,-3.1617815,-0.79830396,0.0015680716026796855,0.03556726180138614,0.1681159420289855,0.2817269952027911
1,NAPRT1,-3.1631842,-2.2725575,0.0015605360123551305,0.03545870180486133,0.034782608695652174,0.13911905800261665
1,SORL1,-3.1700075,-2.260195,0.0015243498379097936,0.0346942023108269,0.028985507246376812,0.13563017880505887
1,VPS28,-3.1713722,-0.6739332,0.0015172060023837936,0.03458925737654939,0.2463768115942029,0.37331007413868295
1,NDUFB1,-3.1739879,-1.2743872,0.0015035997816046796,0.03433638564814967,0.08405797101449275,0.19319668556476233
1,ATP5EP2,-3.1752768,-0.7711299,0.0014969366913731897,0.03424148652829528,0.17971014492753623,0.2978630614914959
1,TNFRSF1B,-3.189606,-1.7362127,0.0014246692827506948,0.03264309349873069,0.04927536231884058,0.1569995638901003
1,NDUFB10,-3.1935105,-0.6758866,0.0014055426755584192,0.0322589760965139,0.22608695652173913,0.34801569995638904
1,KLRG1,-3.1942306,-2.8935049,0.0014020404382387194,0.032232768054861874,0.02318840579710145,0.12865242040994332
1,CD8A,-3.1949508,-2.6881833,0.0013985462490549517,0.03220665695968705,0.02608695652173913,0.13170518970780637
1,ATP1A1,-3.1988175,-1.1619322,0.0013799248473827352,0.03183150965516661,0.09565217391304348,0.20715220235499346
1,RNF149,-3.2016227,-1.6482892,0.0013665586212498848,0.03157652205040343,0.04927536231884058,0.1587440034888792
1,TOB1,-3.2069676,-2.0290992,0.0013414205273788193,0.031100914638175138,0.03188405797101449,0.1399912778020061
1,C5AR1,-3.2093937,-4.3054204,0.0013301516940662484,0.030892094445865114,0.005797101449275362,0.11295246402093327
1,THEMIS2,-3.221183,-2.6093786,0.0012766253309228045,0.029801017981336442,0.02318840579710145,0.13083296990841692
1,ATP6AP2,-3.225353,-0.9019562,0.0012581741955358828,0.029420593859996604,0.1536231884057971,0.26777147841255994
1,MYO1G,-3.233579,-0.92890155,0.0012224950678064513,0.028684523446675086,0.13043478260869565,0.25032708242477103
1,PLAUR,-3.2384691,-2.430141,0.0012017301852073896,0.02829453001584847,0.02608695652173913,0.13475795900566942
1,LDLRAP1,-3.2399476,-2.3883262,0.001195516870783407,0.02819685386428015,0.034782608695652174,0.14086349760139555
1,ASAH1,-3.244345,-0.94380736,0.0011772112315793519,0.027909716282027135,0.15072463768115943,0.2607937200174444
1,MAPKAPK3,-3.2446861,-2.3375452,0.0011758018490302538,0.027909716282027135,0.02318840579710145,0.13344962930658527
1,GNAI2,-3.24552,-1.0092174,0.0011723632530349984,0.027891624709836128,0.13333333333333333,0.24465765372873965
1,SERPINB6,-3.2662556,-1.1428077,0.0010897982907166212,0.025972574970377277,0.09565217391304348,0.20889664195377236
1,CTSA,-3.269023,-1.7508467,0.001079195717519029,0.025764854402866886,0.057971014492753624,0.16572176188399476
1,RWDD1,-3.2765286,-0.8753646,0.0010509165175928805,0.025177747305698907,0.15072463768115943,0.27344090710859137
1,CASP4,-3.2816083,-0.7021559,0.0010321687891842286,0.024772050940421488,0.20869565217391303,0.3331879633667684
1,NDUFA12,-3.281722,-0.99595255,0.001031752628357024,0.024772050940421488,0.12173913043478261,0.23724378543392935
1,CHMP2A,-3.289948,-0.8848791,0.0010020588840213085,0.0241700327393049,0.16521739130434782,0.27911033580462274
1,DGCR6L,-3.2915401,-1.4185894,0.000996403886694383,0.02408299376406813,0.06956521739130435,0.18403837767117315
1,M6PR,-3.2944212,-1.0021858,0.0009862460726738627,0.02392216051231664,0.11884057971014493,0.23767989533362407
1,CPVL,-3.297795,-2.936692,0.0009744726554564064,0.023720853088970918,0.020289855072463767,0.12996075010902747
1,ATP5G3,-3.2988944,-0.5836881,0.0009706645758074683,0.023670349012904976,0.32463768115942027,0.44832097688617534
1,PPP2R5C,-3.3011687,-0.9941228,0.0009628295043285502,0.023521287497514632,0.14492753623188406,0.25817706061927603
1,VPS29,-3.3013582,-1.1459333,0.0009621792327463576,0.023521287497514632,0.09565217391304348,0.21282163105102486
1,C4orf48,-3.3180377,-1.6541895,0.0009065222849724364,0.022265230797812216,0.06376811594202898,0.1735717400784998
1,NDUFS8,-3.3209188,-1.0017229,0.0008972165006239601,0.02207637573427171,0.14202898550724638,0.25425207152202356
1,MINOS1,-3.3233829,-0.856703,0.0008893279352405816,0.02192177307517217,0.16521739130434782,0.278674225904928
1,PSMB10,-3.3277042,-0.6782464,0.0008756476773750028,0.02162358893713027,0.24347826086956523,0.3728739642389882
1,GZMB,-3.3522685,-2.7674525,0.0008015222438098529,0.019828963335991576,0.02318840579710145,0.13519406890536415
1,NDUFA3,-3.3604188,-0.97238743,0.0007782441582091042,0.019288025815795876,0.12753623188405797,0.24727431312690798
1,C19orf10,-3.3653467,-1.0569904,0.0007644751269582411,0.018981222424984984,0.11594202898550725,0.23375490623637157
1,ATP5B,-3.3708813,-0.6275196,0.0007492812727728908,0.018671870549245614,0.2927536231884058,0.4238988225032708
1,ZFAND5,-3.375127,-1.4062014,0.0007378163126741367,0.018419779827930548,0.07536231884057971,0.19014391626689925
1,RNF166,-3.3789177,-1.5315742,0.000727717644075776,0.018200937999082047,0.06956521739130435,0.1831661578717837
1,SOD2,-3.3816092,-1.212751,0.0007206256992724105,0.018089824539088306,0.10144927536231885,0.21805494984736154
1,ANAPC11,-3.3847935,-0.9658666,0.0007123181659060128,0.0179142115536142,0.1391304347826087,0.26341037941561274
1,RP11-290F20.3,-3.386651,-3.0920641,0.0007075132884977148,0.017826201969971943,0.017391304347826087,0.1303968600087222
1,ITM2A,-3.395711,-2.5300672,0.0006845059659436326,0.017310395316530086,0.028985507246376812,0.141735717400785
1,DRAP1,-3.3999567,-0.5622351,0.0006739653415470816,0.017075455851886728,0.3536231884057971,0.4836458787614479
1,PSME1,-3.4024587,-0.47805,0.0006678247677810479,0.016951329049847565,0.6289855072463768,0.7549062363715656
1,TPST2,-3.4061356,-1.9572815,0.0006588943350023835,0.016755793368328768,0.043478260869565216,0.1587440034888792
1,CSF3R,-3.4261131,-3.3595996,0.0006122853911295508,0.01562872766591616,0.017391304347826087,0.13083296990841692
1,SF3B5,-3.4350972,-0.7071312,0.0005923412033612669,0.015176381750659398,0.27246376811594203,0.41168774531181856
1,FGL2,-3.4435508,-2.5334513,0.0005741289138317105,0.014765168450632466,0.02608695652173913,0.14129960750109027
1,NAAA,-3.4436646,-1.3688971,0.0005738874986133686,0.014765168450632466,0.0782608695652174,0.19624945486262538
1,PILRA,-3.4553401,-3.0154061,0.0005495991647281258,0.014187762180580881,0.017391304347826087,0.13301351940689055
1,GYPC,-3.4638314,-0.877318,0.0005325401362206667,0.013799559962484676,0.1855072463768116,0.3087658089838639
1,FPR1,-3.4747488,-4.5492873,0.000511331774252778,0.01327518385778695,0.008695652173913044,0.12385521151330135
1,TMEM258,-3.500147,-0.7667614,0.00046500138112944207,0.012095350210864116,0.21159420289855072,0.34627126035761013
1,LIMS1,-3.503521,-1.7833258,0.00045915052404685134,0.012011799916444065,0.05217391304347826,0.17095508068033144
1,ATP5G2,-3.504772,-0.46065187,0.00045699861688378897,0.011978451270950138,0.7304347826086957,0.8368948975141736
1,NDUFS6,-3.506781,-1.0691367,0.0004535622086918737,0.011911241388261974,0.1246376811594203,0.24683820322721325
1,OPTN,-3.5247872,-2.112851,0.00042382299502565635,0.011151689441368713,0.04057971014492753,0.1587440034888792
1,PPT1,-3.5315728,-1.3029513,0.00041309616637431304,0.010895111044125237,0.08405797101449275,0.2093327518534671
1,CD4,-3.5348709,-3.3022637,0.0004079746395118251,0.010797096273592023,0.014492753623188406,0.13257740950719582
1,IGSF6,-3.5395334,-4.1601033,0.00040083499652063243,0.010628743131040305,0.005797101449275362,0.12429132141299608
1,ETHE1,-3.551588,-2.248886,0.00038291372893561204,0.010173287708841863,0.03768115942028986,0.15569123419101613
1,C12orf57,-3.5618992,-0.86893374,0.00036818192817120665,0.0098009598657037,0.1855072463768116,0.31923244657653727
1,TNFSF10,-3.567244,-1.2266097,0.0003607554192378063,0.00966039044890925,0.11014492753623188,0.2324465765372874
1,C19orf60,-3.5731199,-0.84693724,0.00035275327294449933,0.009482674597106461,0.16521739130434782,0.29829917139119055
1,RILPL2,-3.5778203,-1.3595052,0.0003464714101375119,0.009332176680153573,0.08695652173913043,0.20671609245529873
1,PPP1R18,-3.5819902,-0.87897617,0.00034098653000602327,0.009202592991625007,0.17681159420289855,0.3009158307893589
1,TMEM50A,-3.5920358,-1.0102824,0.00032810472576343347,0.008890075664733032,0.1565217391304348,0.2830353249018753
1,SLC7A7,-3.6159177,-2.4005373,0.00029928535902589906,0.008169713851440838,0.03188405797101449,0.1530745747928478
1,EID1,-3.6256223,-0.67394364,0.00028826654006939976,0.007888913569514475,0.3101449275362319,0.4500654164849542
1,AHNAK,-3.6306639,-0.9636172,0.0002826930677078155,0.007751920748228772,0.16521739130434782,0.291321412996075
1,NDUFB9,-3.6346443,-0.6839899,0.00027836445199321604,0.007648581401246193,0.30434782608695654,0.4539904055822067
1,TMEM59,-3.64958,-0.7323606,0.0002626694568255754,0.007246493136181934,0.26666666666666666,0.41822939380723945
1,TRAF3IP3,-3.657389,-0.62764245,0.0002547975490611013,0.007043553299551415,0.3507246376811594,0.502398604448321
1,AGTRAP,-3.6747887,-2.079958,0.00023804633495334387,0.006603631819320419,0.0463768115942029,0.16877453118185784
1,SIVA1,-3.675888,-1.1672956,0.00023702346973096452,0.006592245422904383,0.11014492753623188,0.23942433493240298
1,NDUFC2,-3.6871088,-1.0021936,0.00022681643239175285,0.006321235103554647,0.1391304347826087,0.2743131269079808
1,KLF6,-3.7002628,-0.5694294,0.00021537631835192716,0.006027006154536716,0.5420289855072464,0.6663759267335368
1,NDUFA13,-3.705115,-0.7026088,0.00021129484704538002,0.005924933123720143,0.3333333333333333,0.4805931094635848
1,SERP1,-3.709171,-0.5993487,0.0002079388462244994,0.005842824864283464,0.4318840579710145,0.5717400784997819
1,MAL,-3.7301722,-2.875299,0.00019134902372183998,0.005421291012334952,0.02608695652173913,0.15002180549498473
1,GNLY,-3.7370713,-2.3105426,0.0001861761202697061,0.005285698749278807,0.07536231884057971,0.19581334496293065
1,TMEM123,-3.7408242,-0.6837086,0.000183417778796031,0.005218235806747082,0.2956521739130435,0.4474487570867859
1,NUP214,-3.7616355,-2.3426642,0.00016880584321394914,0.004822620491484706,0.034782608695652174,0.1609245529873528
1,ATP5C1,-3.7645924,-0.82256347,0.00016682094560954074,0.004775905310783833,0.19130434782608696,0.32882686436982117
1,XBP1,-3.769369,-0.9758327,0.00016366088815005566,0.004695279597851177,0.17101449275362318,0.30309638028783253
1,HN1,-3.7764196,-1.1186533,0.00015909882097435232,0.004574007366791063,0.13333333333333333,0.26166593981683384
1,RNF181,-3.7905214,-1.3156768,0.0001503313643031251,0.004340222221825531,0.1072463768115942,0.23462712603576102
1,CAPN2,-3.7934783,-1.2795643,0.0001485516556525515,0.004307051825034487,0.1072463768115942,0.23942433493240298
1,FXYD5,-3.7951462,-0.55931693,0.00014755648799907577,0.004287300851309316,0.6115942028985507,0.754470126471871
1,HMGB2,-3.7972312,-0.8808835,0.00014632135480995752,0.004260478510202089,0.2028985507246377,0.34147405146096815
1,ARPC4,-3.7999225,-0.87753814,0.00014474130205961974,0.004223476967790955,0.19710144927536233,0.3344962930658526
1,CD300A,-3.8002636,-3.2612848,0.0001445421650185453,0.004223476967790955,0.017391304347826087,0.14391626689925863
1,GPX1,-3.808414,-0.846367,0.00013986100645669585,0.004098587777194504,0.32753623188405795,0.43741822939380726
1,PPA1,-3.8119016,-0.8502262,0.00013790185409867553,0.004058594223214468,0.19420289855072465,0.3340601831661579
1,ABRACL,-3.8271403,-0.9932602,0.000129640563828533,0.0038236966298972933,0.16521739130434782,0.29960750109027473
1,LILRA5,-3.8280501,-4.077745,0.00012916240930667942,0.003817839527038992,0.008695652173913044,0.13650239860444832
1,RAP1A,-3.83222,-0.8628874,0.00012699205597212644,0.00376182975348234,0.2,0.34496293065852596
1,FKBP8,-3.834305,-0.90050435,0.00012591981360504935,0.0037381760317185954,0.19710144927536233,0.3327518534670737
1,RNH1,-3.8401806,-0.92441106,0.0001229437670415062,0.0036639959894071835,0.18840579710144928,0.32577409507195815
1,ARL6IP5,-3.8435166,-0.72212386,0.00012128377983476417,0.0036241822700733904,0.3333333333333333,0.474051460968164
1,PIK3IP1,-3.8510604,-1.1599497,0.00011760753925913434,0.003522036307286707,0.13333333333333333,0.26951591801133884
1,SLC9A3R1,-3.8511362,-1.9869848,0.00011757113116443062,0.003522036307286707,0.05217391304347826,0.18098560837331007
1,BLVRB,-3.86194,-2.1549695,0.00011249026679729497,0.003391097314313157,0.05217391304347826,0.17836894897514174
1,HLA-B,-3.8687253,-0.3361084,0.00010940579069648863,0.0033127394185171813,0.9072463768115943,0.9542084605320541
1,NOP10,-3.885367,-1.0216001,0.00010217545626166102,0.003114526854261703,0.1855072463768116,0.3122546881814217
1,EIF3G,-3.8854427,-0.6476744,0.00010214357289361232,0.003114526854261703,0.4318840579710145,0.5996511120802442
1,ZYX,-3.891546,-2.3311176,9.960754352643536e-05,0.0030498668484237696,0.03768115942028986,0.16746620148277366
1,TMEM173,-3.9106135,-3.3026981,9.206196785054069e-05,0.0028315275517274406,0.014492753623188406,0.14609681639773223
1,AAK1,-3.912509,-2.5376825,9.134215441268132e-05,0.0028157301595024293,0.03188405797101449,0.16223288268643699
1,SSR4,-3.9127364,-0.6065817,9.125613491011283e-05,0.0028157301595024293,0.45217391304347826,0.5909289140863497
1,CD8B,-3.9136841,-3.7948916,9.08985432271595e-05,0.002814763052857347,0.014492753623188406,0.14435237679895332
1,RHOC,-3.9214172,-1.7017817,8.802966419463479e-05,0.0027426560574250283,0.07536231884057971,0.20497165285651983
1,NDUFA11,-3.9214551,-0.7683114,8.801581410788957e-05,0.0027426560574250283,0.2898550724637681,0.43218491059747055
1,TGFB1,-3.9329412,-1.5553948,8.391274029344122e-05,0.0026464489178919938,0.08695652173913043,0.2171827300479721
1,APOBEC3A,-3.9407883,-4.0292478,8.121430711554174e-05,0.0025672744860412914,0.011594202898550725,0.14260793720017445
1,PARK7,-3.9435556,-0.7164112,8.028240550114166e-05,0.0025437042448343164,0.34782608695652173,0.5111208024422155
1,TMEM219,-3.9451475,-1.0305296,7.975083321990266e-05,0.0025327380894209087,0.15072463768115943,0.2943741822939381
1,TXN,-3.9472325,-1.4794466,7.905975684409035e-05,0.002516643448631463,0.08405797101449275,0.21805494984736154
1,PTGER2,-3.959325,-2.9339044,7.516184607192066e-05,0.002398154602705954,0.02318840579710145,0.15569123419101613
1,WDR83OS,-3.9685369,-0.82555395,7.231529975314512e-05,0.0023181636934951873,0.21739130434782608,0.36589620584387267
1,C9orf16,-3.9759667,-0.79514414,7.009392995840254e-05,0.0022522416647339887,0.24057971014492754,0.38290449193196685
1,DSTN,-3.9776726,-1.5617055,6.959311350734644e-05,0.002243210316705572,0.08115942028985507,0.21631051024858264
1,SPOCK2,-3.9835105,-1.4772333,6.790470432429156e-05,0.0021974091048638047,0.0927536231884058,0.226777147841256
1,SPN,-4.013192,-2.7046351,5.990308855098217e-05,0.0019430797559434978,0.028985507246376812,0.1626689925861317
1,STX11,-4.019295,-3.4495924,5.8372445480382485e-05,0.0019009941233086337,0.017391304347826087,0.15089402529437418
1,SELPLG,-4.041244,-1.7940913,5.316838758603791e-05,0.0017495602430721293,0.057971014492753624,0.19624945486262538
1,NCF2,-4.0477643,-2.0223558,5.170919662139678e-05,0.0017056540798594069,0.06086956521739131,0.19363279546445705
1,NDUFB8-1,-4.064671,-0.7770159,4.8100237395953925e-05,0.0015904524016444232,0.26666666666666666,0.42128216310510247
1,CD27,-4.0658083,-1.2833198,4.786625783924144e-05,0.0015865573229434007,0.12173913043478261,0.25730484081988664
1,EFHD2,-4.09966,-1.704686,4.137573863345013e-05,0.0013821632923130506,0.07536231884057971,0.21151330135194069
1,CITED2,-4.1040196,-1.4208934,4.060332326803626e-05,0.0013623562224774034,0.11014492753623188,0.24683820322721325
1,NFKBIA,-4.1134205,-0.7932966,3.898390940949022e-05,0.0013144796713481443,0.3333333333333333,0.4749236807675534
1,RNF130,-4.1172495,-1.9353639,3.8342118976556525e-05,0.001296039546395683,0.06086956521739131,0.19799389446140428
1,ATP6V1F,-4.124793,-0.8460578,3.7106833236695075e-05,0.0012605246633838507,0.24347826086956523,0.39249890972525076
1,UQCRFS1,-4.1353693,-1.0435194,3.543842703904666e-05,0.0012068507721825965,0.15942028985507245,0.3074574792847798
1,CCL3,-4.1423063,-3.328859,3.438305180109962e-05,0.0011738373884895412,0.020289855072463767,0.15830789358918448
1,ZNHIT1,-4.1628523,-1.1459658,3.1429640424167345e-05,0.0010756971669985695,0.15072463768115943,0.29393807239424335
1,H2AFV,-4.169221,-1.2110487,3.0564247998954964e-05,0.0010487069614917813,0.13043478260869565,0.2738770170082861
1,SOCS3,-4.1934443,-2.0478594,2.747507433528085e-05,0.0009450871917445726,0.05217391304347826,0.19406890536415178
1,CYTIP,-4.1938233,-0.84972614,2.7429176129018093e-05,0.0009450871917445726,0.2028985507246377,0.3632795464457043
1,UQCRQ,-4.228509,-1.0430049,2.352451818395085e-05,0.0008174321127736204,0.16231884057971013,0.31312690798081116
1,MSN,-4.2365074,-1.0682439,2.270233521396559e-05,0.0007949309991843952,0.15072463768115943,0.3061491495856956
1,CORO1A,-4.2394643,-0.58794874,2.2405381765221384e-05,0.0007865498544623734,0.6782608695652174,0.8255560401221108
1,NPC2,-4.2521257,-0.87183326,2.1175110343858562e-05,0.0007452765640611663,0.3217391304347826,0.4326210204971653
1,UQCR10,-4.2595553,-0.91013664,2.0483386060228196e-05,0.000722793591830688,0.22608695652173913,0.36764064544265157
1,C19orf53,-4.2703214,-0.79338306,1.951915579947513e-05,0.0006941499781188343,0.2753623188405797,0.4365460095944178
1,ZAP70,-4.2755904,-3.295063,1.906313408414072e-05,0.000679702765151503,0.020289855072463767,0.16223288268643699
1,ATP5L,-4.3092904,-0.57708526,1.637790506895372e-05,0.000588570188477979,0.5855072463768116,0.71652856519843
1,HIGD2A,-4.317251,-0.74620503,1.5798429441524008e-05,0.0005692436740196619,0.35942028985507246,0.5154819014391626
1,PSMA7,-4.3233542,-0.7328148,1.5367456151322203e-05,0.0005551798444509418,0.42028985507246375,0.5848233754906237
1,GRN,-4.3271074,-1.464768,1.5108037834120927e-05,0.0005472556091850276,0.12173913043478261,0.2607937200174444
1,PIM1,-4.3283205,-1.9492085,1.502508218222688e-05,0.0005456981975544955,0.057971014492753624,0.20453554295682513
1,FTH1,-4.334727,-0.71431243,1.4594127247148266e-05,0.0005314597378321512,0.9855072463768116,0.990405582206716
1,EVL,-4.3410954,-0.7379312,1.4177421377728407e-05,0.0005176654180060404,0.3855072463768116,0.5547317924116878
1,PGLS,-4.357244,-1.1012212,1.317103817667609e-05,0.0004822083038624361,0.17101449275362318,0.3174880069777584
1,CCND3,-4.360087,-0.85855174,1.3001066144074435e-05,0.00047726494425666795,0.26666666666666666,0.43523767989533363
1,BST2,-4.3758187,-0.8096104,1.2097742628396873e-05,0.00044650479279293977,0.3101449275362319,0.47012647187091144
1,ABI3,-4.376046,-2.2705612,1.2085132643638517e-05,0.00044650479279293977,0.05217391304347826,0.19581334496293065
1,VAMP5,-4.389769,-1.5348989,1.134711343292609e-05,0.00042107657891314864,0.09565217391304348,0.24465765372873965
1,COX8A,-4.420664,-0.9091855,9.839811412965611e-06,0.00037017207894065674,0.25217391304347825,0.40732664631487137
1,LCP1,-4.424303,-0.9048061,9.675411666672601e-06,0.0003649928776797819,0.2463768115942029,0.4081988661142608
1,DYNLT1,-4.4290795,-1.9133174,9.463615479712181e-06,0.0003589864805304154,0.06086956521739131,0.2119494112516354
1,GBP2,-4.430141,-1.8861707,9.417154868824616e-06,0.000358912439347949,0.06666666666666667,0.2158744003488879
1,FCGRT,-4.4405656,-1.521497,8.972277259679067e-06,0.0003441725231971274,0.10434782608695652,0.2529437418229394
1,IFI30,-4.442802,-2.611181,8.879482853145363e-06,0.0003415724446269101,0.03768115942028986,0.18491059747056257
1,PRF1,-4.453568,-3.3239024,8.445496724325083e-06,0.0003257957719417608,0.028985507246376812,0.17531617967727867
1,CMTM3,-4.454857,-2.88599,8.394920555006885e-06,0.0003247621390911445,0.028985507246376812,0.17706061927605757
1,NINJ1,-4.4882536,-3.0680814,7.1809402905302405e-06,0.00027858784263488906,0.02608695652173913,0.17488006977758394
1,TNFSF13B,-4.4951906,-2.7624173,6.95075996832774e-06,0.00027042614851134937,0.03188405797101449,0.18185782817269952
1,NDUFB2,-4.495873,-1.0011171,6.9285044279076355e-06,0.00027033044705001907,0.20869565217391303,0.37025730484081987
1,FLNA,-4.502166,-1.7087829,6.726446579834929e-06,0.000263198723479157,0.0782608695652174,0.23288268643698212
1,GUK1,-4.509596,-0.79817235,6.4951268679576834e-06,0.00025487773709433943,0.32463768115942027,0.5045791539467946
1,RNF7,-4.5322647,-1.3513662,5.835466899462653e-06,0.00022965168870046684,0.11304347826086956,0.2721325774095072
1,LAMTOR4,-4.533364,-0.7608319,5.805164814693665e-06,0.0002291194529175049,0.3739130434782609,0.5425207152202355
1,PRMT2,-4.537496,-1.6921618,5.6926120805499405e-06,0.00022532843644055067,0.08405797101449275,0.2381160052333188
1,ZFP36,-4.538216,-0.60452616,5.673207811562548e-06,0.00022521315661249466,0.6028985507246377,0.7213257740950719
1,GABARAP,-4.544964,-0.79523176,5.4944693753284566e-06,0.00021875356789937436,0.37971014492753624,0.5063235935455734
1,FLT3LG,-4.551825,-2.4368544,5.318253091362818e-06,0.00021235691291125917,0.04057971014492753,0.1927605756650676
1,PPIB,-4.556639,-0.7819313,5.197853887882659e-06,0.00020815804308775833,0.3333333333333333,0.49803750545137376
1,STXBP2,-4.5628943,-1.5418315,5.0453235419111605e-06,0.00020264393614217297,0.11594202898550725,0.26384648931530746
1,SAT1,-4.566003,-0.80228996,4.971124220781027e-06,0.00020025272082296666,0.5362318840579711,0.5992150021805495
1,SEPT9,-4.570779,-1.0306382,4.8591436000351675e-06,0.0001963209023730185,0.19710144927536233,0.3597906672481465
1,UPP1,-4.598679,-3.809174,4.25177783039648e-06,0.00017280439896397122,0.014492753623188406,0.16746620148277366
1,FKBP1A,-4.6096725,-0.84906673,4.03303704811067e-06,0.00016440344456417703,0.3333333333333333,0.4858264282599215
1,LYAR,-4.639961,-2.3819633,3.4847506103891217e-06,0.00014247830639363426,0.04927536231884058,0.2023549934583515
1,CTSB,-4.6606207,-2.0353365,3.152571994938827e-06,0.00012928385334199586,0.06666666666666667,0.22067160924552987
1,CAPZB,-4.6953063,-0.7531273,2.6620737485510563e-06,0.00010982863779520613,0.42028985507246375,0.5808983863933711
1,CD48,-4.705769,-0.64877474,2.5291078942692016e-06,0.0001049771957572651,0.5652173913043478,0.719581334496293
1,RGS2,-4.7102423,-1.2928842,2.474226918858778e-06,0.0001033273480242675,0.1391304347826087,0.29829917139119055
1,DHRS7,-4.7188473,-1.1629351,2.371848855773459e-06,9.966143992136109e-05,0.17971014492753623,0.3410379415612734
1,MS4A6A,-4.7208185,-3.6049492,2.3489758157107766e-06,9.900498067699496e-05,0.02318840579710145,0.17880505887483647
1,COX5B,-4.723055,-0.8203629,2.323280172824179e-06,9.822512086714239e-05,0.35942028985507246,0.5255124291321412
1,H2AFY,-4.732153,-1.2660855,2.2215101316156374e-06,9.421410669982343e-05,0.1565217391304348,0.31923244657653727
1,ARL6IP4,-4.7643366,-0.80149794,1.8947594796688864e-06,8.060696403226888e-05,0.3652173913043478,0.5220235499345836
1,H2AFZ,-4.7685823,-0.9344163,1.8552685979471801e-06,7.91735874173959e-05,0.263768115942029,0.437854339293502
1,PRDX2,-4.769113,-1.2609264,1.8503882031680052e-06,7.91735874173959e-05,0.14492753623188406,0.31269079808111644
1,AQP3,-4.769492,-2.9023411,1.846909761744114e-06,7.91735874173959e-05,0.028985507246376812,0.18796336676842565
1,BLVRA,-4.7845416,-2.372367,1.7137805820582275e-06,7.406135325502264e-05,0.0463768115942029,0.20671609245529873
1,BID,-4.793071,-1.9537964,1.6424762394686007e-06,7.120525563867686e-05,0.06666666666666667,0.22764936764064544
1,TMA7,-4.8286285,-0.73824465,1.3747668877064244e-06,6.056069876941591e-05,0.4985507246376812,0.6990841692106411
1,LEF1,-4.843564,-3.187094,1.2753056292111557e-06,5.654407036528422e-05,0.02608695652173913,0.18621892716964675
1,FYN,-4.853117,-3.1643658,1.215360202702095e-06,5.4061755466123154e-05,0.02608695652173913,0.1870911469690362
1,NDUFA4,-4.85831,-0.78786963,1.183917974331789e-06,5.2835241364297084e-05,0.3884057971014493,0.5481901439162669
1,CDA,-4.8619494,-5.1250086,1.1623533903233483e-06,5.2042943928707036e-05,0.005797101449275362,0.1679023113824684
1,WDR1,-4.87173,-1.4654614,1.1062548844953374e-06,4.9694133890356344e-05,0.11594202898550725,0.2847797645006542
1,CD14,-4.878022,-6.466975,1.0715479317538294e-06,4.829392262716269e-05,0.002898550724637681,0.16528565198430004
1,ARPC5,-4.8782496,-0.7976074,1.0703132954676452e-06,4.829392262716269e-05,0.3884057971014493,0.5486262538159616
1,TCF7,-4.883519,-1.6989604,1.0420911553220059e-06,4.7435989390257706e-05,0.08985507246376812,0.2546881814217183
1,RAP1B,-4.895005,-1.0760877,9.830319879247968e-07,4.489727366923419e-05,0.21739130434782608,0.3855211513301352
1,ARL4C,-4.903951,-2.1877663,9.392777765279478e-07,4.304287690022032e-05,0.05507246376811594,0.21979938944614041
1,CORO1B,-4.909448,-3.2142463,9.13331328201647e-07,4.19947899593323e-05,0.02318840579710145,0.18752725686873092
1,NEDD8,-4.9113812,-0.8440837,9.043704697920123e-07,4.172325383608014e-05,0.3391304347826087,0.5263846489315307
1,IER2,-4.918129,-0.7938355,8.737538975656096e-07,4.044740076324056e-05,0.4666666666666667,0.6615787178368949
1,IL10RA,-4.9343157,-1.9987766,8.043232700335413e-07,3.7359995155027346e-05,0.06666666666666667,0.23375490623637157
1,SOD1,-4.9396224,-0.8288967,7.827390895188516e-07,3.648151879341105e-05,0.36231884057971014,0.5351068469254252
1,AP1S2,-4.977417,-1.4435488,6.443847706364799e-07,3.0239582226157284e-05,0.1681159420289855,0.3174880069777584
1,C20orf24,-4.9926934,-1.2792454,5.95429677356549e-07,2.8038578186141497e-05,0.16231884057971013,0.33187963366768425
1,C1orf162,-4.9993653,-1.0741779,5.751930232396532e-07,2.7179363063531847e-05,0.2463768115942029,0.4103794156127344
1,ARPC2,-5.0170684,-0.6094619,5.246589404806284e-07,2.4877578094456463e-05,0.6985507246376812,0.8177060619276058
1,DUSP2,-5.0252185,-1.5570612,5.028594483581684e-07,2.392699869957891e-05,0.11014492753623188,0.2817269952027911
1,UBL5,-5.0522847,-0.9435927,4.365560889740846e-07,2.084479003856678e-05,0.2898550724637681,0.46925425207152205
1,TRAT1,-5.0835586,-3.1735055,3.7042784206988596e-07,1.7874779545252164e-05,0.02608695652173913,0.19537723506323593
1,CKLF,-5.1297684,-2.0530431,2.900987391273281e-07,1.4199241510834385e-05,0.06666666666666667,0.23855211513301353
1,EIF1,-5.141937,-0.32609108,2.719204346307785e-07,1.3357357752942128e-05,0.9652173913043478,0.9864805931094636
1,COX6C,-5.1779113,-0.95494705,2.2438364763219312e-07,1.1142483971146289e-05,0.2927536231884058,0.4744875708678587
1,COX6B1,-5.1807923,-0.80547595,2.209451954204246e-07,1.1011779520661745e-05,0.42318840579710143,0.5987788922808548
1,SIGIRR,-5.195387,-1.9689957,2.0429439378923045e-07,1.0256780299947541e-05,0.07536231884057971,0.2494548626253816
1,POLR2L,-5.223818,-1.1514853,1.7527114638708493e-07,8.83211356111451e-06,0.2028985507246377,0.3820322721325774
1,GIMAP2,-5.253424,-2.5927517,1.4929733797976314e-07,7.579198689411321e-06,0.043478260869565216,0.218927169646751
1,LY6E,-5.2568355,-0.73815924,1.4655516529334458e-07,7.4677512583802745e-06,0.5449275362318841,0.6868730920191888
1,FCGR3A,-5.2659717,-3.3974774,1.3944995301006438e-07,7.1323166977731795e-06,0.03768115942028986,0.20846053205407764
1,EIF3K,-5.3218474,-0.74031436,1.0271858114089424e-07,5.27340204533854e-06,0.5826086956521739,0.7662450937636285
1,RPL36AL,-5.3347363,-0.66542536,9.568349423819427e-08,4.96826538903719e-06,0.6289855072463768,0.7745311818578282
1,ATP5H,-5.3738194,-1.2132745,7.708609523366102e-08,4.048798909657211e-06,0.19420289855072465,0.3820322721325774
1,AES,-5.4437594,-0.95445025,5.216768571464504e-08,2.750586548722752e-06,0.33043478260869563,0.5176624509376363
1,ANXA5,-5.4444795,-1.4258978,5.195705655842635e-08,2.7500990866739155e-06,0.14202898550724638,0.3327518534670737
1,PRKCQ-AS1,-5.451417,-4.5199175,4.997011487047545e-08,2.6552213566973258e-06,0.011594202898550725,0.19232446576537288
1,CARD16,-5.4770803,-1.5662916,4.3240085409763675e-08,2.306588306077081e-06,0.12753623188405797,0.3105102485826428
1,CD97,-5.5194235,-2.2194314,3.4011369620722513e-08,1.8214088766297515e-06,0.06666666666666667,0.2494548626253816
1,APRT,-5.538832,-0.8806923,3.0449506296271696e-08,1.6435512173197086e-06,0.4144927536231884,0.604884430876581
1,CST7,-5.6768546,-3.4096348,1.3719380266316493e-08,7.524170960514781e-07,0.034782608695652174,0.22067160924552987
1,UQCR11-1,-5.6962256,-0.892618,1.2248866522696785e-08,6.772085879916894e-07,0.4,0.5935455734845181
1,BIN2,-5.714801,-1.2491616,1.098327297022257e-08,6.121941864545283e-07,0.19710144927536233,0.39555167902311383
1,MCL1,-5.7231026,-1.1687843,1.0459615693873608e-08,5.853955406374508e-07,0.24057971014492754,0.4348015699956389
1,GSTO1,-5.755324,-1.6663575,8.647571407176887e-09,4.900051250473342e-07,0.1246376811594203,0.3174880069777584
1,CASP1,-5.759797,-1.7847283,8.42150319006154e-09,4.791835315145017e-07,0.10144927536231885,0.29742695159180116
1,BRI3,-5.7629814,-3.0141988,8.264085219516616e-09,4.721939236724641e-07,0.04057971014492753,0.22982991713911904
1,CRIP1,-5.7955823,-1.268864,6.808453888327142e-09,3.9065649705460274e-07,0.19710144927536233,0.3964238988225033
1,DNAJB1,-5.8457346,-1.6840429,5.043382490559815e-09,2.9060097591175035e-07,0.1246376811594203,0.3174880069777584
1,TKT,-5.8472886,-1.4144684,4.9965018430075255e-09,2.8911961511911344e-07,0.19130434782608696,0.3754906236371566
1,LDHA,-5.8641953,-1.0356025,4.513154398811235e-09,2.6226228285177113e-07,0.3130434782608696,0.5202791103358047
1,PSME2,-5.8850827,-0.9520542,3.978548782565798e-09,2.3218402638768603e-07,0.3826086956521739,0.579590056694287
1,PRELID1,-5.8851585,-1.0831503,3.976725383296986e-09,2.3218402638768603e-07,0.3159420289855073,0.4932402965547318
1,SERPINB1,-5.8859925,-1.3282193,3.956721598073426e-09,2.3218402638768603e-07,0.19710144927536233,0.39075447012647185
1,CD68,-5.8864856,-2.650821,3.944947251470806e-09,2.3218402638768603e-07,0.05507246376811594,0.2477104230266027
1,CD44,-5.8962655,-1.0904714,3.7182037512431737e-09,2.2076430620424686e-07,0.28405797101449276,0.4888791975577846
1,PYCARD,-5.9383054,-1.3221756,2.879832156067925e-09,1.7173357171730824e-07,0.20869565217391303,0.39598778892280856
1,CFP,-5.943347,-3.1410182,2.7926015770915925e-09,1.6726213656474905e-07,0.03768115942028986,0.23375490623637157
1,H3F3B,-5.9954705,-0.51371795,2.028971738318925e-09,1.2260016840036833e-07,0.9101449275362319,0.9694723070213694
1,GLIPR2,-5.9991856,-2.6540506,1.983097935170619e-09,1.2036082401195544e-07,0.05217391304347826,0.25032708242477103
1,SEPW1,-6.0275784,-2.0729792,1.6643449443910959e-09,1.0146560071698574e-07,0.07536231884057971,0.28129088530309637
1,ENO1,-6.073674,-0.94849104,1.2501609176089814e-09,7.655693942093386e-08,0.4,0.5904928041866551
1,CD3G,-6.0839477,-2.8459356,1.1725906848057863e-09,7.21301729356208e-08,0.043478260869565216,0.24552987352812908
1,CEBPD,-6.086525,-2.7653728,1.1538753132390384e-09,7.130009627869822e-08,0.04927536231884058,0.2511993022241605
1,GPX4,-6.098049,-1.0017347,1.0737073459588428e-09,6.664794325642707e-08,0.36231884057971014,0.5717400784997819
1,MYO1F,-6.152864,-2.5013428,7.60960912114541e-10,4.810963988813042e-08,0.06086956521739131,0.26384648931530746
1,LEPROTL1,-6.2180276,-2.131329,5.034431675626062e-10,3.2126261197359576e-08,0.0782608695652174,0.2869603139991278
1,CTSC,-6.27288,-2.1073246,3.5442952766998313e-10,2.2830611461609854e-08,0.08695652173913043,0.29524640209332753
1,PKM,-6.3142,-1.2675483,2.715628835932301e-10,1.7575652788384597e-08,0.24057971014492754,0.45311818578281726
1,TCEB2,-6.315223,-1.1577415,2.697716127476763e-10,1.754286258896318e-08,0.2898550724637681,0.5176624509376363
1,RGCC,-6.322767,-2.765626,2.56920568140487e-10,1.6787116165198517e-08,0.0463768115942029,0.25817706061927603
1,CALM3,-6.3852015,-1.4968125,1.71172204822494e-10,1.1292404005101344e-08,0.1681159420289855,0.3929350196249455
1,SERPINA1,-6.413026,-2.6696892,1.4265952760734958e-10,9.503212239053492e-09,0.06666666666666667,0.2738770170082861
1,ARRB2,-6.4436173,-2.3075616,1.1665904745880414e-10,7.809293882830536e-09,0.06956521739130435,0.28608809419973835
1,GZMA,-6.4698114,-5.3123546,9.812517557700266e-11,6.600972402362306e-09,0.011594202898550725,0.22546881814217182
1,ATP5E,-6.4728065,-0.83523804,9.619922220444556e-11,6.503448408039151e-09,0.5942028985507246,0.7762756214566071
1,ISG15,-6.476635,-1.3094614,9.379068534679265e-11,6.372167159680599e-09,0.26956521739130435,0.4749236807675534
1,GSTP1,-6.4825864,-1.3221306,9.016332158807568e-11,6.156351598033808e-09,0.30144927536231886,0.4836458787614479
1,MYL12B,-6.500896,-0.9059332,7.984298355406848e-11,5.506746380880602e-09,0.5246376811594203,0.7278674225904928
1,LAT,-6.5031705,-3.347865,7.864455299766643e-11,5.45162444536108e-09,0.03188405797101449,0.24814653292629743
1,JUNB,-6.534179,-0.58475393,6.395934033655426e-11,4.4562691409999235e-09,0.8724637681159421,0.9114696903619712
1,IFITM2,-6.560184,-0.9019678,5.374143518406515e-11,3.782953808626772e-09,0.5797101449275363,0.7287396423898822
1,LGALS2,-6.5810714,-4.105895,4.6707081934424335e-11,3.322041202585931e-09,0.02608695652173913,0.2420409943305713
1,CTSD,-6.5899796,-2.788294,4.3988715187388504e-11,3.145077982193599e-09,0.05217391304347826,0.270824247710423
1,AP2S1,-6.6120796,-1.6148382,3.7895750425145685e-11,2.7381183481787803e-09,0.16521739130434782,0.3815961622328827
1,IFITM3,-6.6900563,-3.5919492,2.230847172632325e-11,1.6467269724036234e-09,0.034782608695652174,0.2546881814217183
1,SAMHD1,-6.7059774,-2.8634033,2.0006237330101484e-11,1.4848107444557928e-09,0.04927536231884058,0.2721325774095072
1,CCL5,-6.7212167,-2.5380843,1.802134771047179e-11,1.3448061439027471e-09,0.14202898550724638,0.34278238116005233
1,TALDO1,-6.754121,-1.5944186,1.4370416192609371e-11,1.084212174178307e-09,0.17971014492753623,0.3990405582206716
1,VAMP8,-6.7676916,-1.1813556,1.3085327031993747e-11,9.982861784855117e-10,0.3159420289855073,0.5372873964238988
1,TPI1,-6.8355465,-1.1670002,8.169286822614662e-12,6.30281247737999e-10,0.32753623188405795,0.5355429568251199
1,PSAP,-6.856093,-1.296033,7.076942184321003e-12,5.491063776652705e-10,0.3565217391304348,0.5324901875272569
1,TMEM66,-6.940021,-0.8763988,3.920422023246004e-12,3.0768553534165187e-10,0.5797101449275363,0.7614478848669864
1,NDUFS5,-6.9915757,-1.4872423,2.718162713000374e-12,2.1707152051890708e-10,0.18840579710144928,0.4295682511993022
1,RHOG,-7.0274744,-1.5556438,2.1030559558243695e-12,1.6893724783963287e-10,0.1855072463768116,0.4217182730047972
1,RAC1,-7.0278153,-1.4322221,2.0979215610440176e-12,1.6893724783963287e-10,0.25507246376811593,0.4679459223724379
1,DOK2,-7.0562844,-3.3305802,1.7101384499174067e-12,1.3984221959324613e-10,0.04057971014492753,0.27169646750981247
1,ARPC1B,-7.1109476,-0.9280917,1.1524907706895084e-12,9.53843270577935e-11,0.5884057971014492,0.7719145224596599
1,NDFIP1,-7.14025,-1.9634889,9.316121415828293e-13,7.804966506414182e-11,0.11304347826086956,0.3567378979502835
1,LGALS3,-7.164208,-3.3082232,7.823757555815158e-13,6.636101439888931e-11,0.04057971014492753,0.2773658962058439
1,CEBPB,-7.181721,-2.0697453,6.88391076025241e-13,5.875417833875432e-11,0.1246376811594203,0.35412123855211514
1,HSPA8,-7.2092805,-0.99793476,5.624833333483074e-13,4.892530191213048e-11,0.4956521739130435,0.7021369385085041
1,HLA-A,-7.2339964,-0.5101353,4.689844891632737e-13,4.1054180666754263e-11,0.936231884057971,0.9699084169210641
1,FOS,-7.2598495,-0.7599461,3.8752129325497096e-13,3.481572882032818e-11,0.8318840579710145,0.9328390754470126
1,CFD,-7.333884,-4.5800657,2.235773822273699e-13,2.0491092159040025e-11,0.020289855072463767,0.26166593981683384
1,S100A8,-7.3416924,-3.5669131,2.1090941193341568e-13,1.946066844164003e-11,0.07536231884057971,0.30702136938508506
1,CD63,-7.4045815,-1.9642311,1.315644860482517e-13,1.2305785078595377e-11,0.13623188405797101,0.376362843436546
1,SERF2,-7.429828,-0.8093068,1.087386837352806e-13,1.0240934241993048e-11,0.7304347826086957,0.8752725686873092
1,HLA-C,-7.50826,-0.47241297,5.991853021439564e-14,5.762305976111175e-12,0.9681159420289855,0.9834278238116005
1,TMSB10,-7.6482916,-0.29470575,2.0366725925355818e-14,1.9866286374047074e-12,0.9971014492753624,0.9930222416048844
1,NKG7,-7.6716805,-3.264336,1.697572946361553e-14,1.6798591417038672e-12,0.08695652173913043,0.33057130396860007
1,AMICA1,-7.7091713,-3.2341342,1.266371995007445e-14,1.271586467928064e-12,0.03768115942028986,0.29742695159180116
1,EIF4A1,-7.7147818,-1.0923992,1.211893796776592e-14,1.2258979028726772e-12,0.48695652173913045,0.7147841255996511
1,TYMP,-7.7561774,-2.2627707,8.752770567177295e-15,8.919987676520383e-13,0.14782608695652175,0.3789795028347143
1,FCN1,-7.8136835,-3.088185,5.554048634530598e-15,5.745915769178019e-13,0.08405797101449275,0.32839075447012644
1,GZMM,-7.855003,-4.5338974,3.997625514575993e-15,4.1993518482345965e-13,0.017391304347826087,0.278674225904928
1,CD247,-7.920508,-3.5315871,2.3654252714354814e-15,2.523613086462729e-13,0.043478260869565216,0.30178805058874836
1,CSTB,-8.078659,-2.0104582,6.548262344028793e-16,7.329759882791573e-14,0.14202898550724638,0.40514609681639774
1,CTSW,-8.190526,-3.1272206,2.6008795404112426e-16,3.009967034225079e-14,0.06956521739130435,0.3340601831661579
1,GLRX,-8.206105,-2.0227816,2.284783249269905e-16,2.66675214119913e-14,0.14492753623188406,0.4108155255124291
1,GIMAP5,-8.297463,-3.3031628,1.0635763400989322e-16,1.2629737826426972e-14,0.0463768115942029,0.3218491059747056
1,CD99,-8.392461,-1.5394254,4.7607093127365995e-17,5.8046648548866966e-15,0.27246376811594203,0.541648495420846
1,S100A9,-8.411794,-3.1948075,4.037873818224375e-17,4.9676761136641495e-15,0.13623188405797101,0.39075447012647185
1,TSPO,-8.5011425,-1.6540561,1.877335553798863e-17,2.3520086534566307e-15,0.25507246376811593,0.5115569123419101
1,LST1,-8.651751,-2.8219833,5.071539276672085e-18,6.472611248806915e-16,0.13333333333333333,0.39031836022677713
1,IFI6,-8.663843,-2.076642,4.561207018943811e-18,5.876211608556291e-16,0.16231884057971013,0.43959877889228083
1,COTL1,-8.680598,-1.4583625,3.936917346894571e-18,5.12024221801831e-16,0.4492753623188406,0.6567815089402529
1,EMP3,-8.758461,-1.1581883,1.9793379028434786e-18,2.624256155459276e-16,0.5304347826086957,0.7649367640645443
1,LYZ,-8.790001,-2.1928906,1.4955920999093088e-18,2.0221589818179723e-16,0.4260869565217391,0.631487134757959
1,MYL12A,-8.798833,-0.82453775,1.382461083571553e-18,1.8878888557253127e-16,0.7652173913043478,0.8905364151766245
1,CST3,-8.847318,-2.8714771,8.964825994009488e-19,1.2366026643857937e-16,0.1826086956521739,0.43044047099869165
1,GMFG,-8.858993,-1.2012191,8.074052066874095e-19,1.125094439032986e-16,0.48405797101449277,0.73222852158744
1,CALM1,-8.906756,-1.2823198,5.254715669035128e-19,7.47483303920247e-17,0.45217391304347826,0.7117313563017881
1,ITM2B,-8.944475,-1.0884442,3.7372150989595555e-19,5.429298871424648e-17,0.5971014492753624,0.8225032708242477
1,ANXA2,-8.984544,-1.9449786,2.5980999959511746e-19,3.815016510183789e-17,0.19710144927536233,0.47361535106846925
1,ALDOA,-9.024612,-1.2109414,1.8033267591787926e-19,2.6767641547114773e-17,0.4985507246376812,0.7387701700828608
1,GSTK1,-9.605058,-1.6898246,7.6115335906971655e-22,1.2086407292390755e-19,0.26956521739130435,0.5957261229829918
1,CD2,-9.619235,-3.733353,6.632245431095371e-22,1.0655287483180985e-19,0.043478260869565216,0.3597906672481465
1,GIMAP1,-9.689668,-3.5678546,3.33611359713418e-22,5.488911720778838e-20,0.0463768115942029,0.36720453554295684
1,IFITM1,-9.736333,-1.9860486,2.1103332871016204e-22,3.5144769961780157e-20,0.19710144927536233,0.5189707806367204
1,ACTG1,-9.74725,-1.1140697,1.8953281582741917e-22,3.195382880171897e-20,0.6985507246376812,0.8887919755778456
1,MT2A,-9.788721,-3.928269,1.2587773146324258e-22,2.1487328760775508e-20,0.034782608695652174,0.3597906672481465
1,LCK,-9.803505,-2.9325726,1.0874496754794084e-22,1.9038734318393334e-20,0.0782608695652174,0.40383776711731356
1,TIMP1,-9.817304,-3.6722097,9.484634709412624e-23,1.6821061245680362e-20,0.04927536231884058,0.3711295246402093
1,ZFP36L2,-9.847857,-1.5034356,7.002062529424679e-23,1.2581600776555713e-20,0.39710144927536234,0.6907980811164414
1,NOSIP,-9.982506,-2.3317878,1.8181525040231034e-23,3.4011904924574656e-21,0.15072463768115943,0.4709986916703009
1,C10orf54,-10.041529,-2.8100486,1.0011036424219865e-23,1.9255030057626266e-21,0.08115942028985507,0.41648495420846054
1,IL7R,-10.368788,-2.7799947,3.4386019870084226e-25,6.905521872733385e-23,0.11594202898550725,0.445704317488007
1,FCER1G,-10.45643,-3.867967,1.369169438818911e-25,2.7906534114195595e-23,0.07246376811594203,0.4012211077191452
1,MYL6,-10.579934,-1.1087296,3.692171507574482e-26,7.756968324221096e-24,0.7014492753623188,0.8752725686873092
1,FYB,-10.591155,-3.3254993,3.275253808884043e-26,6.988572814706327e-24,0.06956521739130435,0.41517662450937637
1,AIF1,-10.647259,-3.7605255,1.7957553222781675e-26,3.892513441433438e-24,0.08405797101449275,0.41822939380723945
1,NEAT1,-10.888618,-1.727499,1.306070748978547e-27,2.876726152911458e-25,0.3681159420289855,0.6807675534234627
1,ID2,-10.93115,-3.3062904,8.18044552950336e-28,1.831346953293408e-25,0.0782608695652174,0.43392935019624945
1,ITGB2,-10.990097,-2.3790195,4.264656264969435e-28,9.706357659070432e-26,0.16231884057971013,0.5176624509376363
1,TYROBP,-11.0484,-3.8488414,2.2315732770280234e-28,5.165146554422828e-26,0.1072463768115942,0.44134321849105973
1,CD7,-11.105754,-3.8410678,1.1761999286610752e-28,2.8179274080343233e-26,0.05217391304347826,0.41517662450937637
1,RARRES3,-11.201661,-2.4392283,4.0015853566675464e-29,9.758151719759289e-27,0.15942028985507245,0.5189707806367204
1,RGS10,-11.367205,-3.0473037,6.090687135571755e-30,1.5122622458794159e-27,0.08985507246376812,0.46576537287396425
1,CFL1,-11.816338,-1.1138144,3.213938154335212e-32,8.281045176528615e-30,0.7797101449275362,0.9363279546445704
1,LDHB,-12.636133,-1.8392873,1.3345810146748613e-36,3.96196485573911e-34,0.40869565217391307,0.7152202354993459
1,B2M,-12.708651,-0.47913736,5.2940088399505594e-37,1.606555215963663e-34,1.0,0.9995638901003053
1,LGALS1,-13.1350765,-3.6181338,2.0728269853894914e-39,6.433301207381566e-37,0.13043478260869565,0.529001308329699
1,GIMAP4,-13.36874,-3.5735593,9.208719332165414e-41,2.9245179348849047e-38,0.07536231884057971,0.5172263410379415
1,SH3BGRL3,-13.534208,-1.4984455,9.823530478119245e-42,3.271954444126742e-39,0.6666666666666666,0.8874836458787615
1,VIM,-13.749449,-1.7779417,5.131887071884922e-43,1.7969499962477049e-40,0.5594202898550724,0.837767117313563
1,CD3E,-13.817115,-3.4320195,2.0096514467080884e-43,7.623277821179348e-41,0.1072463768115942,0.5425207152202355
1,ACTB,-13.869465,-0.8583337,9.69971367181263e-44,3.784551140064951e-41,0.9768115942028985,0.9952027911033581
1,PFN1,-13.935766,-1.171755,3.840567474761734e-44,1.54255263045136e-41,0.8405797101449275,0.9611862189271696
1,S100A11,-14.873683,-3.5803156,4.885062103994012e-50,2.1519486481336201e-47,0.13333333333333333,0.5856955952900131
1,GAPDH,-15.189645,-1.8709389,4.141582897953806e-52,2.094720594609525e-49,0.5855072463768116,0.8909725250763192
1,SRGN,-15.418267,-2.9821904,1.2337060232104318e-53,6.479803635754484e-51,0.20869565217391303,0.6576537287396423
1,S100A10,-15.835709,-2.8177845,1.7646029656795397e-56,9.638967239727918e-54,0.24347826086956523,0.7017008286088094
1,HCST,-16.194506,-3.982429,5.513831382868632e-59,3.137370056852252e-56,0.08405797101449275,0.6088094199738334
1,GIMAP7,-16.452242,-4.170976,8.08202166430285e-61,4.798612515118249e-58,0.07536231884057971,0.6101177496729175
1,CD3D,-16.573736,-4.8593984,1.0790667281144102e-61,7.017016780538279e-59,0.057971014492753624,0.5896205843872656
1,IL32,-16.63257,-4.271802,4.048513956094344e-62,2.764325329221218e-59,0.10144927536231885,0.6201482773658962
1,ANXA1,-17.035683,-3.7022316,4.465054296647127e-65,3.3874878597229537e-62,0.1246376811594203,0.6637592673353685
1,S100A6,-19.54939,-3.198517,4.174771692758367e-85,3.8007121490872174e-82,0.3507246376811594,0.8477976450065416
1,TMSB4X,-21.164152,-0.8744226,2.044056155398032e-99,2.1472023737011944e-96,1.0,1.0
1,S100A4,-22.505371,-3.948319,3.6772748829832444e-112,4.1847388168349325e-109,0.35942028985507246,0.8809419973833406
2,LYZ,33.358837,6.2015796,5.423724029736648e-244,7.406637535008366e-240,1.0,0.5195762321510824
2,S100A9,33.334927,7.386169,1.2046443215564026e-243,8.225311427587116e-240,0.9957173447537473,0.22017503454629203
2,S100A8,32.706814,7.5584965,1.2495798860806831e-234,5.68808764143927e-231,0.9764453961456103,0.12620912022109626
2,TYROBP,31.336967,5.449162,1.4643625620819305e-215,4.999333786947711e-212,0.9935760171306209,0.2694610778443114
2,FTL,30.775455,3.464736,5.5835879552865535e-208,1.5249895423478634e-204,1.0,0.987563334868724
2,FCN1,30.550568,5.5717034,5.5571778422526495e-205,1.264813676896703e-201,0.9550321199143469,0.15476738830032244
2,CST3,30.348886,5.625626,2.598884559095108e-202,5.070052505571828e-199,0.9914346895074947,0.27038231229848
2,S100A6,29.951452,2.983842,4.2125120371994533e-197,7.190758047499466e-194,0.9957173447537473,0.7369875633348687
2,LGALS2,29.783188,6.486931,6.44996808586993e-195,9.78675157562664e-192,0.8993576017130621,0.06632888070013819
2,FTH1,29.756535,2.832469,1.4274294715296753e-194,1.772088805746295e-191,1.0,0.987563334868724
2,LGALS1,29.302006,4.3912463,9.778449659588635e-189,1.1127875712611867e-185,0.9785867237687366,0.36895439889451864
2,GSTP1,28.236576,3.7090485,2.0805700505590648e-175,2.185558816187276e-172,0.9400428265524625,0.35651773376324275
2,S100A4,27.996922,2.7780864,1.7712104619764273e-172,1.7276892906250065e-169,1.0,0.7724550898203593
2,AIF1,27.49327,4.5248127,2.1129635595306433e-166,1.9236420245966974e-163,0.9571734475374732,0.24919391985260247
2,GPX1,27.409525,3.845652,2.1117257375532797e-165,1.8023579170017243e-162,0.9122055674518201,0.31782588668816214
2,TYMP,27.387224,4.219861,3.8935912198357766e-165,3.1276989234163157e-162,0.9143468950749465,0.22708429295255642
2,OAZ1,27.304583,1.9822134,3.7421673690640976e-164,2.8390576439966287e-161,0.9957173447537473,0.8940580377706127
2,LST1,27.13642,4.442912,3.662422909098998e-162,2.632318276139785e-159,0.9571734475374732,0.2275449101796407
2,CTSS,26.948534,3.474045,5.934413153908182e-160,4.052017301488506e-157,0.9443254817987152,0.4320589590050668
2,S100A11,25.578924,3.1938965,2.618232966140296e-144,1.6252086084369036e-141,0.9486081370449678,0.43574389682174114
2,SAT1,25.53171,3.1380496,8.766282057794519e-144,5.204884686140954e-141,0.9635974304068522,0.5108245048364809
2,PSAP,25.317974,3.165464,2.0253431177301203e-141,1.1063234246289009e-138,0.9186295503211992,0.4214647627821281
2,COTL1,25.305584,2.9304442,2.772717128841126e-141,1.4563163504405544e-138,0.9721627408993576,0.5559649930907415
2,CYBA,24.983557,1.9828515,9.22639595613173e-138,4.499845113461961e-135,0.987152034261242,0.8171349608475357
2,FCER1G,24.844427,3.99585,2.970621399103548e-136,1.3522268608719349e-133,0.9379014989293362,0.23353293413173654
2,NPC2,24.260044,3.2623413,5.180495052864929e-130,2.143783043694651e-127,0.8715203426124197,0.3205895900506679
2,CFD,23.634607,4.369911,1.699535762877551e-123,6.272664966988064e-121,0.7858672376873662,0.11054813450023031
2,GABARAP,23.310873,2.7436476,3.43934902569088e-120,1.2359934288114383e-117,0.867237687366167,0.40856748042376784
2,GRN,23.2137,4.1610117,3.311323618280275e-119,1.1594727008009086e-116,0.7558886509635975,0.1321971441731921
2,CD14,22.315258,6.2399545,2.6272500779701606e-110,8.750665137746467e-108,0.6723768736616702,0.030400736987563334
2,GAPDH,22.131525,1.6991866,1.5717282420899397e-108,5.110362112852432e-106,0.9657387580299786,0.8263473053892215
2,MS4A6A,21.923449,5.4083714,1.5524339350985012e-106,4.930241352954682e-104,0.6766595289079229,0.04698295716259788
2,AP1S2,21.837156,3.5162888,1.0296778854904028e-105,3.195745728240214e-103,0.7537473233404711,0.19990787655458314
2,TSPO,21.793827,2.6492376,2.6551076782994126e-105,8.057366767745951e-103,0.841541755888651,0.3998157531091663
2,RAC1,21.433594,2.7115335,6.496797215869591e-102,1.7744052555983028e-99,0.8458244111349036,0.3528327959465684
2,PYCARD,21.18443,2.919051,1.3292533134526388e-99,3.4249591034923085e-97,0.8051391862955032,0.27821280515891295
2,LGALS3,20.39773,3.6344807,1.7516329475025305e-92,4.054288056117722e-90,0.7044967880085653,0.14785812989405803
2,CD68,20.348875,3.7653792,4.7505958911874755e-92,1.0774018232841348e-89,0.7044967880085653,0.11883924458774758
2,CEBPD,20.314419,3.8228,9.587966875784577e-92,2.099671868927166e-89,0.6873661670235546,0.12528788576692768
2,TKT,20.313915,2.9287207,9.686535423433762e-92,2.099671868927166e-89,0.7687366167023555,0.2616305849838784
2,NEAT1,19.961048,2.0388477,1.201634762584251e-88,2.5245422027462357e-86,0.9122055674518201,0.5812989405803777
2,SERPINA1,19.671837,3.4163399,3.759088867813337e-86,7.661808593859542e-84,0.7109207708779444,0.14693689543988944
2,TALDO1,18.921234,2.625036,7.624859670141707e-80,1.4665504740204953e-77,0.7430406852248393,0.29018885306310455
2,SH3BGRL3,18.736998,1.4221088,2.4718438718763264e-78,4.624041084156591e-76,0.9700214132762313,0.8346384154767388
2,ARPC1B,18.662327,1.5988349,1.0026937101237255e-77,1.8503763926283236e-75,0.9250535331905781,0.7098111469368954
2,TMSB10,18.610123,0.7154538,2.6600620415851995e-77,4.843440965318331e-75,1.0,0.992169507139567
2,CFP,18.469484,3.5892372,3.6353402122882926e-76,6.364641787052426e-74,0.6359743040685225,0.11607554122524183
2,FCGRT,18.394312,3.329326,1.4590360583094794e-75,2.5221008116802848e-73,0.6445396145610278,0.14509442653155227
2,IFI6,18.380817,2.545503,1.8713068783764553e-75,3.1943208413886093e-73,0.7687366167023555,0.3247351450944265
2,HLA-DRA,17.992054,2.8175,2.2486786148228864e-72,3.7911055758051034e-70,0.9379014989293362,0.47904191616766467
2,VIM,17.568165,1.4990654,4.319201356408899e-69,7.021787347990467e-67,0.9186295503211992,0.7761400276370336
2,ARPC3,17.515827,1.3272446,1.0849686727056476e-68,1.7430979052315674e-66,0.9421841541755889,0.7904191616766467
2,NCF2,17.354195,3.773928,1.8335404893567957e-67,2.845321468483682e-65,0.5802997858672377,0.08935974205435283
2,SRGN,17.299278,1.9362614,4.76313995571841e-67,7.2272710261434e-65,0.8693790149892934,0.54076462459696
2,AP2S1,16.796432,2.4034116,2.5917318523123905e-63,3.805665610234194e-61,0.6916488222698073,0.2805158912943344
2,SPI1,16.663261,3.1339498,2.424361533428834e-62,3.3782735816840976e-60,0.6145610278372591,0.12759097190234914
2,CDA,16.517935,4.081999,2.7256852944975992e-61,3.7597937759251735e-59,0.5374732334047109,0.06264394288346384
2,ATP5G2,16.486526,1.1639365,4.585639711578453e-61,6.262149590131535e-59,0.9250535331905781,0.8010133578995855
2,ANXA2,16.44544,2.127881,9.042478223147782e-61,1.2226146793594662e-58,0.7537473233404711,0.36941501612160293
2,BLVRB,16.384699,3.8519304,2.4598675904135193e-60,3.293328609283041e-58,0.5396145610278372,0.08060801473975127
2,IFITM3,16.295393,3.0885596,1.064169665727788e-59,1.4109030053571528e-57,0.6167023554603854,0.14187010594196223
2,BRI3,16.256851,3.1807966,1.9974081541793758e-59,2.622750553218611e-57,0.582441113490364,0.1239060340856748
2,S100A10,16.14441,1.6651992,1.2433447543925825e-58,1.601803393017463e-56,0.8394004282655246,0.5992630124366651
2,SERF2,15.885233,1.1257801,8.019895577131199e-57,1.0140712407528116e-54,0.9528907922912205,0.8355596499309074
2,IFI30,15.790337,3.496956,3.6264106482611027e-56,4.421630697558359e-54,0.5438972162740899,0.0842929525564256
2,NUP214,15.782065,3.9839957,4.134342381861604e-56,4.9963344749293866e-54,0.5160599571734475,0.06448641179180101
2,MT-ND1,15.722763,0.854445,1.0561514968603748e-55,1.2651583193969542e-53,0.9764453961456103,0.9396591432519577
2,C1orf162,15.696109,2.1490047,1.6080741905734846e-55,1.9095531431714352e-53,0.7259100642398287,0.31644403500690926
2,ACTB,15.191421,0.7514396,4.0308890740190294e-52,4.664900101254565e-50,0.9978586723768736,0.9917088899124827
2,TMSB4X,15.185393,0.4757871,4.419055561956829e-52,5.071144769250626e-50,1.0,1.0
2,EIF4A1,14.977953,1.324079,1.0232095938901689e-50,1.1453237880462415e-48,0.8394004282655246,0.6517733763242746
2,RNF130,14.957794,3.2483397,1.3854193415918128e-50,1.538153376323398e-48,0.5246252676659529,0.10594196222938738
2,HLA-DRB1,14.915268,2.219916,2.6222127976589037e-50,2.88781757780887e-48,0.8222698072805139,0.3818516812528789
2,PFDN5,14.901272,0.9012288,3.233668528012479e-50,3.532718193483073e-48,0.9807280513918629,0.9124827268539843
2,ATP6V0B,14.798807,2.23968,1.4910414250969173e-49,1.6032804489073622e-47,0.6445396145610278,0.27176416397973285
2,PRELID1,14.766962,1.8310683,2.392554925580745e-49,2.5525570362289573e-47,0.7430406852248393,0.4113311837862736
2,CSF3R,14.72966,4.5297737,4.157928528002613e-49,4.401602478946022e-47,0.46466809421841543,0.04099493321050207
2,CEBPB,14.636002,2.2093143,1.6551935182822164e-48,1.7387171296663035e-46,0.6552462526766595,0.2528788576692768
2,RGS2,14.445739,2.4554927,2.6668100768801727e-47,2.7177580902892265e-45,0.5995717344753747,0.2081989866421004
2,TNFSF13B,14.298438,3.3882418,2.237764466892981e-46,2.263623078510411e-44,0.49464668094218417,0.09074159373560571
2,CTSB,14.255744,2.940565,4.128769713023964e-46,4.11550943073396e-44,0.5224839400428265,0.1312759097190235
2,NFKBIA,14.25484,1.9045961,4.182589243167549e-46,4.138944833673627e-44,0.7130620985010707,0.40119760479041916
2,FKBP1A,13.943495,1.7007726,3.446414803714939e-44,3.337889401385192e-42,0.7194860813704497,0.4113311837862736
2,CD74,13.850775,1.3212239,1.2584774034656607e-43,1.2102653113892297e-41,0.9379014989293362,0.8240442192538001
2,SLC7A7,13.802388,3.5972228,2.465465053273086e-43,2.354432920804004e-41,0.46466809421841543,0.06678949792722248
2,ALDH2,13.78136,4.3151507,3.299974006026741e-43,3.1294753490486924e-41,0.43897216274089934,0.04099493321050207
2,CTSH,13.764382,2.9936159,4.174340492661752e-43,3.9313650874337163e-41,0.49678800856531047,0.10870566559189314
2,MT-CO1,13.582089,0.5185893,5.114624188921484e-42,4.75138149142257e-40,0.9935760171306209,0.9949332105020727
2,ALDOA,13.5109,1.161925,1.348625903392318e-41,1.2443807659949658e-39,0.8394004282655246,0.6789497927222478
2,CAPG,13.451464,2.4762661,3.0183727662017645e-41,2.72972837716896e-39,0.5374732334047109,0.16720405343159833
2,FPR1,13.379604,4.2804265,7.956949835280431e-41,7.055851100687635e-39,0.4261241970021413,0.04053431598341778
2,LAMTOR4,13.019103,1.5036712,9.528333829992428e-39,8.183580300778402e-37,0.7580299785867237,0.46936895439889453
2,TIMP1,12.888511,1.9488374,5.224272092559566e-38,4.4312210991300274e-36,0.6252676659528907,0.26531552280055276
2,LINC00936,12.670824,2.219561,8.580835080736342e-37,7.016759512726676e-35,0.556745182012848,0.22063565177337632
2,MNDA,12.624246,3.5746026,1.552209808654362e-36,1.261724830177617e-34,0.42398286937901497,0.062183325656379546
2,FOSB,12.610483,1.5154737,1.8485515204404906e-36,1.484930562537373e-34,0.7044967880085653,0.44127130354675265
2,ISG15,12.558012,1.7334714,3.592442673200432e-36,2.8689121137558538e-34,0.683083511777302,0.3975126669737448
2,HLA-DRB5,12.491277,1.9050401,8.330629312050835e-36,6.575900224587642e-34,0.6616702355460385,0.28466144633809304
2,ASGR1,12.294048,5.480721,9.749777054496455e-35,7.608168883211634e-33,0.3747323340471092,0.016582220175034548
2,TCEB2,12.26264,1.4692085,1.4374004331043252e-34,1.1152920633223105e-32,0.7130620985010707,0.4394288346384155
2,C20orf24,12.221654,1.9123138,2.3818934825846368e-34,1.8376913784280113e-32,0.569593147751606,0.2538000921234454
2,LY86,12.2182045,2.530335,2.485118989778098e-34,1.906560950809534e-32,0.4817987152034261,0.1294334408106863
2,SERPINB1,12.217568,1.7527081,2.5046404278525808e-34,1.9108027755728962e-32,0.6145610278372591,0.31183786273606634
2,MYL6,12.194229,0.92095774,3.3364520331502613e-34,2.5312549424833316e-32,0.9400428265524625,0.8337171810225702
2,VAMP8,12.147853,1.3425367,5.88922613903216e-34,4.3947143253892444e-32,0.7066381156316917,0.4656840165822202
2,IGSF6,12.144437,3.836907,6.140383037290748e-34,4.5572321063718725e-32,0.39828693790149894,0.046522339935513586
2,APOBEC3A,12.119859,3.4948256,8.290180386180312e-34,6.119497478577208e-32,0.4132762312633833,0.06356517733763242
2,CNPY3,12.049641,2.0247536,1.9479783908193137e-33,1.4301931669370187e-31,0.5481798715203426,0.22109626900046062
2,CTSD,11.776167,2.1918073,5.1795281889395e-32,3.7623211142637134e-30,0.5032119914346895,0.18608935974205434
2,HLA-DPA1,11.656759,1.6791649,2.119580290274192e-31,1.5314808700520828e-29,0.7580299785867237,0.4366651312759097
2,LY6E,11.609746,1.1493508,3.6770764830447784e-31,2.642850339603131e-29,0.8244111349036403,0.6347305389221557
2,ODF3B,11.48277,3.372945,1.6103735825564876e-30,1.1513749551513818e-28,0.39186295503211993,0.06356517733763242
2,VCAN,11.424505,3.9731379,3.154454288409142e-30,2.243605612631002e-28,0.37044967880085655,0.037770612620912025
2,GLRX,11.3963785,1.6373519,4.358778436034537e-30,3.0841180477972867e-28,0.6188436830835118,0.32381391064025794
2,FGR,11.374445,2.1838634,5.605809359374444e-30,3.9257914159803798e-28,0.48394004282655245,0.15845232611699678
2,ATP6V1F,11.313804,1.6007147,1.1212122285257541e-29,7.811874588136581e-28,0.6059957173447538,0.32289267618608936
2,AGTRAP,11.292172,2.7712061,1.4344695010166567e-29,9.943713454763179e-28,0.41755888650963596,0.09580838323353294
2,HLA-DMA,11.214487,1.9231989,3.461891940377116e-29,2.375658107426628e-27,0.5417558886509636,0.20635651773376323
2,PGLS,11.149626,1.7801671,7.190806736753083e-29,4.885455562044781e-27,0.5460385438972163,0.24504836480884384
2,C10orf54,11.125048,1.5645388,9.475511666633521e-29,6.405821154433037e-27,0.5995717344753747,0.32381391064025794
2,BLVRA,11.109142,2.464067,1.1324196237543926e-28,7.617892799009845e-27,0.44325481798715205,0.13035467526485492
2,ZFP36,11.10787,1.073125,1.1486694064546945e-28,7.689328144384955e-27,0.841541755888651,0.6766467065868264
2,LILRA5,11.046022,3.1919546,2.2914329552142566e-28,1.5264296798246775e-26,0.38329764453961457,0.06310456011054813
2,CPVL,11.034972,3.4340348,2.591303786817579e-28,1.7178079860573234e-26,0.3747323340471092,0.059880239520958084
2,AMICA1,10.742078,1.8746579,6.457446342259986e-27,4.159570153297281e-25,0.5074946466809421,0.21096269000460618
2,H2AFY,10.701226,1.7980986,1.0044051694430437e-26,6.409419156034674e-25,0.5267665952890792,0.24873330262551818
2,SMCO4,10.681335,3.4719484,1.2446773590027173e-26,7.905727448623771e-25,0.35974304068522484,0.050667894979272224
2,STX11,10.652438,2.8665903,1.6985727942460916e-26,1.0640233980836985e-24,0.3875802997858672,0.0787655458314141
2,HLA-DPB1,10.651065,1.5000727,1.7238131474787378e-26,1.0749037599072897e-24,0.7494646680942184,0.46890833717181024
2,PLBD1,10.614734,4.161754,2.5451918385563374e-26,1.5798699885147882e-24,0.3404710920770878,0.03362505757715339
2,GPX4,10.58078,1.1852535,3.6590045708794775e-26,2.2609668063316807e-24,0.7237687366167024,0.5057577153385536
2,ASAH1,10.561425,1.9055716,4.497799621986963e-26,2.754347607078653e-24,0.4925053533190578,0.19345923537540305
2,STXBP2,10.522918,1.953373,6.774296532952459e-26,4.1299014934820884e-24,0.48394004282655245,0.19299861814831876
2,CCL3,10.508586,3.0230885,7.886740442462139e-26,4.7867256658783546e-24,0.3875802997858672,0.08705665591893137
2,TPI1,10.439037,1.2329235,1.6447070411864827e-25,9.89432570680291e-24,0.7044967880085653,0.4661446338093045
2,BST1,10.376085,4.6802278,3.1857325432419014e-25,1.908086123268044e-23,0.3233404710920771,0.020727775218793182
2,FOLR3,10.260226,6.8519983,1.064571524112711e-24,6.348379359512306e-23,0.30620985010706636,0.004606172270842929
2,RBP7,10.196738,5.227429,2.050432631178899e-24,1.2069270694559933e-22,0.31263383297644537,0.014739751266697375
2,APLP2,10.173935,2.3925169,2.5922048040465624e-24,1.5127841369256348e-22,0.4068522483940043,0.11469368954398894
2,LAMTOR1,10.135996,1.4753714,3.8245538612316396e-24,2.2224726608076285e-22,0.563169164882227,0.29709811146936893
2,RHOG,10.106696,1.4225917,5.159467552305506e-24,2.960407096398487e-22,0.6102783725910065,0.34362045140488257
2,ARPC2,10.034469,0.80198133,1.0753635380926063e-23,6.093429243233457e-22,0.892933618843683,0.7825886688162137
2,TGFBI,9.899289,3.2453372,4.1924315259692915e-23,2.336809996679047e-21,0.3404710920770878,0.05711653615845232
2,CLIC1,9.802216,0.98659486,1.1014243357861723e-22,6.0405826222875375e-21,0.8029978586723768,0.6112390603408567
2,SERP1,9.797796,1.083476,1.1506911119508077e-22,6.285535129920092e-21,0.734475374732334,0.5145094426531552
2,KLF4,9.783196,2.9439714,1.3294442849911526e-22,7.233024364876167e-21,0.3511777301927195,0.07093505297098111
2,PLAUR,9.71991,2.9185815,2.480022173644763e-22,1.3386238262171098e-20,0.3490364025695932,0.0713956701980654
2,CLTA,9.649992,1.5921942,4.915942605750652e-22,2.6429965442571222e-20,0.5117773019271948,0.24504836480884384
2,MSRB1,9.496161,3.0393026,2.1777013301054103e-21,1.166223112310568e-19,0.3340471092077088,0.05941962229387379
2,GLIPR2,9.446536,1.8332742,3.502281344369376e-21,1.8682482046370389e-19,0.4475374732334047,0.1764163979732842
2,COX6B1,9.438667,1.0208037,3.775505139625978e-21,2.006159462518769e-19,0.734475374732334,0.5416858590511285
2,RAB32,9.429793,3.6952503,4.108960347775235e-21,2.174882267799171e-19,0.31049250535331907,0.037770612620912025
2,GSTO1,9.408062,1.5493745,5.053691630704679e-21,2.6646028150155637e-19,0.49464668094218417,0.24873330262551818
2,S100A12,9.399221,6.2957973,5.496809968434089e-21,2.887093728035997e-19,0.2826552462526767,0.006909258406264394
2,CD63,9.349832,1.4195151,8.778773771511068e-21,4.575684527624242e-19,0.550321199143469,0.3007830492860433
2,CARD16,9.325219,1.562582,1.1075403283333805e-20,5.729004062015396e-19,0.4989293361884368,0.2409028097650852
2,HCK,9.319594,2.293756,1.1678625694573832e-20,5.995613251319558e-19,0.3747323340471092,0.10179640718562874
2,CTSZ,9.285338,2.9113226,1.6119363220148333e-20,8.244420379563506e-19,0.33190578158458245,0.0654076462459696
2,ANXA5,9.2584505,1.4992433,2.0742103540082345e-20,1.0569185296394197e-18,0.5160599571734475,0.2630124366651313
2,SLC25A5,9.24077,1.1183478,2.4472976293961344e-20,1.233221270370244e-18,0.6809421841541756,0.4725932749884846
2,FGL2,9.239799,2.6863618,2.4696097282682426e-20,1.2398893547511443e-18,0.34475374732334046,0.07922616305849839
2,IFNGR2,9.213279,2.3015032,3.163126081589898e-20,1.5822582333403532e-18,0.3747323340471092,0.11054813450023031
2,C4orf48,9.163955,2.2895215,5.002935049435946e-20,2.4934336144196085e-18,0.37044967880085655,0.11377245508982035
2,SCO2,9.146677,2.518503,5.871195032766623e-20,2.915528704271309e-18,0.3511777301927195,0.08659603869184708
2,EIF4EBP1,9.097185,2.6615136,9.270291495439535e-20,4.5867790094826916e-18,0.33832976445396146,0.07738369415016122
2,BRK1,9.055631,0.9944826,1.3578115111301743e-19,6.645976342650058e-18,0.715203426124197,0.5181943804698296
2,C19orf38,8.995826,3.0544934,2.3446265056145084e-19,1.1435078414525617e-17,0.3169164882226981,0.05849838783970521
2,PGD,8.936189,2.7575004,4.02823462913574e-19,1.93695676392527e-17,0.32762312633832974,0.07277752187931828
2,BST2,8.813332,1.1479793,1.2148043698363839e-18,5.780267761144828e-17,0.6295503211991434,0.410409949332105
2,CD33,8.764042,3.9496849,1.88372413650042e-18,8.901085400709252e-17,0.2826552462526767,0.02855826807922616
2,NCF1,8.735345,2.0989966,2.4291419273987847e-18,1.1399437168576566e-16,0.3747323340471092,0.12068171349608475
2,PILRA,8.665528,2.5115473,4.494247255042734e-18,2.087531990301482e-16,0.32762312633832974,0.07277752187931828
2,IL8,8.663051,3.9695923,4.593059194556901e-18,2.1261971647752217e-16,0.2826552462526767,0.03132197144173192
2,H3F3A,8.62404,1.2218907,6.463253022439148e-18,2.9818305160280067e-16,0.569593147751606,0.345923537540304
2,PFN1,8.579538,0.49656075,9.525478607600592e-18,4.3650985189729424e-16,0.961456102783726,0.9419622293873791
2,FAM26F,8.568756,1.6307046,1.0460894791225039e-17,4.777725059162847e-16,0.43897216274089934,0.18424689083371718
2,MPEG1,8.537079,2.8139307,1.3765744898981198e-17,6.245349247192267e-16,0.31049250535331907,0.0654076462459696
2,GNAI2,8.512166,1.6819801,1.707139061334665e-17,7.719434113108008e-16,0.4197002141327623,0.1893136803316444
2,NDUFA11,8.450085,1.1582308,2.910920438892534e-17,1.3119316671127538e-15,0.5845824411134903,0.3767848917549516
2,LGALS9,8.432237,1.936933,3.391195688621408e-17,1.5233608001254589e-15,0.3747323340471092,0.1321971441731921
2,NOP10,8.395169,1.4468259,4.65225316715122e-17,2.0694191938311745e-15,0.48394004282655245,0.2551819438046983
2,BID,8.377589,1.7081641,5.402286456953133e-17,2.3952475277971423e-15,0.41113490364025695,0.1625978811607554
2,GCA,8.341593,2.3736274,7.329663509722095e-17,3.2392843006072794e-15,0.32762312633832974,0.08843850760018425
2,ATP5D,8.31159,0.9246888,9.442833215618792e-17,4.159720335241621e-15,0.683083511777302,0.5145094426531552
2,WDR83OS,8.242242,1.2326674,1.6901324923136846e-16,7.373945468062516e-15,0.5203426124197003,0.3090741593735606
2,RHOA,8.195463,0.87739533,2.496299211447525e-16,1.0856516570550126e-14,0.6937901498929336,0.5403040073698756
2,SUPT4H1,8.186958,1.413347,2.679116180123198e-16,1.1614606525638855e-14,0.47109207708779444,0.24965453707968677
2,CSTB,8.157257,1.1852919,3.427196489795197e-16,1.4763973269603538e-14,0.5481798715203426,0.3325656379548595
2,SAT2,8.135625,1.9710073,4.0981777778270643e-16,1.754379803573868e-14,0.3618843683083512,0.13035467526485492
2,H3F3B,8.124676,0.5270314,4.485605879900828e-16,1.9023426675753327e-14,0.9892933618843683,0.9557807461999078
2,EMP3,8.123369,0.742956,4.534156756501254e-16,1.916979711045855e-14,0.8244111349036403,0.7148779364348227
2,HIGD2A,8.119418,0.9802367,4.684230095989097e-16,1.974316240457627e-14,0.6423982869379015,0.46338093044679873
2,NDUFS7,8.080475,1.3783532,6.451490888116541e-16,2.6942372956611462e-14,0.47751605995717344,0.2533394748963611
2,TMEM176B,8.053018,3.968732,8.077748352464776e-16,3.363101570160335e-14,0.25910064239828695,0.023952095808383235
2,ITGB2,7.978814,1.005305,1.47745841670506e-15,6.132575118092492e-14,0.6402569593147751,0.43482266236757255
2,TBXAS1,7.9524946,2.4301202,1.82792508454695e-15,7.541433521019079e-14,0.30620985010706636,0.07508060801473976
2,MAFB,7.9459653,2.9655716,1.9268453243839866e-15,7.92560233427341e-14,0.284796573875803,0.058037770612620915
2,SLC11A1,7.918641,2.991859,2.401199882171766e-15,9.817600476328634e-14,0.278372591006424,0.04974666052510364
2,RNASE6,7.881406,2.5975137,3.2371819007860245e-15,1.3078981076075134e-13,0.29336188436830835,0.060340856748042376
2,IL1B,7.8792963,3.4161417,3.292301909764245e-15,1.3262440967475083e-13,0.2676659528907923,0.03869184707508061
2,BNIP3L,7.8635917,1.9008342,3.732729884726323e-15,1.4992399795830195e-13,0.3533190578158458,0.12713035467526485
2,ARRB2,7.8310776,1.4806693,4.837061743658967e-15,1.9370942865515205e-13,0.43897216274089934,0.21879318286503915
2,JUND,7.8277626,2.11432,4.9662888010101205e-15,1.9830304054559708e-13,0.3340471092077088,0.11515430677107324
2,SLC25A6,7.813297,0.52645254,5.571114356083885e-15,2.218050660253106e-13,0.8736616702355461,0.8240442192538001
2,EFHD2,7.810149,1.6807888,5.7120274131573246e-15,2.2675420451766402e-13,0.37901498929336186,0.15384615384615385
2,DYNLT1,7.8089437,1.7245053,5.766918238859575e-15,2.2826966802859814e-13,0.37687366167023556,0.15246430216490098
2,PKM,7.806198,1.0387254,5.893893023897104e-15,2.326213963420198e-13,0.588865096359743,0.39014279134039614
2,MT2A,7.699079,1.2603612,1.3705043469382292e-14,5.301871773877749e-13,0.48822269807280516,0.2805158912943344
2,SOD2,7.569391,1.6744252,3.749782120542695e-14,1.4424513982572126e-12,0.37687366167023556,0.16536158452326116
2,C5AR1,7.540359,2.7778537,4.686784806943421e-14,1.7877858470284734e-12,0.2762312633832976,0.06080147397512667
2,FCGR2A,7.5375466,3.1151042,4.7889588256078143e-14,1.8216719142757748e-12,0.2633832976445396,0.04698295716259788
2,UQCR11-1,7.456479,0.81820685,8.886532377357324e-14,3.361620114825253e-12,0.6895074946466809,0.5421464762782128
2,COX4I1,7.44496,0.46607617,9.697380199855723e-14,3.65821613285165e-12,0.9357601713062098,0.897742975587287
2,COX8A,7.4118094,1.0519724,1.2458747882413787e-13,4.686960360392361e-12,0.5417558886509636,0.353754030400737
2,TNFAIP2,7.388102,3.7604554,1.4893928992553164e-13,5.572369707460438e-12,0.24197002141327623,0.027637033625057577
2,FCGR1A,7.371226,5.795159,1.6906641199531164e-13,6.308117273792283e-12,0.22269807280513917,0.006448641179180101
2,LAMTOR2,7.3129277,1.4782388,2.6138319496139083e-13,9.726018829408047e-12,0.3897216274089936,0.1883924458774758
2,VSTM1,7.3022795,3.9527895,2.829324138028569e-13,1.0470799574232558e-11,0.23554603854389722,0.023030861354214647
2,UBA52,7.2750225,0.32650045,3.463621346446443e-13,1.2783571110019629e-11,0.9892933618843683,0.9728235836020267
2,YBX1,7.257309,0.5308395,3.948667713054797e-13,1.4534503042985527e-11,0.860813704496788,0.8083832335329342
2,QPCT,7.216223,4.929426,5.345147260291819e-13,1.9621863168426098e-11,0.22269807280513917,0.011515430677107323
2,CD36,7.1999154,4.10995,6.024989554279289e-13,2.205824593920589e-11,0.2291220556745182,0.018424689083371717
2,CPPED1,7.185651,2.4644427,6.688780488573332e-13,2.4422991003197172e-11,0.2740899357601713,0.06678949792722248
2,TIMM13,7.138035,1.5133215,9.46746152506609e-13,3.447670788968068e-11,0.3747323340471092,0.17319207738369416
2,ATP5E,7.130769,0.6296156,9.98100027324132e-13,3.625014354558071e-11,0.8458244111349036,0.7323813910640258
2,ATP6V0D1,7.1126194,1.7144859,1.138607696332209e-12,4.113446217225568e-11,0.33832976445396146,0.1377245508982036
2,CYBB,7.102775,2.3950217,1.2227640602060313e-12,4.394227896361464e-11,0.2762312633832976,0.0713956701980654
2,POLR2L,7.0835543,1.071082,1.4050310576882081e-12,5.0359853343281286e-11,0.5117773019271948,0.3256563795485951
2,MIR24-2,7.0137043,2.3582504,2.3208945718135024e-12,8.275231402789867e-11,0.2762312633832976,0.07508060801473976
2,RHOB,6.970408,2.1553946,3.160229385202355e-12,1.1180334840498279e-10,0.291220556745182,0.09488714877936434
2,EIF1,6.9306946,0.30759427,4.187790546855851e-12,1.4777381836657234e-10,0.9914346895074947,0.9820359281437125
2,RP11-290F20.3,6.9010267,2.037347,5.1627990244921555e-12,1.8124211691122076e-10,0.284796573875803,0.07922616305849839
2,TNFSF10,6.8562236,1.4299405,7.0704663174687844e-12,2.469419131236668e-10,0.37901498929336186,0.18148318747121142
2,CASP1,6.7394943,1.2104337,1.589388142297937e-11,5.522820476137564e-10,0.4282655246252677,0.23813910640257946
2,RNH1,6.710396,1.1054144,1.940973454309303e-11,6.727394287321788e-10,0.4582441113490364,0.2754491017964072
2,DUSP1,6.6984415,0.5740657,2.106540352007482e-11,7.264372486619741e-10,0.9421841541755889,0.8802395209580839
2,SAMHD1,6.685181,1.3347912,2.3063883518100432e-11,7.933511166830719e-10,0.39186295503211993,0.21096269000460618
2,SCPEP1,6.6766424,1.8776395,2.444781112645718e-11,8.346482718572482e-10,0.29764453961456105,0.10225702441271303
2,PSMB3,6.6298637,0.947144,3.359966372511656e-11,1.1413855916173924e-09,0.5182012847965739,0.3532934131736527
2,EIF3K,6.6092706,0.53336644,3.8621853761573605e-11,1.3054951360595276e-09,0.8008565310492506,0.72961768770152
2,SDCBP,6.5859313,1.2710835,4.520428234742146e-11,1.5242214314478702e-09,0.39828693790149894,0.21096269000460618
2,LRRC25,6.584391,2.2278035,4.567537239854123e-11,1.5363125257992093e-09,0.26124197002141325,0.06909258406264394
2,C11orf31,6.5236826,0.85827243,6.860191407207448e-11,2.2849457038249976e-09,0.576017130620985,0.41870105941962227
2,TMEM205,6.5126657,2.053124,7.382868204935204e-11,2.4470982574416297e-09,0.2698072805139186,0.07922616305849839
2,MCL1,6.456143,0.91407895,1.0740529655046093e-10,3.5257854079160927e-09,0.5374732334047109,0.3818516812528789
2,CARS2,6.4446573,2.6386783,1.1586188003326024e-10,3.794268186412954e-09,0.23768736616702354,0.04974666052510364
2,COX5B,6.4353485,0.7900824,1.2319037790699746e-10,4.024611963392242e-09,0.6167023554603854,0.47950253339474896
2,GMFG,6.4262404,0.57543623,1.3079841153200927e-10,4.2629668445850086e-09,0.7815845824411135,0.6821741133118379
2,COMT,6.364628,1.6610395,1.9576389729964992e-10,6.3199805709787695e-09,0.30620985010706636,0.12436665131275909
2,POLE4,6.3641925,1.4699279,1.96319842029918e-10,6.322980572548491e-09,0.3361884368308351,0.15983417779824965
2,ID1,6.338409,3.3421748,2.3215006732068253e-10,7.441881031293992e-09,0.21413276231263384,0.029018885306310457
2,DUSP6,6.29682,2.352771,3.0381314982847974e-10,9.671031174959719e-09,0.24411134903640258,0.06080147397512667
2,C20orf27,6.291061,1.8914624,3.153037110075033e-10,1.0013459250042942e-08,0.278372591006424,0.09672961768770152
2,CLEC7A,6.262029,2.99885,3.799997677101545e-10,1.2012214879282106e-08,0.21841541755888652,0.036849378166743434
2,HSBP1,6.2612257,1.5692518,3.819635811161269e-10,1.2046407999357574e-08,0.31263383297644537,0.1298940580377706
2,SEC11A,6.1928825,1.000269,5.907383954056046e-10,1.8545111557836633e-08,0.4668094218415418,0.3007830492860433
2,TMEM219,6.176374,1.1569431,6.55904604059949e-10,2.053578501136823e-08,0.4132762312633833,0.24596959926301243
2,HMGB2,6.169744,0.99758416,6.840062398295215e-10,2.1326002765095767e-08,0.4603854389721627,0.2938737908797789
2,PRAM1,6.1643863,3.0116313,7.075696078851313e-10,2.201041131043133e-08,0.21627408993576017,0.037770612620912025
2,CECR1,6.1145606,2.0380912,9.68234431068695e-10,2.998233421921564e-08,0.25481798715203424,0.07646245969599264
2,NDUFA13,6.0999274,0.8014931,1.0611661091643739e-09,3.271170290462458e-08,0.5845824411134903,0.43482266236757255
2,UQCRFS1,6.08064,1.0492704,1.1970378122907816e-09,3.67342659879616e-08,0.4282655246252677,0.25794564716720403
2,UBE2L6,6.070059,0.98671263,1.2786351750400638e-09,3.9150318274320876e-08,0.4796573875802998,0.31736526946107785
2,GLIPR1,6.05864,1.2951199,1.3727703376958879e-09,4.193859447779652e-08,0.3511777301927195,0.1768770152003685
2,PRDX5,6.057937,0.941467,1.3787832820809379e-09,4.202826897343145e-08,0.4860813704496788,0.3261169967756794
2,PSMA7,5.9595575,0.6680147,2.529216957216118e-09,7.557765157055428e-08,0.6616702355460385,0.5421464762782128
2,OAZ2,5.8747063,1.49472,4.235939987572982e-09,1.254793849681055e-07,0.30620985010706636,0.1321971441731921
2,CD302,5.872496,2.9497232,4.292816831271516e-09,1.268889754282334e-07,0.20556745182012848,0.035006909258406264
2,G0S2,5.830539,3.0075982,5.524854979683351e-09,1.62953390070315e-07,0.20770877944325483,0.0391524643021649
2,CASP4,5.8013067,0.96394926,6.580013373808932e-09,1.9324013469405328e-07,0.44539614561027835,0.28926761860893596
2,GLUL,5.794275,1.8711834,6.8617036403224975e-09,2.0108031097048076e-07,0.2569593147751606,0.09304467987102717
2,REEP5,5.790692,1.0672114,7.009707263566929e-09,2.04977649660107e-07,0.4004282655246253,0.23307231690465224
2,OSCAR,5.782789,3.4080698,7.347203679905164e-09,2.1438763558287376e-07,0.19271948608137046,0.02487333026255182
2,BLOC1S1,5.7576756,0.93927634,8.52800983351504e-09,2.477840474180455e-07,0.4518201284796574,0.2823583602026716
2,SNX3,5.7477975,0.714068,9.041350510649537e-09,2.621415765890235e-07,0.5802997858672377,0.44219253800092123
2,KLF6,5.7302847,0.64881045,1.0026226637052925e-08,2.9008082829575156e-07,0.7623126338329764,0.6259788116075541
2,NINJ1,5.716857,1.4999806,1.0851232508636175e-08,3.1328632375884906e-07,0.29336188436830835,0.12574850299401197
2,CSTA,5.7020564,4.121215,1.183705040385074e-08,3.4102692049575047e-07,0.18201284796573874,0.01566098572086596
2,NDUFB11,5.6919775,0.8016006,1.255763555480324e-08,3.6102541291872225e-07,0.5289079229122056,0.3809304467987103
2,CREG1,5.6886625,2.73317,1.2803821001759272e-08,3.66559705660429e-07,0.20556745182012848,0.04007369875633349
2,PTPRE,5.676541,2.3255048,1.374457027925763e-08,3.9266914588607153e-07,0.22269807280513917,0.05941962229387379
2,RPS9,5.672188,0.2551165,1.4098527349277941e-08,4.019404790850513e-07,0.9892933618843683,0.988945186549977
2,RILPL2,5.6619415,1.353463,1.4966997024365574e-08,4.2581106534320057e-07,0.32119914346895073,0.1630584983878397
2,YBX3,5.655713,1.9195328,1.5520051194241336e-08,4.406274825541781e-07,0.24197002141327623,0.07461999078765545
2,THEMIS2,5.645065,1.864666,1.6511901015016634e-08,4.6684579764196095e-07,0.2505353319057816,0.08797789037309996
2,MTMR11,5.6398077,3.5650427,1.7024021501785277e-08,4.788193148708747e-07,0.18629550321199143,0.022109626900046062
2,SLC31A2,5.6396403,2.2414086,1.7040581943998618e-08,4.788193148708747e-07,0.22269807280513917,0.059880239520958084
2,ZYX,5.6396403,1.517063,1.7040581943998618e-08,4.788193148708747e-07,0.284796573875803,0.12160294795025334
2,GRINA,5.634082,2.0618217,1.7599357924821752e-08,4.924935078306677e-07,0.23554603854389722,0.07323813910640257
2,CD300E,5.6331105,2.995225,1.7698784177924273e-08,4.942629790055908e-07,0.19700214132762311,0.033164440350069095
2,NAGK,5.62561,1.8158791,1.8485361780314457e-08,5.151757152489271e-07,0.25481798715203424,0.09626900046061723
2,ATOX1,5.602103,1.8180907,2.117662138496955e-08,5.889774778679108e-07,0.2505353319057816,0.08889912482726854
2,NDUFB1,5.583017,1.3498706,2.3638189265261527e-08,6.561038874114054e-07,0.31049250535331907,0.1506218332565638
2,FOS,5.577291,0.51260614,2.442932409322338e-08,6.766873221441348e-07,0.9721627408993576,0.9083371718102257
2,SERPINB6,5.5594435,1.2693201,2.7063658718893403e-08,7.451236360185651e-07,0.3233404710920771,0.16628281897742975
2,HSD17B11,5.5490627,1.056973,2.8720494517264132e-08,7.89149040498509e-07,0.39186295503211993,0.24274527867342238
2,ZNHIT1,5.5340614,1.0282716,3.128992160672669e-08,8.545903389229194e-07,0.4004282655246253,0.2482726853984339
2,HLA-DMB,5.52415,1.2357816,3.310847703812226e-08,9.024538172307337e-07,0.31905781584582443,0.1515430677107324
2,ARF5,5.4899282,0.934814,4.020975786068188e-08,1.093833572401338e-06,0.42398286937901497,0.27130354675264856
2,GPBAR1,5.488321,2.797459,4.057727978539872e-08,1.1016368444322166e-06,0.19700214132762311,0.037309995393827726
2,CD4,5.4671583,1.8230308,4.5730814287165115e-08,1.2366336631792612e-06,0.2462526766595289,0.08935974205435283
2,WARS,5.396203,1.6032084,6.806592910675306e-08,1.833349759135739e-06,0.2633832976445396,0.10870566559189314
2,SPG21,5.3758106,1.3268472,7.623892700558158e-08,2.0454200141222437e-06,0.30406852248394006,0.1487793643482266
2,VAMP5,5.36687,1.1596018,8.011475773291113e-08,2.145190454118891e-06,0.3468950749464668,0.19898664210041456
2,HNMT,5.3503284,3.608791,8.779480529719034e-08,2.3462345619147384e-06,0.17558886509635974,0.019345923537540305
2,NDUFS6,5.328864,1.0756643,9.882878745429172e-08,2.625692454233089e-06,0.3554603854389722,0.20405343159834177
2,CD97,5.262932,1.0837623,1.417760165133755e-07,3.730430214849047e-06,0.3490364025695932,0.19898664210041456
2,RAB31,5.2581434,3.403292,1.4551684746309575e-07,3.821496286453914e-06,0.1777301927194861,0.025333947489636112
2,MRPL23,5.2481985,0.9488897,1.5359372427139028e-07,4.025865448464694e-06,0.4089935760171306,0.2643942883463842
2,GRB2,5.2472944,1.2407295,1.5434911731801556e-07,4.037914839262108e-06,0.3083511777301927,0.15799170888991249
2,MS4A7,5.235206,1.5192307,1.6480069756693377e-07,4.303094313525904e-06,0.24839400428265523,0.08982035928143713
2,RNF7,5.233465,1.0036919,1.6636146685139235e-07,4.335557617027889e-06,0.3747323340471092,0.22478120681713495
2,SULT1A1,5.2308197,2.856253,1.6876001897485056e-07,4.389689179277255e-06,0.18629550321199143,0.03454629203132197
2,MARCO,5.224056,4.260116,1.7504606358477737e-07,4.5445419093416725e-06,0.16488222698072805,0.011976047904191617
2,ATG3,5.2187653,1.1211863,1.801200620148265e-07,4.667399557636567e-06,0.33190578158458245,0.18701059419622293
2,GNB2,5.204902,0.95367396,1.9409879763060616e-07,5.010610927114476e-06,0.3854389721627409,0.2413634269921695
2,NAPRT1,5.1462026,1.6779027,2.658122085551565e-07,6.836029227926963e-06,0.2462526766595289,0.09949332105020728
2,ID2,5.1433563,0.76247233,2.6987287935898626e-07,6.927413610011872e-06,0.5032119914346895,0.36250575771533855
2,CLEC4E,5.1278195,7.3000636,2.9311752982147775e-07,7.495904470490824e-06,0.15203426124197003,0.0009212344541685859
2,UBL5,5.1132197,0.68779296,3.1671342272318345e-07,8.08418411347251e-06,0.5546038543897216,0.42238599723629666
2,RASSF4,5.10736,3.3084984,3.2669117187058145e-07,8.323310901240038e-06,0.17130620985010706,0.02164900967296177
2,SF3B5,5.0941334,0.77542055,3.5034032022598897e-07,8.892653184026217e-06,0.4989293361884368,0.3707968678028558
2,UQCRC1,5.092258,1.230832,3.5382404160971535e-07,8.964417647907743e-06,0.30406852248394006,0.15799170888991249
2,PPP4C,5.0635614,0.8970244,4.114960305963555e-07,1.0387042132761241e-05,0.4089935760171306,0.26669737448180564
2,CD1D,5.036706,3.0224652,4.7361095259391354e-07,1.1932898835096833e-05,0.17558886509635974,0.029018885306310457
2,RETN,5.00888,3.8822575,5.474769725090931e-07,1.3743282236367971e-05,0.16274089935760172,0.016582220175034548
2,POU2F2,4.98236,1.3472743,6.281352295376215e-07,1.5681562512917293e-05,0.2762312633832976,0.13496084753569784
2,IER2,4.957413,0.5163805,7.143791446184543e-07,1.7673118838604368e-05,0.7173447537473233,0.6186089359742054
2,GNG5,4.9468656,0.8971111,7.541807134820539e-07,1.8590418453629833e-05,0.4004282655246253,0.27038231229848
2,COPE,4.942211,0.68386894,7.724155295070683e-07,1.9005597244952297e-05,0.5481798715203426,0.41409488714877934
2,PLSCR1,4.9414744,1.4450669,7.75340268574189e-07,1.9043249474189076e-05,0.25910064239828695,0.11561492399815754
2,ATF3,4.937992,2.752279,7.89311326911452e-07,1.9351589731243787e-05,0.1777301927194861,0.03408567480423768
2,UBE2D1,4.927076,1.7574521,8.346942180225767e-07,2.0391027265324342e-05,0.22483940042826553,0.08152924919391985
2,TNFRSF1B,4.9189725,1.4527459,8.699978347301871e-07,2.1215518626920417e-05,0.2569593147751606,0.11837862736066329
2,GNAS,4.9079223,0.8325782,9.204636038894689e-07,2.236628287315763e-05,0.41113490364025695,0.2759097190234915
2,DOK2,4.8863244,0.9727447,1.0273595413696416e-06,2.4919399461711945e-05,0.3533190578158458,0.21741133118378628
2,EPSTI1,4.8806653,1.195588,1.0572857751942486e-06,2.555450362133214e-05,0.2955032119914347,0.15799170888991249
2,NRG1,4.8786225,5.4564767,1.06829223144092e-06,2.5774909386143466e-05,0.14775160599571735,0.004145555043758637
2,DHRS4L2,4.8313417,1.5774999,1.3561610061459588e-06,3.2433861120716664e-05,0.23554603854389722,0.09580838323353294
2,STX10,4.8270555,1.3864094,1.385665271929224e-06,3.308154712144315e-05,0.26124197002141325,0.12206356517733763
2,CHMP4B,4.8024106,1.1504005,1.567669790599278e-06,3.723147593117172e-05,0.29336188436830835,0.1515430677107324
2,MYADM,4.7876434,1.2094605,1.6875112728141341e-06,4.0008079759635095e-05,0.29764453961456105,0.16720405343159833
2,MIDN,4.7824197,1.6569993,1.7319754564379478e-06,4.099108636588668e-05,0.22269807280513917,0.08245048364808844
2,VASP,4.7791047,0.8523422,1.7607748078401124e-06,4.160058957762037e-05,0.39400428265524623,0.24965453707968677
2,HEBP1,4.77147,2.3815248,1.8288614092288732e-06,4.3134596553418816e-05,0.18201284796573874,0.04329801934592354
2,LILRB2,4.76561,1.775703,1.8828296801149888e-06,4.4254599159466934e-05,0.21413276231263384,0.07554122524182405
2,FES,4.7424717,3.2201905,2.1112609059570278e-06,4.9453480157374224e-05,0.16059957173447537,0.022109626900046062
2,TREX1,4.7121677,1.4842027,2.4509537141786006e-06,5.70191208191192e-05,0.23554603854389722,0.0981114693689544
2,NR4A1,4.6888285,1.6381903,2.747733060220689e-06,6.35983774074131e-05,0.22055674518201285,0.08337171810225702
2,MGST1,4.6711483,5.6894255,2.9952028824725125e-06,6.920895188332424e-05,0.14132762312633834,0.004145555043758637
2,PPT1,4.6529326,1.1097441,3.2724728542056465e-06,7.548798867741944e-05,0.30620985010706636,0.1685859051128512
2,CDKN1A,4.627417,2.24002,3.702547792341753e-06,8.45518271776237e-05,0.18201284796573874,0.04698295716259788
2,RNF181,4.6044793,0.9845392,4.134987034222795e-06,9.364408447652816e-05,0.32548179871520344,0.19484108705665593
2,CRTAP,4.598586,2.0378606,4.253678543167407e-06,9.617257315479157e-05,0.18843683083511778,0.05435283279594657
2,COX5A,4.591521,0.7552626,4.400278668044017e-06,9.899539619573163e-05,0.4625267665952891,0.3321050207277752
2,DYNLL1,4.5715303,0.7298851,4.841757046549976e-06,0.00010856984273840144,0.44325481798715205,0.31782588668816214
2,CAPNS1,4.5581694,1.4056528,5.160138049136639e-06,0.00011533035220787225,0.23768736616702354,0.10640257945647168
2,CLEC12A,4.5469184,3.645854,5.443706472720369e-06,0.00012146937188148588,0.14775160599571735,0.01427913403961308
2,IFI27L2,4.5450096,1.1853161,5.4932685441555e-06,0.00012237532665413948,0.2740899357601713,0.14002763703362506
2,EIF4E2,4.5389156,1.2969455,5.654427508684504e-06,0.00012576036165895047,0.25910064239828695,0.13403961308152926
2,ATP5I,4.536136,0.8533099,5.729416622719012e-06,0.00012722099739813142,0.38329764453961457,0.2690004606172271
2,ARL6IP4,4.535098,0.56073445,5.757668018867696e-06,0.00012764077023645658,0.5931477516059958,0.4818056195301704
2,LYL1,4.531281,1.5009005,5.862711374051775e-06,0.00012975881122212485,0.22483940042826553,0.09350529709811146
2,PARVG,4.517686,1.238724,6.251911884776123e-06,0.00013814904320146075,0.26124197002141325,0.1294334408106863
2,LAP3,4.5106874,1.2664212,6.461784249577324e-06,0.00014255593814576403,0.25910064239828695,0.13311837862736067
2,NUDT16,4.507339,2.1532862,6.564569879905571e-06,0.00014458994561288786,0.1841541755888651,0.05481345002303086
2,NDUFB10,4.499001,0.75827426,6.8273466556767024e-06,0.00014965368528077215,0.4282655246252677,0.31137724550898205
2,C9orf89,4.4831963,1.4841583,7.353325718537705e-06,0.00016066722561976142,0.22055674518201285,0.08751727314601566
2,ARHGEF40,4.47814,2.7324302,7.52962335164709e-06,0.0001636492267551908,0.16274089935760172,0.0327038231229848
2,ZNF467,4.477671,3.9117415,7.546172012132079e-06,0.0001636492267551908,0.14346895074946467,0.011976047904191617
2,CATSPER1,4.4775705,3.821562,7.549722675437186e-06,0.0001636492267551908,0.14346895074946467,0.011515430677107323
2,SCIMP,4.45681,1.9595184,8.318831154299363e-06,0.00017946596878848673,0.18843683083511778,0.05849838783970521
2,UQCR10,4.4521556,0.7134769,8.501258087814179e-06,0.00018311227199872308,0.44325481798715205,0.32888070013818516
2,SH3BGRL,4.4481707,0.5921064,8.660468539046986e-06,0.00018624780845547345,0.5310492505353319,0.42422846614463383
2,LSMD1,4.4383597,1.1244951,9.064709832534421e-06,0.00019432916400799065,0.2826552462526767,0.15338553661906956
2,SYK,4.420947,1.9663635,9.82691523975524e-06,0.00021000994446650635,0.18629550321199143,0.058037770612620915
2,SLC43A2,4.392418,3.2882724,1.1209696420744543e-05,0.00023807093984710338,0.14775160599571735,0.019345923537540305
2,RAB24,4.3433623,1.7387965,1.4031855564642034e-05,0.00029570836356597474,0.19914346895074947,0.07369875633348687
2,IFI35,4.3416877,1.1042446,1.4139230865570035e-05,0.0002975120750388666,0.2826552462526767,0.15983417779824965
2,FUOM,4.306562,2.09662,1.658115346298124e-05,0.0003462266539609661,0.1734475374732334,0.04698295716259788
2,CD37,4.2470255,0.33196718,2.1662753285566374e-05,0.00044754396197835766,0.828693790149893,0.7572547213265776
2,AHNAK,4.2455854,0.80491495,2.180234387978124e-05,0.000449747444142436,0.37259100642398285,0.2538000921234454
2,TGFB1,4.22526,1.0071207,2.3866516061353618e-05,0.0004908450953822966,0.29764453961456105,0.17918010133578996
2,LRRFIP1,4.2166877,0.66537213,2.4791693687490405e-05,0.0005091058180396525,0.43897216274089934,0.33993551358820817
2,METTL9,4.2059727,0.85424626,2.599619065489927e-05,0.0005296941516415495,0.34475374732334046,0.23215108245048366
2,ANAPC11,4.2057047,0.8359341,2.6027004668386036e-05,0.0005296941516415495,0.3490364025695932,0.22524182404421925
2,AOAH,4.203294,1.2755867,2.630589833031288e-05,0.0005331449455273428,0.2291220556745182,0.1040994933210502
2,MT-ND3,4.1734586,0.93013835,3.0001053836525833e-05,0.0006033790739198774,0.3083511777301927,0.18424689083371718
2,TXNDC17,4.160165,1.4618136,3.180181428508608e-05,0.000636782369321313,0.20985010706638116,0.08982035928143713
2,PYGL,4.1589594,3.2955854,3.197009082291839e-05,0.0006392145831299759,0.139186295503212,0.017503454629203132
2,CSNK2B,4.1188107,0.6427329,3.80833104062743e-05,0.0007548123177185513,0.4346895074946467,0.32243205895900506
2,CHMP1B,4.111276,0.80810785,3.934778696353739e-05,0.000778744027208792,0.3533190578158458,0.2413634269921695
2,LYST,4.0991883,1.336404,4.14601766135835e-05,0.0008181794390680581,0.22269807280513917,0.10317825886688162
2,SNF8,4.0633254,1.0219481,4.8378471791931663e-05,0.0009478571173466554,0.284796573875803,0.1708889912482727
2,UBXN11,4.054117,1.8100754,5.0323988467643334e-05,0.0009845621583297098,0.1777301927194861,0.05849838783970521
2,MRPL54,4.0370398,0.8554337,5.4129903309623536e-05,0.0010559970851374558,0.32119914346895073,0.20543528327959465
2,RTN3,4.028501,1.3228672,5.613361825060065e-05,0.0010919667960544196,0.22269807280513917,0.10594196222938738
2,COX17,4.022775,0.9734365,5.75164245828728e-05,0.0011125273287587974,0.284796573875803,0.17273146015660987
2,CLTB,4.0216365,0.9645132,5.7795186571412404e-05,0.0011147613952248697,0.2890792291220557,0.1704283740211884
2,PLIN3,4.0107203,2.2435715,6.0533765675944534e-05,0.0011642945127756318,0.15845824411134904,0.041916167664670656
2,FBP1,4.001378,2.1641648,6.297465598842807e-05,0.0012061457253548019,0.15845824411134904,0.041455550437586364
2,OAS1,3.9868789,0.9085727,6.694816266492969e-05,0.0012768772476987147,0.29336188436830835,0.17365269461077845
2,C14orf2,3.979981,1.0763948,6.892077742219815e-05,0.001311762137004972,0.26124197002141325,0.1487793643482266
2,ITGAM,3.9656157,2.7598858,7.32066828088781e-05,0.001384640526922492,0.139186295503212,0.022109626900046062
2,IGFBP7,3.9624681,1.3052377,7.417887440808383e-05,0.0014010881174506124,0.18629550321199143,0.0649470290188853
2,ARPC5,3.9518535,0.45708728,7.754822851627831e-05,0.0014606877360252369,0.5995717344753747,0.5122063565177337
2,MSRB2,3.9277105,2.2379622,8.575830287139631e-05,0.0016064682908254978,0.15417558886509636,0.039613081529249194
2,PID1,3.9014583,4.0225067,9.561495002367668e-05,0.0017789070265985406,0.12419700214132762,0.009672961768770152
2,ATP5J2,3.899717,0.6636758,9.630517684577287e-05,0.0017893108775590126,0.4132762312633833,0.30584983878397054
2,NAAA,3.8958662,1.0005877,9.784838359651034e-05,0.0018155129434700343,0.2698072805139186,0.16167664670658682
2,C19orf59,3.8827066,6.9977007,0.00010330019905192584,0.0019088870341719883,0.11563169164882227,0.0013818516812528789
2,PHPT1,3.8605058,1.0541341,0.00011315251291937905,0.002088122589766271,0.25481798715203424,0.14463380930446798
2,RNASE2,3.854512,6.2168083,0.00011596067536610724,0.002134176526684044,0.11563169164882227,0.0023030861354214646
2,MAPKAPK3,3.8316083,1.2509727,0.00012730837221103708,0.002339869624379438,0.21199143468950749,0.09903270382312299
2,RXRA,3.8263175,2.2952619,0.00013007448818655725,0.0023874962509080992,0.14775160599571735,0.03638876093965914
2,LILRB4,3.8223999,2.51113,0.00013215920828433812,0.002422504897088485,0.14346895074946467,0.0327038231229848
2,CLEC4A,3.8147316,3.4926572,0.00013633099625029292,0.002495624778544236,0.12633832976445397,0.014739751266697375
2,ANXA1,3.8087714,0.48560837,0.00013965905904897736,0.00254971137750379,0.69593147751606,0.5711653615845232
2,CD300LF,3.793234,2.2769043,0.0001486978044998388,0.0027038844450729678,0.14989293361884368,0.04099493321050207
2,FIBP,3.7906222,1.051207,0.00015027030050298698,0.002728844712325519,0.26124197002141325,0.15338553661906956
2,IL17RA,3.788245,2.4237576,0.00015171527398127608,0.002747776898525605,0.14132762312633834,0.030400736987563334
2,NCF4,3.783423,2.085571,0.00015468618408931014,0.002797873549567708,0.15417558886509636,0.04375863657300783
2,SMS,3.7789695,0.98324174,0.00015747871699983045,0.00284461555469535,0.25910064239828695,0.14831874712114232
2,ALOX5,3.7775967,1.6423473,0.00015834909576962683,0.002856559117344814,0.17558886509635974,0.06632888070013819
2,C19orf53,3.74967,0.5215901,0.0001770674564520593,0.0031858144733983157,0.49464668094218417,0.3984339014279134
2,GAS7,3.7469242,3.115819,0.00017901616985862328,0.0032124110585931135,0.1284796573875803,0.018885306310456013
2,RGS19,3.7217433,0.6806214,0.00019785208626532704,0.003531853712469681,0.3576017130620985,0.25149700598802394
2,RNPEP,3.6808245,1.4642452,0.00023248104084675877,0.00412306635558875,0.18201284796573874,0.07369875633348687
2,FLNA,3.6754334,0.79642385,0.00023744604915132373,0.004200762426025491,0.30406852248394006,0.19299861814831876
2,HN1,3.6704776,0.71654135,0.000242097763169143,0.004276956085171819,0.3361884368308351,0.22524182404421925
2,LILRB3,3.6576192,2.7444825,0.00025456886861554033,0.004472553233120495,0.13062098501070663,0.023952095808383235
2,CD86,3.6564472,2.2729628,0.00025573502622250934,0.004477330151403318,0.14346895074946467,0.037770612620912025
2,PARL,3.6535006,1.2292833,0.00025868924934030685,0.004523252738785187,0.21627408993576017,0.11008751727314602
2,RAB34,3.6485782,2.7078688,0.0002636956250649643,0.0046048944448684815,0.13062098501070663,0.023952095808383235
2,NEDD8,3.6298935,0.47745293,0.00028353819732014016,0.004913702566756135,0.5717344753747323,0.48687240902809764
2,LACTB,3.6238997,1.7268231,0.000290194246740359,0.005020219927517356,0.16274089935760172,0.05711653615845232
2,CALM2,3.6202497,0.4291162,0.00029431878270164445,0.005074769313855627,0.5995717344753747,0.528327959465684
2,VMA21,3.6122468,1.5416173,0.00030355545285952874,0.005201196065557998,0.1734475374732334,0.06817134960847536
2,COMMD9,3.6104052,1.2010311,0.0003057191291759621,0.005231704797026239,0.20770877944325483,0.10271764163979732
2,C19orf43,3.6052485,0.3912713,0.00031185449947826325,0.005330018829630992,0.6895074946466809,0.6075541225241824
2,BAG1,3.5988193,0.9202585,0.00031966527019515706,0.005436300037092235,0.2633832976445396,0.15891294334408107
2,NQO2,3.5906823,1.5203,0.00032981339726884985,0.005588004656455849,0.1734475374732334,0.06771073238139107
2,SRA1,3.5851574,1.375316,0.00033687511079339935,0.005693522912122106,0.1905781584582441,0.08659603869184708
2,TSEN34,3.5822105,1.4147924,0.0003406989588562979,0.005751032116367866,0.18201284796573874,0.07738369415016122
2,MYO1F,3.576719,0.7417531,0.000347933801200928,0.005865906159506016,0.3233404710920771,0.21879318286503915
2,SLC16A3,3.5741072,1.8111777,0.0003514249617136932,0.00591745903472527,0.15845824411134904,0.05435283279594657
2,TMEM14C,3.565066,1.0548594,0.00036376437986952454,0.006102661390046962,0.23768736616702354,0.13542146476278213
2,ZNF385A,3.5603783,2.4532437,0.00037032096412607085,0.006205034461479293,0.1349036402569593,0.03178258866881621
2,PSME2,3.5543845,0.3988861,0.00037886500209618996,0.006324914998319768,0.6017130620985011,0.5435283279594657
2,CYC1,3.5448077,0.8149718,0.00039289968475131136,0.006543217188980376,0.2826552462526767,0.17503454629203133
2,UQCRQ,3.5265248,0.63042724,0.00042105181060442763,0.0069766097394052115,0.37687366167023556,0.2754491017964072
2,CSF2RA,3.5262568,3.4071052,0.0004214779609702182,0.0069766097394052115,0.11777301927194861,0.014739751266697375
2,PRDX6,3.5205643,0.62753475,0.000430629427013878,0.007104058797013526,0.37044967880085655,0.2685398433901428
2,SDHB,3.5204973,0.83511287,0.0004307381871651435,0.007104058797013526,0.29764453961456105,0.19898664210041456
2,TNFRSF1A,3.5103514,1.4357951,0.000447514846360908,0.007371848904589336,0.1777301927194861,0.07461999078765545
2,MBOAT7,3.5069695,2.1619425,0.00045324125428853224,0.007448210070474364,0.139186295503212,0.036849378166743434
2,LTA4H,3.5045586,0.9825231,0.0004573651155271593,0.007506944732739047,0.2462526766595289,0.14601566098572086
2,IDH3G,3.4981627,0.881989,0.00046847506350231445,0.007670857874325666,0.2826552462526767,0.1819438046982957
2,FIS1,3.4938433,0.5727673,0.0004761205392526303,0.007786709082675352,0.4132762312633833,0.3146015660985721
2,SMARCD3,3.4792101,4.347628,0.0005028939685538558,0.008165897781892337,0.10920770877944326,0.006909258406264394
2,H2AFJ,3.4732833,1.0178436,0.0005141323143463233,0.008328577561937594,0.23554603854389722,0.13450023030861355
2,SSR3,3.4446535,0.84664905,0.0005717918787337405,0.00920800695281599,0.26552462526766596,0.1630584983878397
2,AGPAT2,3.434474,1.65055,0.0005937050205801679,0.009549629871664043,0.15845824411134904,0.05849838783970521
2,TMEM176A,3.4325988,3.9662704,0.0005978259493880662,0.009604601370404036,0.10920770877944326,0.008291110087517274
2,ETHE1,3.4277434,1.0075256,0.0006086202546404709,0.009766531371762949,0.22269807280513917,0.12252418240442192
2,CBR1,3.4271073,1.2063578,0.0006100480453443448,0.009773718850960735,0.19914346895074947,0.10271764163979732
2,NFE2,3.4160907,3.5986176,0.0006352709796166844,0.01014650350601806,0.11134903640256959,0.011054813450023031
2,NDUFB7,3.4036007,0.62207705,0.0006650390175671658,0.010584816811069016,0.3683083511777302,0.2694610778443114
2,FCGR1B,3.3980756,4.811171,0.0006786166035504427,0.010788344980308319,0.10492505353319058,0.005066789497927222
2,PCBP1,3.3875277,0.4707196,0.0007052557323428492,0.011175549699064261,0.5289079229122056,0.444956241363427
2,RTN4,3.3874607,0.67621154,0.0007054279320879755,0.011175549699064261,0.32762312633832974,0.22432058959005066
2,C15orf39,3.3857195,2.1791253,0.0007099188625742166,0.01122066202235359,0.1349036402569593,0.03638876093965914
2,PLEKHO1,3.3797593,1.5460122,0.0007254935583818412,0.011427151134097374,0.16274089935760172,0.06402579456471671
2,SIRPA,3.372493,5.271407,0.0007449099576452107,0.011719458964980412,0.10278372591006424,0.0036849378166743437
2,TLN1,3.3591323,1.0831549,0.0007818760958548123,0.012225475462026713,0.20770877944325483,0.10962690004606172
2,HOTAIRM1,3.3577929,1.8637326,0.0007856744049550219,0.012247910586833081,0.14346895074946467,0.04514048825426071
2,SHKBP1,3.356219,0.907602,0.0007901593010419907,0.012289766987505042,0.2462526766595289,0.1487793643482266
2,APOBEC3B,3.3539088,2.8755255,0.0007967865736021371,0.012378745675893954,0.11777301927194861,0.019345923537540305
2,CHCHD5,3.3455374,0.9900723,0.0008212329027112628,0.012744041499346595,0.22698072805139186,0.1298940580377706
2,UNC93B1,3.3301678,1.4856926,0.0008679369929038573,0.013453515976271367,0.16488222698072805,0.06817134960847536
2,CKLF,3.3262498,0.75531495,0.0008802296850203537,0.013628590225213094,0.29336188436830835,0.19944725932749885
2,ENTPD1,3.3209927,2.4979327,0.000896978700455576,0.013872187014067209,0.12419700214132762,0.027176416397973285
2,PDXK,3.317778,1.9171089,0.0009073651713024134,0.01400110596531724,0.14346895074946467,0.04790419161676647
2,TREM1,3.3150659,3.55084,0.0009162153371244946,0.014121711787553158,0.10920770877944326,0.011976047904191617
2,SNX10,3.3127553,1.3645209,0.0009238173903394288,0.014190832713695433,0.17558886509635974,0.07968678028558268
2,ATP5L,3.3119183,0.30402243,0.0009265861514473761,0.014217371330522885,0.7430406852248393,0.6900046061722709
2,SGK1,3.304585,2.589703,0.0009511712632518091,0.014529300638665218,0.12205567451820129,0.025794564716720404
2,JOSD2,3.30204,1.4273001,0.0009598433592852492,0.0146453864965356,0.1734475374732334,0.0787655458314141
2,ATP5EP2,3.2964146,0.6376636,0.0009792737396029066,0.01490854201562686,0.3576017130620985,0.26623675725472135
2,SQSTM1,3.2957115,0.6978903,0.000981727982606665,0.014929262060664385,0.291220556745182,0.1893136803316444
2,PSMB7,3.2810113,0.6062686,0.00103435548072897,0.015712078359104355,0.3961456102783726,0.2980193459235375
2,CSF1R,3.2758882,1.63852,0.001053302439261638,0.01598210901172992,0.14989293361884368,0.05481345002303086
2,CAST,3.2743478,0.8814446,0.0010590613865830074,0.01605165626545788,0.24411134903640258,0.14693689543988944
2,MOB3A,3.2506404,1.2931501,0.0011514540322900755,0.01733655597018001,0.17558886509635974,0.08060801473975127
2,NDUFA2,3.2473588,0.6463067,0.0011648142837198843,0.017518396319910506,0.3297644539614561,0.2422846614463381
2,HMOX1,3.2405612,1.5903457,0.0011929459887002347,0.01788240441458881,0.14775160599571735,0.0525103638876094
2,JTB,3.2387197,0.4771183,0.0012006752298287474,0.01797853173085677,0.49464668094218417,0.41317365269461076
2,MRPL20,3.2282052,0.6399483,0.0012456952895024726,0.018530735156259002,0.33190578158458245,0.23767848917549517
2,IQGAP1,3.2075784,1.1903193,0.0013385754594758652,0.019869115733263495,0.18843683083511778,0.09488714877936434
2,SRSF9,3.2034934,0.59076494,0.0013577121774992931,0.02013128935497323,0.3811563169164882,0.29111008751727313
2,APRT,3.1624405,0.3738544,0.0015645273869031196,0.02299804735796448,0.6381156316916489,0.5674804237678489
2,LTB4R,3.1605988,2.5531867,0.001574452248241938,0.023094221162182498,0.11563169164882227,0.023030861354214647
2,RAB11FIP1,3.1534998,1.6798574,0.0016132528734236458,0.023637962703297544,0.14346895074946467,0.051128512206356516
2,MPP1,3.1491804,1.5726025,0.0016372914188996655,0.02393881329389061,0.14132762312633834,0.04974666052510364
2,PTAFR,3.1471713,3.3415327,0.0016485840709182789,0.024078143393005364,0.10492505353319058,0.01243666513127591
2,MYO9B,3.144057,1.74617,0.0016662293877518488,0.02430985952899492,0.145610278372591,0.05481345002303086
2,WASF2,3.136523,0.74154127,0.0017096407935176822,0.024916600508300392,0.2698072805139186,0.18010133578995854
2,PARK7,3.1282187,0.4064389,0.0017586933489315863,0.025604175237750257,0.550321199143469,0.4767388300322432
2,OXA1L,3.127683,0.71365196,0.0017619020380838534,0.02562357213213323,0.28051391862955033,0.18747121142330722
2,CD83,3.1242673,1.5897635,0.0017824842755877813,0.02589532475258164,0.14989293361884368,0.05941962229387379
2,SPINT2,3.1203496,0.8040626,0.0018063653424023962,0.02615877530842749,0.23554603854389722,0.13864578535237218
2,FHL3,3.1131504,2.270447,0.001851017530136847,0.026664024674629517,0.11991434689507495,0.02855826807922616
2,CAMK1,3.1112082,1.8758218,0.001863235724691991,0.026783523217256664,0.1349036402569593,0.04467987102717642
2,NBPF10,3.105616,1.6742879,0.001898830670655347,0.027180745952274026,0.145610278372591,0.05619530170428374
2,TESC,3.1033056,1.5123615,0.0019137190544365097,0.027365180531293172,0.15417558886509636,0.06448641179180101
2,KYNU,3.0962403,2.0849283,0.0019599149706297876,0.027967187919457032,0.12419700214132762,0.03362505757715339
2,NRGN,3.0827792,2.4398105,0.0020507725215685156,0.029202658555307244,0.10706638115631692,0.01566098572086596
2,SSR4,3.0654004,0.35065067,0.0021737876860572275,0.030885495922009426,0.6167023554603854,0.5633348687240903
2,LRP1,3.0651326,2.7146885,0.0021757357261989654,0.030885495922009426,0.10920770877944326,0.019345923537540305
2,HM13,3.0587034,0.922796,0.0022229714531650374,0.03149055826184829,0.21627408993576017,0.12528788576692768
2,ENY2,3.0544841,0.7152462,0.0022544786738428494,0.03180491815082433,0.27194860813704497,0.18010133578995854
2,HEXB,3.0539484,1.1120074,0.0022585087349522004,0.03182889090248426,0.18201284796573874,0.09028097650852142
2,DENND6B,3.0524082,2.4824436,0.0022701319546806114,0.03195971337434889,0.11349036402569593,0.024412713035467527
2,PEPD,3.0300066,1.1392913,0.0024454842216243312,0.03421673415010437,0.18629550321199143,0.09995393827729157
2,TIMM8B,3.023276,1.0836053,0.0025005403390241905,0.03484426415276974,0.1841541755888651,0.09534776600644865
2,PTPN18,3.0216353,0.87827134,0.002514132776541882,0.03499795840617324,0.21627408993576017,0.12620912022109626
2,NOTCH2NL,3.0154405,1.1249503,0.0025660626777692036,0.0356481708317561,0.1777301927194861,0.08751727314601566
2,ATP5H,3.0141346,0.5060194,0.002577134481715082,0.03576559805111907,0.41755888650963596,0.34454168585905115
2,MT-ATP6,3.0098486,0.35471803,0.0026137803756322493,0.03623734498439999,0.8008565310492506,0.7300783049286044
2,VIMP,3.0000038,0.88449085,0.002699761949639712,0.03727800726418595,0.22483940042826553,0.1372639336711193
2,LILRA2,2.9967558,2.3783715,0.0027286921253586033,0.037601432556909266,0.11563169164882227,0.029018885306310457
2,NLRP3,2.9876814,3.1771982,0.0028110250978534996,0.038580260036469735,0.1006423982869379,0.012897282358360202
2,LILRA3,2.9821227,1.7610728,0.0028625718580579163,0.03916962053470832,0.13276231263383298,0.046522339935513586
2,KIAA0930,2.9727805,2.4772227,0.0029511551169125612,0.04034131559215009,0.10920770877944326,0.022109626900046062
2,ZFAND5,2.9683938,0.7891067,0.002993604871831543,0.04079906998975205,0.2462526766595289,0.15983417779824965
2,PGAM1,2.9647439,0.6585305,0.003029349434262622,0.04114444737465552,0.3019271948608137,0.22293873790879778
2,LYN,2.9647105,0.7964823,0.0030296791605946617,0.04114444737465552,0.23126338329764454,0.14002763703362506
2,SQRDL,2.9645765,0.8697724,0.0030309983932999014,0.04114444737465552,0.21627408993576017,0.12897282358360201
2,RAB3D,2.958047,2.9476295,0.00309594992022607,0.04194275010972938,0.10278372591006424,0.016121602947950252
2,MPST,2.9435477,1.7396293,0.003244736675071695,0.0438280158603156,0.13062098501070663,0.044219253800092125
2,TNFAIP8L2,2.9384246,1.1662674,0.0032988487718745886,0.044470956395576876,0.17130620985010706,0.0852141870105942
2,PPIF,2.9372525,2.2706943,0.0033113423165683697,0.04459535569532313,0.11349036402569593,0.027176416397973285
2,KCNE3,2.9254658,3.4990153,0.0034394092572981407,0.046081793499347184,0.09635974304068523,0.010594196222938737
2,CHMP2A,2.9251645,0.58052963,0.0034427420202237454,0.046081793499347184,0.33190578158458245,0.24965453707968677
2,UBE2R2,2.92493,1.522291,0.0034453362011448063,0.046081793499347184,0.14132762312633834,0.055734684477199446
2,PSMB4,2.9136121,0.76756245,0.00357273542631393,0.047645776349358425,0.2462526766595289,0.16628281897742975
2,KDELR1,2.9102302,1.0987426,0.0036116276108563864,0.048117450394004696,0.1777301927194861,0.09212344541685859
2,TPD52L2,2.909326,1.4171782,0.0036220895565874174,0.048209800180075806,0.14775160599571735,0.06310456011054813
2,ADRBK1,2.9018922,1.2400689,0.0037091605456468766,0.049065344936962456,0.1670235546038544,0.0842929525564256
2,NANS,2.90139,1.0910927,0.0037151117944360847,0.049065344936962456,0.1841541755888651,0.10133578995854445
2,IMPDH1,2.8998833,1.3685621,0.0037330176600027846,0.049254192429949786,0.15417558886509636,0.07093505297098111
2,GNLY,-2.9016244,-1.7085111,0.003712333465613747,0.049065344936962456,0.11777301927194861,0.19345923537540305
2,SP100,-2.9018922,-0.6321686,0.0037091605456468766,0.049065344936962456,0.20556745182012848,0.28327959465684016
2,TMED4,-2.9051404,-1.0727103,0.0036708845782676526,0.04866951436973113,0.09421841541755889,0.1773376324274528
2,FGFR1OP2,-2.9062455,-1.1273175,0.0036579449581242026,0.04854508877370662,0.09207708779443255,0.17503454629203133
2,EIF3E,-2.9067142,-0.48474586,0.0036524679631561906,0.048519554965818036,0.3147751605995717,0.38876093965914327
2,MRPL9,-2.9069486,-1.3472583,0.003649732263027417,0.048519554965818036,0.0728051391862955,0.15476738830032244
2,RNF167,-2.915253,-1.0107639,0.0035540045320818694,0.047442312698054746,0.10278372591006424,0.18608935974205434
2,SUB1,-2.9221509,-0.58861405,0.0034762316881646244,0.04644953026768699,0.23768736616702354,0.3150621833256564
2,CHURC1,-2.9320624,-0.89885104,0.003367190540456997,0.0451693065034192,0.12633832976445397,0.209120221096269
2,GATA3,-2.932732,-3.8896298,0.0033599364393309735,0.045116314666178735,0.008565310492505354,0.09442653155228005
2,UBE2N,-2.9342725,-0.8908585,0.0033433059823339837,0.04493719143184338,0.11991434689507495,0.20128972823583602
2,LINC00926,-2.9350092,-3.6203196,0.003335378814535284,0.04487481092738309,0.010706638115631691,0.09672961768770152
2,MAT2B,-2.9418066,-1.2138385,0.003263036317482306,0.04403164422088771,0.08565310492505353,0.16720405343159833
2,IFITM2,-2.9462602,-0.33640274,0.0032164176678615925,0.04348851452704744,0.6702355460385439,0.7176416397973284
2,LY9,-2.9495752,-2.4672503,0.0031821114855756913,0.04306730866900064,0.023554603854389723,0.10962690004606172
2,SH3BP5,-2.959018,-1.7444295,0.003086210803314322,0.041852328431043084,0.042826552462526764,0.12897282358360201
2,HNRNPU,-2.9673223,-0.68732035,0.003004058581963416,0.040900721829803,0.17987152034261242,0.2639336711192999
2,TMC6,-2.9699006,-1.3458914,0.0029789604870193195,0.040640044366369456,0.06638115631691649,0.15200368493781669
2,XRCC5,-2.9702356,-0.7450642,0.002975715068444259,0.0406363649746748,0.17558886509635974,0.25610317825886686
2,MFNG,-2.9821563,-1.039022,0.002862258768672636,0.03916962053470832,0.1006423982869379,0.18562874251497005
2,UGP2,-2.9846342,-0.9427463,0.0028391767219427566,0.03892750734422719,0.11777301927194861,0.2022109626900046
2,NUCKS1,-2.9925702,-0.99071735,0.002766390911263889,0.03804414328723028,0.10920770877944326,0.19391985260248734
2,ARID4B,-2.9954834,-1.2248404,0.0027401026019379313,0.037720605979903614,0.08565310492505353,0.1704283740211884
2,GLOD4,-2.9985304,-1.4310975,0.0027128500052874807,0.03742088855778367,0.06423982869379015,0.15016121602947952
2,GLO1,-3.0001378,-1.4889765,0.0026985749920630424,0.03727800726418595,0.06423982869379015,0.1492399815753109
2,RNPS1,-3.0034194,-0.76657957,0.002669643078253637,0.03697428587893677,0.1734475374732334,0.2551819438046983
2,GCC2,-3.018923,-1.7906091,0.002536750190144268,0.03527684378473536,0.042826552462526764,0.1308152924919392
2,TMEM109,-3.0274618,-1.6462914,0.0024661696973934636,0.03440042225495928,0.05353319057815846,0.14002763703362506
2,FAM162A,-3.0281315,-1.4265066,0.002460710684762438,0.03435937127925956,0.06638115631691649,0.15200368493781669
2,EIF1AY,-3.029069,-1.3489456,0.0024530866423768958,0.03428797460419539,0.07066381156316917,0.1575310916628282
2,STT3B,-3.0321162,-1.5164756,0.0024284575461233754,0.034013349999857244,0.06423982869379015,0.1497005988023952
2,CDC25B,-3.0424964,-3.1020286,0.002346245173498031,0.03289560994793543,0.014989293361884369,0.1040994933210502
2,TMC8,-3.0464478,-1.4043726,0.002315626927707609,0.03249969303676784,0.06423982869379015,0.1510824504836481
2,IL16,-3.046749,-1.067897,0.002313306724071372,0.03249969303676784,0.10278372591006424,0.18747121142330722
2,CUTA,-3.048122,-0.4262221,0.0023027638275525163,0.032385728969162884,0.37901498929336186,0.44771994472593274
2,DEGS1,-3.0560246,-1.4987197,0.0022429289214466464,0.031674702534928025,0.06209850107066381,0.15016121602947952
2,RPL22L1,-3.0564933,-0.92984515,0.002239424555836964,0.031657952106117576,0.1284796573875803,0.2155688622754491
2,CDC123,-3.0565603,-1.4903371,0.0022389243419341435,0.031657952106117576,0.06209850107066381,0.1487793643482266
2,POLR2C,-3.0639606,-1.6225181,0.0021842772319408594,0.03097454816135449,0.05353319057815846,0.14187010594196223
2,TMED9,-3.076819,-0.7340799,0.0020922241252270897,0.029761888181355348,0.18843683083511778,0.26715799170888993
2,C19orf66,-3.089041,-1.0909482,0.0020080377231868193,0.02862396988292193,0.09635974304068523,0.18516812528788576
2,TC2N,-3.1017318,-2.1781907,0.0019239217175435043,0.027482295998717675,0.029978586723768737,0.12068171349608475
2,CCT2,-3.1066542,-1.3206623,0.001892176383104648,0.02711391467752054,0.07922912205567452,0.16766467065868262
2,RGCC,-3.1081944,-0.7660523,0.0018823417430292651,0.027001322313873578,0.15203426124197003,0.2473514509442653
2,RWDD1,-3.1099021,-0.7086209,0.0018714930196051074,0.02687393130991309,0.18629550321199143,0.27268539843390144
2,ASF1A,-3.1124806,-1.9135898,0.0018552223608335411,0.026696434730814372,0.04068522483940043,0.1312759097190235
2,RNF126,-3.1146235,-1.1862986,0.0018417977058529757,0.02655922858619666,0.08779443254817987,0.1768770152003685
2,NEMF,-3.11526,-1.9585197,0.0018378294778296504,0.026530020453743877,0.044967880085653104,0.13357899585444497
2,ADH5,-3.1185749,-1.2236224,0.001817279734337219,0.026261134446676257,0.08137044967880086,0.17181022570244128
2,BCL11B,-3.1199813,-4.2090325,0.0018086256269793542,0.0261637622479132,0.006423982869379015,0.0981114693689544
2,TRABD2A,-3.120383,-2.7849276,0.0018061599907708286,0.02615877530842749,0.021413276231263382,0.11192998618148318
2,RASGRP2,-3.12122,-0.8145213,0.0018010331677486833,0.02613699143334327,0.1777301927194861,0.25656379548595115
2,COX11,-3.1497161,-1.8364154,0.0016342920906269327,0.0239205710499479,0.04068522483940043,0.13265776140027638
2,ORMDL3,-3.1613019,-2.3897455,0.0015706559344213847,0.023063309075761755,0.029978586723768737,0.12114233072316904
2,NUCB2,-3.1735241,-1.9833153,0.0015060043550558738,0.022161633052417043,0.04068522483940043,0.1321971441731921
2,RBL2,-3.1801207,-1.6972096,0.0014721376743628144,0.021686636549189422,0.04925053533190578,0.14140948871487793
2,LSM14A,-3.1822302,-1.1698139,0.0014614562151917397,0.021552533557946434,0.08779443254817987,0.18010133578995854
2,XBP1,-3.186282,-0.7180319,0.001441141103218461,0.02127591665465006,0.22483940042826553,0.2989405803777061
2,MEAF6,-3.198638,-0.64717036,0.00138078473333103,0.020429031764212943,0.20770877944325483,0.2915707047443574
2,DAD1,-3.1989393,-0.51706403,0.001379342184100829,0.020429031764212943,0.3019271948608137,0.3823122984799632
2,XXbac-BPG299F13.17,-3.2186286,-1.7840832,0.0012880521658823567,0.01913997864775785,0.05353319057815846,0.14463380930446798
2,NAP1L4,-3.2299466,-1.6121114,0.0012381336299696576,0.018438334624717168,0.055674518201284794,0.1487793643482266
2,FXYD5,-3.2300806,-0.36555973,0.0012375537231433787,0.018438334624717168,0.6766595289079229,0.7485029940119761
2,IK,-3.230884,-0.84516174,0.0012340795463132198,0.01841813145841894,0.16488222698072805,0.2482726853984339
2,GZMH,-3.2318888,-3.2981844,0.0012297494916119484,0.018373587590210905,0.023554603854389723,0.11653615845232612
2,SLC38A1,-3.2380164,-1.7692174,0.0012036385793376054,0.01800316367955568,0.044967880085653104,0.14002763703362506
2,CYB5B,-3.2434745,-2.7565565,0.0011808135501314699,0.017719988835819066,0.017130620985010708,0.11285122063565177
2,SEPT9,-3.2446465,-0.5686995,0.0011759649227748982,0.01766664134809022,0.2740899357601713,0.3523721787194841
2,RPL36AL,-3.2528503,-0.34948888,0.0011425362785728265,0.01722127529822353,0.7002141327623126,0.7673883003224321
2,CELF2,-3.2627954,-0.8222502,0.0011031909201949046,0.016646602437769744,0.1670235546038544,0.2538000921234454
2,SF1,-3.2640345,-0.63688314,0.0010983780610503136,0.016592312833742347,0.2398286937901499,0.3210502072777522
2,LINC00861,-3.2645032,-3.6115305,0.0010965620482853448,0.016583224065763756,0.010706638115631691,0.10640257945647168
2,GZMB,-3.2687223,-2.7126577,0.0010803424399566826,0.01635604917965461,0.044967880085653104,0.136803316444035
2,TUBB,-3.3008013,-0.64671093,0.0009640917524722708,0.014693791263126485,0.2505353319057816,0.3316444035006909
2,PDCD4,-3.3049533,-1.1127483,0.0009499221209595691,0.014526468626902437,0.10706638115631692,0.19898664210041456
2,ABRACL,-3.3069289,-0.6741672,0.0009432480696688042,0.014440578071073082,0.20770877944325483,0.2980193459235375
2,IFRD1,-3.3085363,-1.4599426,0.0009378504069392176,0.014374057415445517,0.06638115631691649,0.1625978811607554
2,SSBP1,-3.3130233,-0.80364275,0.0009229330071290972,0.014190832713695433,0.16274089935760172,0.25794564716720403
2,CD96,-3.313291,-2.0887806,0.0009220494084583075,0.014190832713695433,0.03854389721627409,0.13450023030861355
2,DNAJC19,-3.3202226,-1.4183294,0.0008994570387884451,0.013894779775673083,0.07066381156316917,0.16674343620451404
2,SUSD3,-3.3567884,-1.5481272,0.0007885343687145513,0.012278478151842548,0.06423982869379015,0.16029479502533395
2,SSB,-3.3584962,-0.82421136,0.0007836781623258444,0.012230753125396265,0.15417558886509636,0.25057577153385535
2,HLA-F,-3.3589315,-0.6164371,0.0007824447535011238,0.012225475462026713,0.2569593147751606,0.3486872409028098
2,PPHLN1,-3.3620791,-1.1498709,0.0007735797375808112,0.012114684514224264,0.10706638115631692,0.20082911100875173
2,CCDC109B,-3.3624809,-0.633253,0.0007724547692198738,0.012110955600994944,0.25910064239828695,0.3413173652694611
2,SH2D1A,-3.3650258,-3.0483181,0.0007653651656616308,0.012013593910661185,0.017130620985010708,0.11561492399815754
2,PDCD5,-3.3695798,-1.0560149,0.0007528290790040066,0.011830418760504849,0.10492505353319058,0.20405343159834177
2,FCGR3A,-3.3807304,-1.5494235,0.0007229346509338558,0.011399994911261818,0.11563169164882227,0.20128972823583602
2,TCL1A,-3.383677,-3.399007,0.0007152209250895794,0.011291395321414216,0.019271948608137045,0.1174573929064947
2,TAPSAR1,-3.386925,-0.86159,0.0007068069372333755,0.01118442124549128,0.15417558886509636,0.24965453707968677
2,SSR2,-3.3948276,-0.35600773,0.0006867183965383789,0.010904449329218722,0.563169164882227,0.6296637494242284
2,CACYBP,-3.4090588,-1.0914991,0.0006518743863800438,0.01038739395613288,0.11563169164882227,0.21096269000460618
2,SPCS1,-3.409896,-0.52624154,0.0006498768396121171,0.010367661357176485,0.32119914346895073,0.40856748042376784
2,SH3YL1,-3.4242945,-3.0627995,0.0006163978149305106,0.009856590820481325,0.017130620985010708,0.1174573929064947
2,ABHD14B,-3.4269063,-1.2716887,0.0006104995738041525,0.009773718850960735,0.08779443254817987,0.18470750806080147
2,GPR183,-3.4584494,-2.118123,0.0005432943411209124,0.008759418562393364,0.03854389721627409,0.13910640257945647
2,YWHAZ,-3.4639409,-0.5623882,0.0005323233383111738,0.00859268026947682,0.3019271948608137,0.3809304467987103
2,CRBN,-3.4678252,-1.0918448,0.000524688393096122,0.008479461178840996,0.11349036402569593,0.21234454168585906
2,NCR3,-3.4726472,-4.1329107,0.0005153525047989738,0.008338452376226052,0.010706638115631691,0.11192998618148318
2,UXT,-3.4766319,-0.55607057,0.0005077545237203835,0.008235030612738191,0.33190578158458245,0.4256103178258867
2,NGFRAP1,-3.4823577,-4.108149,0.000497019108651096,0.008080110652070675,0.006423982869379015,0.10916628281897743
2,RIC3,-3.4824247,-3.5381224,0.0004968948097213147,0.008080110652070675,0.01284796573875803,0.11469368954398894
2,RCN2,-3.4834628,-1.7646657,0.0004949718790021077,0.00806603338860714,0.04925053533190578,0.1506218332565638
2,GRAP2,-3.4837976,-2.6287072,0.0004943530604682786,0.008065573947138365,0.027837259100642397,0.12851220635651772
2,NDUFA5,-3.4840655,-1.3113962,0.0004938585251333851,0.008065573947138365,0.08779443254817987,0.18654997696913864
2,BZW1,-3.5025158,-1.3362492,0.0004608863122832991,0.007555658440024889,0.08137044967880086,0.18240442192538
2,N4BP2L2,-3.5093133,-1.2720097,0.0004492652343653653,0.0073917663138475045,0.09207708779443255,0.19299861814831876
2,HNRNPC,-3.5236785,-0.5429506,0.00042560030298334614,0.007036316873535805,0.3297644539614561,0.41870105941962227
2,ARID5B,-3.536135,-2.854582,0.00040602715602132476,0.006737189359206817,0.023554603854389723,0.12620912022109626
2,CCT4,-3.539651,-1.0495226,0.00040065658397465465,0.0066561633950825835,0.1284796573875803,0.22616305849838783
2,CHST12,-3.541794,-2.4336185,0.00039741572316539056,0.006610364330751003,0.032119914346895075,0.13496084753569784
2,SNRPB,-3.549797,-0.62058926,0.0003855283928567565,0.006428297598109728,0.2740899357601713,0.36296637494242284
2,MATR3,-3.555188,-1.1916051,0.0003777088318694366,0.006313331466351317,0.10920770877944326,0.2077383694150161
2,ISCU,-3.5595412,-0.522518,0.00037150334620101764,0.006217217764364089,0.34475374732334046,0.4389682174113312
2,FGFBP2,-3.568013,-3.412161,0.00035969882432660983,0.006041878407139218,0.02569593147751606,0.12805158912943343
2,FOXP1,-3.5688164,-1.3754708,0.00035859743339481553,0.006030796244383745,0.08137044967880086,0.18424689083371718
2,GPBP1,-3.5896442,-1.6842296,0.00033112948415618513,0.005603350973527713,0.057815845824411134,0.16213726393367112
2,TAP1,-3.591553,-0.9690565,0.0003287133585446438,0.005576285247559821,0.15631691648822268,0.24919391985260247
2,NBEAL1,-3.598317,-0.37223688,0.00032028313574211973,0.0054400329623064516,0.6252676659528907,0.6987563334868724
2,SNHG7,-3.600527,-0.80549186,0.0003175728627615164,0.005407450141984124,0.1841541755888651,0.28327959465684016
2,OXNAD1,-3.6022348,-2.3117676,0.00031549328160059194,0.005378746883317957,0.029978586723768737,0.13588208198986643
2,CD40LG,-3.6025696,-2.959753,0.00031508701839260154,0.005378535403961708,0.017130620985010708,0.1234454168585905
2,STK4,-3.6132848,-1.0714357,0.00030234225372645563,0.005186916855387535,0.12205567451820129,0.22478120681713495
2,STMN3,-3.614959,-2.90278,0.0003003950446970478,0.005166492103756782,0.019271948608137045,0.12528788576692768
2,SEP15,-3.616466,-0.72847736,0.00029865260438903394,0.005143001217574587,0.22269807280513917,0.3132197144173192
2,CCNG1,-3.621991,-1.5027838,0.00029234431202864494,0.005047097250395923,0.08137044967880086,0.18240442192538
2,JAK1,-3.6236987,-1.1231219,0.0002904198698549144,0.005020219927517356,0.11563169164882227,0.21833256563795486
2,TMA7,-3.6337442,-0.38970995,0.0002793377252125037,0.004847059689329035,0.6102783725910065,0.6863196683555965
2,CCT3,-3.6345143,-1.0428749,0.0002785046589727917,0.004838752700931862,0.12419700214132762,0.22892676186089359
2,PAIP2,-3.6472723,-0.70948493,0.00026503901290456973,0.004610665936592107,0.24197002141327623,0.3334868724090281
2,RBBP7,-3.647741,-1.9151917,0.0002645560346323649,0.004608134195075988,0.055674518201284794,0.15845232611699678
2,MPHOSPH8,-3.647942,-1.063884,0.0002643492966336031,0.004608134195075988,0.13062098501070663,0.23261169967756795
2,EIF4B,-3.65705,-0.93813527,0.0002551346637815514,0.004472553233120495,0.15845824411134904,0.25656379548595115
2,NDFIP1,-3.6573179,-0.68009305,0.00025486826049631,0.004472553233120495,0.25267665952890794,0.3403961308152925
2,WIPF1,-3.6594608,-1.0933638,0.0002527464058753574,0.004447815616796238,0.12205567451820129,0.22662367572547212
2,ARL6IP1,-3.6596284,-1.2044228,0.00025258133559901335,0.004447815616796238,0.10706638115631692,0.2100414555504376
2,PPM1K,-3.6656222,-2.284367,0.0002467379870524244,0.004353299678537348,0.034261241970021415,0.14094887148779364
2,SELM,-3.6753998,-3.1151707,0.00023747719631602807,0.004200762426025491,0.014989293361884369,0.12298479963150621
2,PRMT1,-3.6882915,-1.2756544,0.00022576480068061652,0.004009160101553315,0.10492505353319058,0.20589590050667894
2,ATPIF1,-3.698605,-0.7056919,0.00021678761062666682,0.0038547547014554195,0.23554603854389722,0.32888070013818516
2,MORF4L1,-3.7099566,-0.53364855,0.00020729482843824496,0.0036907668541755847,0.3426124197002141,0.4320589590050668
2,ADA,-3.7138073,-2.6821043,0.00020416425019956805,0.0036397741523829,0.023554603854389723,0.13265776140027638
2,ANKRD44,-3.722011,-2.290657,0.0001976422509217975,0.003531853712469681,0.03854389721627409,0.14555504375863657
2,PIM2,-3.7272348,-1.6783962,0.00019359202085362736,0.003464865841123375,0.06423982869379015,0.1704283740211884
2,COX7A2,-3.7397249,-0.5838386,0.0001842217875733703,0.003301486523755833,0.31905781584582443,0.4177798249654537
2,HNRNPR,-3.7472255,-1.1285163,0.00017880130562063538,0.0032124110585931135,0.11991434689507495,0.22524182404421925
2,ARHGEF1,-3.7670822,-0.98221314,0.0001651665971303241,0.002975613522970588,0.15631691648822268,0.25702441271303544
2,ATM,-3.7902875,-1.825617,0.0001504730310446551,0.002728897359821793,0.055674518201284794,0.16536158452326116
2,RORA,-3.7976542,-2.7561226,0.00014607189847909113,0.0026596771275072912,0.02569593147751606,0.13588208198986643
2,FAM65B,-3.8076663,-0.7579753,0.0001402844080053485,0.0025577087793338302,0.21199143468950749,0.3215108245048365
2,PPA1,-3.8113163,-0.7483141,0.00013822883395464601,0.002526978522737143,0.23554603854389722,0.3330262551819438
2,RGL4,-3.859903,-3.0704508,0.0001134319701424127,0.002090454769588108,0.017130620985010708,0.1308152924919392
2,KMT2E,-3.883644,-0.9744109,0.00010290247980081065,0.001904114179078415,0.15631691648822268,0.2616305849838784
2,CD6,-3.8909104,-3.2636676,9.98687964548109e-05,0.0018504861389238775,0.017130620985010708,0.1308152924919392
2,KLRG1,-3.901994,-3.1188734,9.54035140563019e-05,0.0017773947993899846,0.021413276231263382,0.13496084753569784
2,GZMK,-3.9243956,-3.6102667,8.694775328338069e-05,0.001624293459422499,0.019271948608137045,0.13311837862736067
2,ETS1,-3.9251657,-4.735561,8.667003434008847e-05,0.0016213232725318467,0.006423982869379015,0.12160294795025334
2,OST4,-3.9308248,-0.49168026,8.46549600799454e-05,0.001587978207213921,0.4796573875802998,0.584983878397052
2,TERF2IP,-3.93126,-1.059153,8.450180224454976e-05,0.0015872855728357243,0.139186295503212,0.24873330262551818
2,DDX24,-3.95038,-1.0625278,7.802717832864412e-05,0.0014676847758346614,0.145610278372591,0.2542607093505297
2,NCOR1,-3.9566753,-0.902839,7.600011741164232e-05,0.0014335049770350656,0.19271948608137046,0.2934131736526946
2,CIB1,-3.9671228,-0.59867185,7.274554910725941e-05,0.001377826932883127,0.32762312633832974,0.42929525564256105
2,BEX2,-3.9682946,-3.7906938,7.238879043397546e-05,0.0013729740585644013,0.01284796573875803,0.12851220635651772
2,DNAJB9,-3.9791439,-2.07087,6.916388022966506e-05,0.0013136327516221225,0.044967880085653104,0.16121602947950253
2,CCT7,-3.9798136,-1.3260742,6.896933321394039e-05,0.001311762137004972,0.10278372591006424,0.21510824504836482
2,ODF2L,-3.9903615,-2.7368727,6.597269233774003e-05,0.0012600322889009482,0.02569593147751606,0.14233072316904652
2,SNHG8,-3.9937768,-1.006642,6.50290579492662e-05,0.0012437490411136964,0.16059957173447537,0.27038231229848
2,ZFP36L2,-4.004827,-0.43440306,6.206288547576417e-05,0.0011903521967093194,0.6059957173447538,0.6623675725472132
2,EEF2,-4.006367,-0.32812333,6.16597368297639e-05,0.0011842832153969843,0.7987152034261242,0.8452326116996776
2,TECR,-4.013265,-1.2176921,5.988455261836712e-05,0.0011534322292756295,0.11777301927194861,0.2303086135421465
2,RASSF5,-4.0224066,-1.4445962,5.760647263146507e-05,0.001112693055523744,0.08993576017130621,0.2031321971441732
2,PLAC8,-4.024985,-0.5980925,5.697892971897596e-05,0.0011036939918331002,0.37901498929336186,0.47535697835099033
2,DDIT4,-4.0252867,-1.1755573,5.690600465049106e-05,0.0011036939918331002,0.13062098501070663,0.2418240442192538
2,SLC2A3,-4.0276303,-1.0424353,5.634181990212326e-05,0.0010944578841869065,0.16059957173447537,0.27176416397973285
2,C1QBP,-4.030376,-0.6647755,5.568765660572018e-05,0.0010848368596401068,0.29336188436830835,0.39014279134039614
2,G3BP2,-4.049463,-1.6934782,5.1335350930334057e-05,0.0010029120919951959,0.059957173447537475,0.17964071856287425
2,TBCA,-4.076753,-0.88646644,4.5668929940652245e-05,0.0008960559012493492,0.19700214132762311,0.30999539382772917
2,BUB3,-4.0771885,-1.2095301,4.558354491478895e-05,0.0008956674666997955,0.12205567451820129,0.23353293413173654
2,TBCC,-4.084656,-1.7926613,4.414222805140449e-05,0.0008685969254610658,0.06209850107066381,0.18056195301704284
2,BIRC3,-4.094902,-2.529953,4.223467806165081e-05,0.0008322608421499328,0.032119914346895075,0.1515430677107324
2,CNN2,-4.103608,-0.7417936,4.067559721701663e-05,0.0008038581122946152,0.2633832976445396,0.3657300783049286
2,TTC39C,-4.1224604,-2.3812418,3.748470349969501e-05,0.0007440277776044115,0.034261241970021415,0.15522800552740673
2,ITGB7,-4.1300282,-2.2578454,3.627189477536831e-05,0.0007210029040064479,0.042826552462526764,0.16213726393367112
2,FUS,-4.139839,-0.9302753,3.475493147297927e-05,0.0006918561868731849,0.18629550321199143,0.2984799631506218
2,BTN3A2,-4.156448,-1.2264647,3.232338803708056e-05,0.0006453336067753978,0.12419700214132762,0.235836020267158
2,CYCS,-4.1663594,-0.8217205,3.095025168978329e-05,0.0006206411704488703,0.23126338329764454,0.3371718102257024
2,MYLIP,-4.171181,-1.5318457,3.0302457834795407e-05,0.0006085446532234795,0.08565310492505353,0.20359281437125748
2,RHOF,-4.1826,-1.6078147,2.881944478117082e-05,0.0005804695249729627,0.0728051391862955,0.19438046982957163
2,SRSF2,-4.1841736,-0.66174686,2.8620534489211872e-05,0.0005773146513806164,0.3083511777301927,0.41317365269461076
2,SEC62,-4.1893973,-1.1914766,2.7969634904424156e-05,0.0005650197252290182,0.12205567451820129,0.24366651312759097
2,CD8A,-4.1946545,-3.501413,2.7328787617849335e-05,0.0005528917388286674,0.017130620985010708,0.13956701980654077
2,LDLRAP1,-4.2032266,-2.8007283,2.631368580004606e-05,0.0005331449455273428,0.02569593147751606,0.1487793643482266
2,RBMX,-4.2045994,-0.8591381,2.6154480046657757e-05,0.0005314963980910094,0.22055674518201285,0.3321050207277752
2,ICAM2,-4.207814,-1.0964304,2.578528166351728e-05,0.0005263435073198684,0.145610278372591,0.26024873330262555
2,SBDS,-4.210828,-1.3382411,2.544366431235404e-05,0.0005201477243256089,0.10920770877944326,0.2275449101796407
2,SVIP,-4.213272,-2.4063497,2.5169741124740695e-05,0.0005153193175404182,0.032119914346895075,0.15614923998157532
2,NDNL2,-4.2141094,-1.7769612,2.5076578364993056e-05,0.0005141828140425603,0.06852248394004283,0.1883924458774758
2,AAK1,-4.230182,-2.2092965,2.3350207975110287e-05,0.00048095089005747527,0.044967880085653104,0.16674343620451404
2,SAMD3,-4.252048,-3.6518946,2.1182439764119354e-05,0.0004382839354830514,0.014989293361884369,0.13910640257945647
2,MED10,-4.2619596,-1.1316477,2.026420289987381e-05,0.00041992102397674775,0.13704496788008566,0.25195762321510823
2,MGAT4A,-4.2646384,-2.8895316,2.0022613630715148e-05,0.00041554530659733446,0.02569593147751606,0.1497005988023952
2,EIF4G2,-4.2712016,-0.87150055,1.944225766536673e-05,0.0004041148716563897,0.21841541755888652,0.3307231690465223
2,PDIA3,-4.2821846,-0.81868696,1.850672584289059e-05,0.0003852558660221248,0.2505353319057816,0.35697835099032704
2,PRKCH,-4.300936,-3.0370479,1.7007787000331103e-05,0.0003545928843916359,0.023554603854389723,0.1487793643482266
2,FAM107B,-4.3144646,-1.9938774,1.5999030078718644e-05,0.0003345830853828205,0.042826552462526764,0.16996775679410409
2,SYTL1,-4.3152013,-1.761928,1.5945768311622667e-05,0.0003339806933489557,0.06638115631691649,0.1911561492399816
2,ARPC5L,-4.326653,-1.6089306,1.513921601740594e-05,0.0003175747065033725,0.08565310492505353,0.2077383694150161
2,TOMM7,-4.3392434,-0.40389794,1.4297407062469194e-05,0.00030037752437704504,0.7237687366167024,0.790879778903731
2,DENND2D,-4.350595,-2.0194652,1.3576866660241907e-05,0.00028656211918433306,0.057815845824411134,0.1819438046982957
2,RBM39,-4.381937,-0.81151164,1.1762880245164333e-05,0.00024904479477203743,0.2569593147751606,0.37402118839244586
2,SUN2,-4.387161,-1.1681215,1.1483992598825192e-05,0.00024351770641235532,0.15631691648822268,0.27130354675264856
2,RPS4Y1,-4.4003205,-0.3323646,1.0809115670582604e-05,0.00022992100248828042,0.854389721627409,0.8949792722247812
2,CCNI,-4.4010572,-0.49143425,1.077247792856689e-05,0.00022949915537052955,0.5588865096359743,0.6462459695992631
2,CDC42SE2,-4.40752,-1.2014974,1.0456108438745994e-05,0.00022310721381174265,0.13062098501070663,0.2551819438046983
2,MS4A1,-4.428649,-2.4912505,9.482525838780608e-06,0.00020296766905076485,0.055674518201284794,0.17918010133578996
2,PSIP1,-4.461565,-1.5874779,8.136333793914043e-06,0.00017580660488875028,0.0835117773019272,0.21188392445877477
2,ACTR3,-4.4716773,-0.66724133,7.760847227712667e-06,0.00016795900117534736,0.32762312633832974,0.43390142791340397
2,MIF,-4.478944,-0.67720735,7.501334922069779e-06,0.00016337835677158677,0.33190578158458245,0.4329801934592354
2,ZAP70,-4.480718,-2.5164428,7.439224210017532e-06,0.00016228441823003102,0.03640256959314775,0.16674343620451404
2,C9orf78,-4.485339,-0.98119926,7.2798007613520835e-06,0.00015931563973882058,0.19271948608137046,0.31598341777982497
2,TUBA1B,-4.500173,-0.6949987,6.789811672354439e-06,0.00014907020610558234,0.3361884368308351,0.45278673422385995
2,HNRNPA0,-4.5061,-0.6309732,6.602995535067483e-06,0.0001452021047131748,0.3747323340471092,0.4712114233072317
2,DCK,-4.5689855,-1.6228064,4.900913037066512e-06,0.00010971617776095131,0.0835117773019272,0.21418701059419623
2,OPTN,-4.5735393,-2.6583688,4.795538644411659e-06,0.00010771032192119345,0.034261241970021415,0.16674343620451404
2,XRCC6,-4.5960746,-0.8577068,4.3052432046828385e-06,9.701716370156575e-05,0.22698072805139186,0.3486872409028098
2,CD47,-4.5971127,-1.2012861,4.28385760574802e-06,9.669480903156192e-05,0.14132762312633834,0.27038231229848
2,FKBP11,-4.610741,-3.0874991,4.0123570350913635e-06,9.101785327443132e-05,0.023554603854389723,0.15799170888991249
2,CD8B,-4.619481,-3.9785705,3.847013276939789e-06,8.741233495821922e-05,0.017130620985010708,0.1510824504836481
2,MZT2B,-4.6243362,-0.7664164,3.757998610649411e-06,8.553204837838059e-05,0.2740899357601713,0.3984339014279134
2,MYC,-4.6266465,-2.5307517,3.7163364988763766e-06,8.472502709291451e-05,0.03640256959314775,0.171349608475357
2,ANXA2R,-4.6284547,-1.8528758,3.684040597182927e-06,8.427011456470696e-05,0.06852248394004283,0.2017503454629203
2,MAL,-4.62889,-3.259084,3.6763059379273623e-06,8.423428504754372e-05,0.023554603854389723,0.1575310916628282
2,HSPE1,-4.63177,-1.4505783,3.6255289733979126e-06,8.321045993398637e-05,0.10278372591006424,0.23399355135882083
2,ITM2A,-4.6402082,-3.6451068,3.4805832577249017e-06,8.001825752102906e-05,0.014989293361884369,0.1510824504836481
2,APOBEC3G,-4.6407104,-1.5391699,3.472133094891534e-06,7.995859956802494e-05,0.11563169164882227,0.23859972362966375
2,HSP90AB1,-4.7034616,-0.61834633,2.55787097251522e-06,5.930439049349379e-05,0.39186295503211993,0.49792722247812066
2,C11orf58,-4.711699,-0.77021134,2.4565998187761103e-06,5.705327742382068e-05,0.291220556745182,0.410409949332105
2,LEF1,-4.713105,-2.1694076,2.4396988546517846e-06,5.685414259236309e-05,0.05353319057815846,0.1893136803316444
2,SKAP1,-4.721309,-2.9031305,2.34331276485322e-06,5.4701331823650544e-05,0.027837259100642397,0.16536158452326116
2,S1PR4,-4.7318907,-1.1693383,2.2243827816390617e-06,5.2013991893943545e-05,0.15631691648822268,0.2865039152464302
2,RPL41,-4.7529526,-0.56777734,2.0046717048167997e-06,4.703745154807254e-05,0.46466809421841543,0.5591893136803316
2,HNRNPF,-4.7698965,-0.8114612,1.8432079312604015e-06,4.3398012947055246e-05,0.278372591006424,0.4035006909258406
2,HMOX2,-4.8096433,-1.8679782,1.5119995036938368e-06,3.5971890631433856e-05,0.07066381156316917,0.2077383694150161
2,ALOX5AP,-4.8187175,-1.3430363,1.4448383483094555e-06,3.443405320159498e-05,0.11991434689507495,0.2593274988484569
2,KRT10,-4.8469124,-1.2839874,1.2539789515286347e-06,3.0042695722938662e-05,0.12633832976445397,0.26715799170888993
2,DSTN,-4.8490553,-1.6753986,1.2405087348854539e-06,2.9772209637250893e-05,0.0835117773019272,0.22339935513588208
2,TCEA1,-4.8606076,-1.4971415,1.1702599840341462e-06,2.8135687221778698e-05,0.10920770877944326,0.24412713035467526
2,COX7C,-4.8766136,-0.47178966,1.0792257808308359e-06,2.5992781769005107e-05,0.6252676659528907,0.7134960847535697
2,LYAR,-4.88254,-1.9848795,1.0472776361238376e-06,2.535748829593462e-05,0.06852248394004283,0.20681713496084753
2,C12orf75,-4.9157577,-3.4572923,8.843972217987538e-07,2.1528214725283033e-05,0.019271948608137045,0.1630584983878397
2,HSPA5,-4.9359493,-1.7496802,7.976183844722164e-07,1.952020906514801e-05,0.08565310492505353,0.22478120681713495
2,TUBA4A,-4.9484057,-1.3047289,7.482380261179755e-07,1.847728478239977e-05,0.13704496788008566,0.2759097190234915
2,ADD3,-4.957949,-1.8479006,7.124124494681097e-07,1.76564508347305e-05,0.07708779443254818,0.21833256563795486
2,PBXIP1,-4.9599247,-2.4370399,7.052052481997596e-07,1.750960521711985e-05,0.044967880085653104,0.18747121142330722
2,GTF3A,-4.9619336,-0.61332965,6.979479620995565e-07,1.7360978816815198e-05,0.43897216274089934,0.54076462459696
2,DDX18,-4.9648805,-2.0693383,6.874339694373578e-07,1.7130653807730944e-05,0.055674518201284794,0.20036849378166743
2,PPIA,-4.995151,-0.4937956,5.878973027653682e-07,1.4703892979054704e-05,0.6659528907922913,0.7590971902349147
2,TAF7,-4.9994707,-1.4704236,5.748792133510582e-07,1.440467988536156e-05,0.10920770877944326,0.25103638876093964
2,RPA2,-5.0201645,-2.01876,5.162725089866112e-07,1.2983825750867704e-05,0.06209850107066381,0.2077383694150161
2,PRF1,-5.078462,-3.1936066,3.80502152951361e-07,9.622476667969975e-06,0.03640256959314775,0.1819438046982957
2,CD79A,-5.095908,-3.218836,3.470737372483905e-07,8.82614330700935e-06,0.03854389721627409,0.18378627360663288
2,NDUFA4,-5.133947,-0.63314587,2.837278499665918e-07,7.269394970250989e-06,0.43254817987152033,0.5476738830032243
2,C6orf48,-5.1685038,-0.6345495,2.3597546877637062e-07,6.0801528332266365e-06,0.4582441113490364,0.5642561031782589
2,PCNP,-5.2178273,-1.3703071,1.8103396049654892e-07,4.682196523751652e-06,0.139186295503212,0.2823583602026716
2,SRP9,-5.2940397,-1.0515857,1.196434145173226e-07,3.154151483877524e-06,0.22055674518201285,0.35559649930907417
2,RAN,-5.303315,-0.725915,1.1371835925272265e-07,3.003748382892032e-06,0.37901498929336186,0.5071395670198066
2,FLT3LG,-5.307802,-2.4278603,1.1095498338675226e-07,2.936436537072653e-06,0.044967880085653104,0.20036849378166743
2,MZT2A,-5.3464775,-1.3465956,8.968241064582981e-08,2.387335282221154e-06,0.13704496788008566,0.2878857669276831
2,ARL4C,-5.3481517,-1.9347601,8.885693377725269e-08,2.3699810305901615e-06,0.0728051391862955,0.22524182404421925
2,LBH,-5.3927875,-2.7138813,6.937296725450481e-08,1.864876458321885e-06,0.03854389721627409,0.19484108705665593
2,KLF2,-5.426407,-0.6578855,5.749987884106452e-08,1.551814911963591e-06,0.5053533190578159,0.6342699216950713
2,ST13,-5.481791,-0.8861231,4.210411747145614e-08,1.1408210876789783e-06,0.28693790149892934,0.42791340396130817
2,CD52,-5.5411267,-0.5318753,3.005314063886225e-08,8.224562897080218e-07,0.8265524625267666,0.9097190234914786
2,BIN2,-5.5412607,-0.98796916,3.003015885438417e-08,8.224562897080218e-07,0.25267665952890794,0.39474896361123907
2,HOPX,-5.560046,-4.218945,2.6970359272273048e-08,7.440550024690116e-07,0.014989293361884369,0.1773376324274528
2,DUSP2,-5.571866,-1.5443295,2.5202488935804127e-08,6.966906658043343e-07,0.1349036402569593,0.2860432980193459
2,SEPT6,-5.6377316,-2.0458899,1.7230480225605783e-08,4.831610635746871e-07,0.07708779443254818,0.2362966374942423
2,PIM1,-5.645366,-2.447685,1.6483001708833463e-08,4.6684579764196095e-07,0.05139186295503212,0.21418701059419623
2,SIT1,-5.6897006,-5.1544147,1.2726232654339381e-08,3.6510385110852647e-07,0.006423982869379015,0.17365269461077845
2,PTGES3,-5.7805457,-0.93854696,7.445863844924039e-09,2.1680323383002702e-07,0.291220556745182,0.43390142791340397
2,ARL6IP5,-5.8051577,-0.8400023,6.430554217434893e-09,1.8925786291657521e-07,0.34475374732334046,0.47950253339474896
2,TCF7,-5.913013,-1.8265554,3.3590522480850254e-09,9.972003804315023e-08,0.09635974304068523,0.262551819438047
2,CD164,-5.9206815,-1.1393131,3.2061059942988758e-09,9.538689206567635e-08,0.21413276231263384,0.3721787194841087
2,NKG7,-5.9342427,-2.2149327,2.952046773852635e-09,8.801997978980694e-08,0.1841541755888651,0.32335329341317365
2,ARHGDIB,-5.9712105,-0.46009454,2.3549973019082744e-09,7.0525971830832e-08,0.8629550321199143,0.9263012436665131
2,PPP1R2,-5.982026,-1.4205827,2.2037886918783787e-09,6.614272170613437e-08,0.14346895074946467,0.31229847996315063
2,LEPROTL1,-6.002452,-1.6100574,1.943595919605176e-09,5.846199532627375e-08,0.11777301927194861,0.29018885306310455
2,COX6C,-6.0138035,-0.88695747,1.812200608978556e-09,5.463004749715489e-08,0.33190578158458245,0.4762782128051589
2,ANAPC16,-6.0218735,-0.83629316,1.7240960672739336e-09,5.208906171392221e-08,0.3554603854389722,0.509442653155228
2,LITAF,-6.0267286,-1.3160204,1.6731132833099896e-09,5.066083147867233e-08,0.18201284796573874,0.33993551358820817
2,CYTIP,-6.0358033,-1.1839554,1.5817378386552197e-09,4.8000470943723734e-08,0.21199143468950749,0.3703362505757715
2,RAP1B,-6.0400896,-1.1252891,1.5402881215383667e-09,4.684671400384841e-08,0.2398286937901499,0.39014279134039614
2,NACA,-6.085462,-0.3414483,1.1615597025853718e-09,3.5725809230869e-08,0.9550321199143469,0.9760479041916168
2,DNAJB1,-6.112518,-1.4795734,9.80713110331919e-10,3.0300041254960825e-08,0.15417558886509636,0.32197144173192077
2,PTPRC,-6.144429,-0.88300264,8.025154499390639e-10,2.490716132810876e-08,0.3426124197002141,0.47996315062183326
2,TMBIM6,-6.1760726,-0.7883605,6.571571507006383e-10,2.053578501136823e-08,0.39186295503211993,0.5435283279594657
2,BTG2,-6.1928825,-1.1658787,5.907383954056046e-10,1.8545111557836633e-08,0.22698072805139186,0.39106402579456473
2,SON,-6.273046,-1.3602138,3.5405265986502743e-10,1.121796548286964e-08,0.16916488222698073,0.345923537540304
2,PRKCQ-AS1,-6.319356,-4.0641537,2.6265587919449896e-10,8.380440855794574e-09,0.017130620985010708,0.20128972823583602
2,UBE2D2,-6.3309417,-1.0121623,2.4366942873309983e-10,7.792856484260447e-09,0.284796573875803,0.4509442653155228
2,HSP90AA1,-6.35043,-0.8394666,2.147138145135001e-10,6.899133767050252e-09,0.41541755888650966,0.5633348687240903
2,TNFAIP8,-6.383446,-1.8023753,1.7314616938104082e-10,5.6030428650888474e-09,0.10706638115631692,0.2878857669276831
2,UBC,-6.387197,-0.5042791,1.6895416850076118e-10,5.480375593934429e-09,0.7987152034261242,0.8650391524643022
2,AQP3,-6.422222,-4.576949,1.3429912363684812e-10,4.366640077106662e-09,0.01284796573875803,0.20036849378166743
2,TRAT1,-6.474526,-3.947768,9.510995810052156e-11,3.1296905730619815e-09,0.017130620985010708,0.20681713496084753
2,ANXA6,-6.499372,-1.5620754,8.065592861654895e-11,2.666918550091023e-09,0.14989293361884368,0.327038231229848
2,MT-ND2,-6.5214725,-0.56554854,6.962056343621029e-11,2.313232151544739e-09,0.8329764453961456,0.9064947029018885
2,MT-ND4,-6.551542,-0.403959,5.6945957367671184e-11,1.9013545081000434e-09,0.9314775160599572,0.9640718562874252
2,GZMA,-6.569155,-3.4783635,5.0601513074606514e-11,1.6936624082030063e-09,0.044967880085653104,0.2303086135421465
2,TSTD1,-6.5709634,-2.2516568,4.999073888183324e-11,1.6773305409590044e-09,0.07066381156316917,0.2593274988484569
2,SPCS2,-6.6165366,-1.5143964,3.6771149375181645e-11,1.2460218756016887e-09,0.15631691648822268,0.3371718102257024
2,SEPT1,-6.633882,-2.1447675,3.2697109760504814e-11,1.113495588253002e-09,0.0728051391862955,0.2676186089359742
2,PPP2R5C,-6.6773458,-2.0882144,2.4330834441879875e-11,8.327365291687007e-10,0.08779443254817987,0.27683095347766007
2,FAIM3,-6.6788526,-2.7553754,2.4082012100032267e-11,8.262913498443232e-10,0.05139186295503212,0.2418240442192538
2,TMEM123,-6.7044353,-1.0661129,2.0218666264696072e-11,6.99002801292885e-10,0.284796573875803,0.45831414094887146
2,ANKRD12,-6.7803125,-1.6522509,1.1991601232360624e-11,4.1774823068652217e-10,0.139186295503212,0.3251957623215108
2,YWHAQ,-6.888135,-1.7287911,5.652855156840854e-12,1.9793689749184284e-10,0.1349036402569593,0.32243205895900506
2,RPL38,-6.901998,-0.47188005,5.127620397803555e-12,1.8047109317630243e-10,0.8522483940042827,0.9018885306310456
2,CST7,-6.9725847,-3.997342,3.1117036990978617e-12,1.1037253432436466e-10,0.032119914346895075,0.23169046522339937
2,SRSF7,-6.994484,-0.995825,2.6623710270215202e-12,9.468056964845282e-11,0.3468950749464668,0.5154306771073238
2,CD79B,-7.0734754,-2.656837,1.511006595365465e-12,5.40165080269916e-11,0.08137044967880086,0.27729157070474436
2,MYL12B,-7.1080656,-0.7346684,1.1768059129013308e-12,4.2402273209975124e-11,0.582441113490364,0.7268539843390143
2,CCR7,-7.1180105,-3.7099998,1.0949584203216326e-12,3.9662472646982005e-11,0.02569593147751606,0.23307231690465224
2,SPOCK2,-7.3062644,-3.2831905,2.746714562832462e-13,1.0192699475554377e-11,0.034261241970021415,0.246890833717181
2,RPL24,-7.3994203,-0.3726176,1.3678043648542024e-13,5.131520990782689e-12,0.9379014989293362,0.9562413634269922
2,TBC1D10C,-7.5257597,-1.8514078,5.2414652301783166e-14,1.988262477314308e-12,0.12419700214132762,0.33993551358820817
2,VAMP2,-7.564301,-1.1259797,3.8995533955244337e-14,1.4916610971787583e-12,0.29978586723768735,0.4896361123906034
2,CCND3,-7.5680513,-1.2879518,3.788638055652642e-14,1.4533045305615867e-12,0.2569593147751606,0.44679871027176415
2,ARHGAP15,-7.6278896,-2.123768,2.386279458198621e-14,9.205376350610274e-13,0.09850107066381156,0.3150621833256564
2,CD3G,-7.719237,-3.4223633,1.1702806404034869e-14,4.540156939019891e-13,0.034261241970021415,0.2588668816213726
2,SELL,-7.723155,-1.1839455,1.1348518254150945e-14,4.4152525720423167e-13,0.3297644539614561,0.5034546292031322
2,GYPC,-7.7375536,-2.0143716,1.0134807467429516e-14,3.9543123078633565e-13,0.11777301927194861,0.33026255181943803
2,HMGB1,-7.7424088,-0.9103274,9.755073765433506e-15,3.817056943861317e-13,0.4925053533190578,0.6637494242284662
2,COMMD6,-7.7504787,-0.8843453,9.154674980346744e-15,3.5924207336671015e-13,0.47751605995717344,0.6287425149700598
2,NAP1L1,-7.778539,-0.9854972,7.336670425733053e-15,2.887307531233734e-13,0.430406852248394,0.6098572086596039
2,PRDX2,-7.8945317,-2.088792,2.914067168719023e-15,1.180845734600207e-13,0.11349036402569593,0.32888070013818516
2,SKP1,-7.9008274,-1.1612127,2.770585882539681e-15,1.1260452622607705e-13,0.3083511777301927,0.5011515430677107
2,GIMAP7,-7.904812,-1.0449617,2.68338465712268e-15,1.0938597276915618e-13,0.41541755888650966,0.5670198065407647
2,HNRNPK,-7.9312315,-1.105531,2.1698293073188816e-15,8.89825496118518e-14,0.3490364025695932,0.5292491939198526
2,OCIAD2,-7.9695387,-3.3599865,1.5926768107731439e-15,6.590786220581228e-14,0.03640256959314775,0.2676186089359742
2,RPL26,-8.082719,-0.2902907,6.333863769519142e-16,2.6532283324096136e-14,0.987152034261242,0.9930907415937356
2,C12orf57,-8.106025,-2.0665138,5.23029765935656e-16,2.19769061034379e-14,0.11134903640256959,0.342699216950714
2,GIMAP5,-8.1269865,-2.2721307,4.4009600820497997e-16,1.872258905933709e-14,0.09850107066381156,0.3261169967756794
2,CCL5,-8.134587,-2.7497141,4.1334442011992364e-16,1.7639473128617742e-14,0.14775160599571735,0.3528327959465684
2,UBB,-8.139509,-0.7717088,3.9688244594413674e-16,1.7043480131487835e-14,0.683083511777302,0.8037770612620913
2,LAT,-8.186556,-4.016398,2.6880722273064743e-16,1.1616555169651016e-14,0.023554603854389723,0.2620912022109627
2,BIN1,-8.28008,-2.969235,1.2309227881864619e-16,5.3876543575238215e-15,0.057815845824411134,0.2920313219714417
2,PIK3IP1,-8.295417,-2.9737601,1.0820542660420249e-16,4.751296802916364e-15,0.057815845824411134,0.2934131736526946
2,PNISR,-8.39634,-1.6755472,4.606075079688182e-17,2.055573898307902e-15,0.1905781584582441,0.4122524182404422
2,RPL37A,-8.397446,-0.56829065,4.562949976566648e-17,2.043004750163743e-15,0.9057815845824411,0.9663749424228466
2,SRSF5,-8.556702,-0.8184187,1.1614294199650945e-17,5.28682671968111e-16,0.6102783725910065,0.7604790419161677
2,RPS15,-8.605455,-0.2873871,7.601413924943262e-18,3.495114766297144e-16,0.9914346895074947,0.9917088899124827
2,NOSIP,-8.69764,-1.5327425,3.388563236187203e-18,1.5793248994325066e-16,0.25267665952890794,0.46706586826347307
2,HNRNPDL,-8.732532,-1.0316997,2.4903384277688304e-18,1.1646596427949025e-16,0.4539614561027837,0.6379548595117457
2,CMPK1,-8.744554,-1.7300544,2.238999835478279e-18,1.0543373018376337e-16,0.18201284796573874,0.41916167664670656
2,CD27,-8.809347,-3.9246235,1.2587701546591668e-18,5.968668483342215e-17,0.029978586723768737,0.28466144633809304
2,SNRPD2,-8.83272,-1.1023852,1.0216088406981297e-18,4.878003611389391e-17,0.4068522483940043,0.603869184707508
2,RPL22,-8.919279,-0.7643375,4.693345378285245e-19,2.248853490732046e-17,0.7173447537473233,0.8323353293413174
2,SOD1,-8.937093,-1.2402128,3.995424487818065e-19,1.9279687917188516e-17,0.3511777301927195,0.54721326577614
2,GZMM,-8.942417,-3.9403024,3.807496117443484e-19,1.8438002475109296e-17,0.032119914346895075,0.29018885306310455
2,JUNB,-8.975333,-0.54279995,2.8249602928679908e-19,1.3728703828969851e-17,0.9100642398286938,0.9055734684477199
2,PEBP1,-9.077697,-1.7640232,1.108962245177963e-19,5.447477848974914e-18,0.18843683083511778,0.42284661446338095
2,LIMD2,-9.079371,-1.0594677,1.0920368848479461e-19,5.38370241858612e-18,0.49464668094218417,0.6927683095347766
2,TXNIP,-9.2428465,-0.9941125,2.4002622510687386e-20,1.2139993074294331e-18,0.6102783725910065,0.7913403961308153
2,RHOH,-9.32445,-4.0912137,1.1156130060654585e-20,5.748985362577322e-19,0.027837259100642397,0.2980193459235375
2,RPL37,-9.341762,-0.5855276,9.474475447896667e-21,4.919522308611288e-19,0.9079229122055674,0.9640718562874252
2,CALM1,-9.364732,-1.0374384,7.62434795993651e-21,3.9891990705322984e-19,0.5353319057815846,0.7084292952556426
2,CD247,-9.727879,-3.9063709,2.2932501932427855e-22,1.242723199957281e-20,0.03854389721627409,0.31736526946107785
2,HMGN1,-9.810219,-1.3835909,1.017476456822228e-22,5.602684876759817e-21,0.3361884368308351,0.5720865960386918
2,HNRNPA2B1,-9.86634,-1.15541,5.825138752902492e-23,3.2205706400662518e-21,0.4732334047109208,0.6720405343159834
2,ACAP1,-9.88027,-2.9240031,5.069620871754606e-23,2.8142578302715817e-21,0.0728051391862955,0.3523721787194841
2,SEPT7,-9.9305315,-2.408622,3.0661804329658896e-23,1.7160557374009092e-21,0.11563169164882227,0.3873790879778904
2,RPL36A,-9.999243,-0.6288782,1.5356695483209707e-23,8.630083683897604e-22,0.8693790149892934,0.9157070474435743
2,RAC2,-10.028275,-1.1023577,1.145002165007858e-23,6.461218828655912e-22,0.49678800856531047,0.685398433901428
2,CIRBP,-10.0393915,-1.1209401,1.0230339299206222e-23,5.82106306124834e-22,0.5267665952890792,0.7461999078765545
2,HNRNPA1,-10.074885,-0.67264646,7.134371031423372e-24,4.0764422931011537e-22,0.8650963597430407,0.943344081068632
2,TRAF3IP3,-10.130505,-1.5989032,4.045564615476463e-24,2.3409419656333294e-22,0.2740899357601713,0.5274067250115154
2,RPL7A,-10.186291,-0.5016086,2.2830942202936703e-24,1.3381087842201873e-22,0.9528907922912205,0.9834177798249655
2,JUN,-10.198178,-1.0783374,2.0202661654349374e-24,1.1943183876701086e-22,0.6316916488222698,0.7664670658682635
2,CTSW,-10.233739,-3.5328228,1.400066455828881e-24,8.312742400347478e-23,0.06209850107066381,0.35052970981114695
2,RPL18A,-10.470245,-0.30354476,1.1833614726687264e-25,7.150435518037224e-24,0.9935760171306209,0.9940119760479041
2,STK17A,-10.579775,-3.0961282,3.6984467325896343e-26,2.2750445306416238e-24,0.07066381156316917,0.3717181022570244
2,TSC22D3,-10.658667,-1.1099669,1.5885924372311178e-26,9.997151300842464e-25,0.6038543897216274,0.7853523721787194
2,RPL34,-10.671257,-0.8413821,1.3873720080619555e-26,8.771274139858363e-25,0.8758029978586723,0.9170888991248273
2,RPL15,-10.749177,-0.34900928,5.979294665048842e-27,3.8698221775311367e-25,0.9935760171306209,0.9963150621833257
2,RPS16,-10.75574,-0.4332094,5.5685403393009735e-27,3.6211422320711475e-25,0.9785867237687366,0.9871027176416398
2,RPS28,-11.014814,-0.48226905,3.242035192592679e-28,2.1183364875619917e-26,0.9657387580299786,0.976508521418701
2,RPL11,-11.020407,-0.2671645,3.0467974314416114e-28,2.000339698258012e-26,1.0,0.9958544449562413
2,RPL35,-11.029347,-0.4841326,2.7586033703078172e-28,1.81987862922336e-26,0.9593147751605996,0.9742054352832796
2,RPL36,-11.160107,-0.57270527,6.391479196720867e-29,4.3641019955210084e-27,0.9357601713062098,0.9636112390603409
2,RPL4,-11.254568,-0.65439224,2.1989991943700769e-29,1.5166430807231197e-27,0.9250535331905781,0.9746660525103639
2,RARRES3,-11.38074,-1.9307098,5.215495045654417e-30,3.6712783682194186e-28,0.2334047109207709,0.5232611699677568
2,CD2,-11.828538,-4.1790137,2.779411933723679e-32,2.029713869889335e-30,0.03854389721627409,0.3786273606632888
2,HINT1,-12.16118,-1.4517331,5.003101634514217e-34,3.753975600050888e-32,0.4411134903640257,0.6849378166743436
2,CD69,-12.179965,-3.289511,3.974537121926096e-34,2.998689444034407e-32,0.07922912205567452,0.4214647627821281
2,CD53,-12.425411,-1.8341558,1.9024600010685684e-35,1.4931030904938144e-33,0.2890792291220557,0.6034085674804238
2,HLA-C,-12.505341,-0.73510736,6.980037808166559e-36,5.5418253667629385e-34,0.9464668094218416,0.988945186549977
2,HLA-E,-12.618621,-1.0141218,1.667160490696342e-36,1.3471445953224405e-34,0.7794432548179872,0.9106402579456472
2,RPL27,-12.725305,-0.69146776,4.278048967412181e-37,3.519339560179563e-35,0.9229122055674518,0.965453707968678
2,RPS21,-12.74131,-1.0246841,3.484926220690549e-37,2.884251664833342e-35,0.7537473233404711,0.8894518654997697
2,RPL7,-12.779584,-0.7140922,2.1320747392576354e-37,1.775342234103797e-35,0.9550321199143469,0.973284200829111
2,LCK,-12.780723,-3.6129117,2.1010923678843845e-37,1.7602771396214205e-35,0.059957173447537475,0.426070935052971
2,RPL14,-12.861723,-0.5265982,7.39106733444319e-38,6.230396019701001e-36,0.974304068522484,0.9903270382312298
2,IL7R,-12.965393,-3.1021574,1.9224256261474558e-38,1.6407902719168534e-36,0.11563169164882227,0.4643021649009673
2,HSPA8,-13.140286,-1.5615475,1.9349383062871364e-39,1.672374525990958e-37,0.44539614561027835,0.7245508982035929
2,RPS14,-13.144304,-0.40163276,1.8348532219884745e-39,1.5959716942340513e-37,0.9978586723768736,0.9953938277291571
2,RPL19,-13.224702,-0.42769724,6.318699544291018e-40,5.531292370310136e-38,0.9892933618843683,0.9958544449562413
2,RPS7,-13.295892,-0.54459876,2.4454043738071925e-40,2.154480137336195e-38,0.9764453961456103,0.992169507139567
2,CD7,-13.401973,-4.0416145,5.8877092413223e-41,5.255069111078257e-39,0.05353319057815846,0.43528327959465685
2,RPL17,-13.406728,-0.7150415,5.5222193583355e-41,4.961278128778263e-39,0.9293361884368309,0.9695992630124367
2,TMEM66,-13.451598,-1.4332285,3.0129097597674026e-41,2.72972837716896e-39,0.5374732334047109,0.7807461999078765
2,RPL35A,-13.483844,-0.55232114,1.9469314763019975e-41,1.7843822980120857e-39,0.9785867237687366,0.9866421004145555
2,IL2RG,-13.73947,-2.8078568,5.89055749202052e-43,5.509688569248783e-41,0.13276231263383298,0.5066789497927222
2,ISG20,-13.94969,-2.7444594,3.159769313745366e-44,3.08212926775048e-42,0.14989293361884368,0.5287885766927684
2,BTG1,-14.123478,-1.2341897,2.7221848538425254e-45,2.674399738422556e-43,0.7537473233404711,0.9083371718102257
2,TPT1,-14.265354,-0.75775045,3.597591736453142e-46,3.612405349485596e-44,0.9571734475374732,0.992169507139567
2,GLTSCR2,-14.515054,-1.3471359,9.72818385356522e-48,9.988577346186965e-46,0.6573875802997858,0.8714877936434823
2,RPL18,-14.535646,-0.6854887,7.202992055576416e-48,7.451822690223602e-46,0.9593147751605996,0.988945186549977
2,IFITM1,-14.62964,-2.8586874,1.8174700281241158e-48,1.894608450691826e-46,0.145610278372591,0.5481345002303086
2,EEF1B2,-14.857439,-1.1726924,6.225977027251636e-50,6.747773197154631e-48,0.7708779443254818,0.9129433440810686
2,EIF4A2,-15.001058,-1.9129648,7.225904297502821e-51,8.155119759231283e-49,0.3683083511777302,0.6992169507139567
2,AES,-15.126292,-2.8234642,1.0864741965337253e-51,1.2364076356553792e-49,0.15845824411134904,0.5651773376324275
2,RPL13,-15.193831,-0.44914353,3.885303970622233e-52,4.534847095967283e-50,0.9978586723768736,0.9972362966374942
2,RPS26,-15.428362,-1.1778126,1.0551493107130512e-53,1.2421654299221921e-51,0.7965738758029979,0.9405803777061262
2,EVL,-15.838454,-2.65643,1.689215686920989e-56,2.0781918396930652e-54,0.19914346895074947,0.6043298019345924
2,HLA-A,-15.843042,-1.0383964,1.570364962228343e-56,1.949536720380932e-54,0.9057815845824411,0.9783509903270382
2,RPS4X,-15.873045,-0.6192487,9.739906835867994e-57,1.2202584197303976e-54,0.9850107066381156,0.9949332105020727
2,RPLP0,-16.125288,-0.9973691,1.6946565342215085e-58,2.1628251991896183e-56,0.8972162740899358,0.9626900046061723
2,RPS8,-16.217474,-0.7300823,3.7948836694622473e-59,4.9355172752549e-57,0.9721627408993576,0.9907876554583142
2,RPS5,-16.687069,-0.8854563,1.6276689134832603e-62,2.2914893487141654e-60,0.9464668094218416,0.9857208659603869
2,LDHB,-16.728424,-2.0657346,8.136343602143226e-63,1.157394877404874e-60,0.430406852248394,0.7277752187931829
2,NPM1,-16.73348,-1.5691406,7.474107654111988e-63,1.0743833065742454e-60,0.6359743040685225,0.8714877936434823
2,RPSAP58,-16.75116,-1.8484874,5.55328150089418e-63,8.067618316618183e-61,0.4753747323340471,0.7918010133578995
2,RPS10,-16.968512,-0.90667045,1.4044526267899698e-64,2.0846962034178076e-62,0.9400428265524625,0.9815753109166283
2,CD3E,-17.085844,-3.8091307,1.8918491732111357e-65,2.839021132897942e-63,0.09850107066381156,0.5688622754491018
2,DDX5,-17.30035,-1.7054045,4.675370352633585e-67,7.173804217479128e-65,0.5931477516059958,0.8613542146476278
2,RPL10A,-17.457129,-0.7869868,3.038409182651434e-68,4.769254689458389e-66,0.9700214132762313,0.9903270382312298
2,RPS20,-17.50441,-1.1323941,1.3259608317459215e-68,2.1055024556188726e-66,0.8865096359743041,0.9691386457853524
2,RPLP2,-17.590767,-0.7270567,2.8992532499173036e-69,4.770144865165144e-67,0.9807280513918629,0.9949332105020727
2,CXCR4,-17.644745,-2.832098,1.1167645618940922e-69,1.8598215679543564e-67,0.2462526766595289,0.6771073238139106
2,MYL12A,-18.564583,-1.6399436,6.216770574956027e-77,1.1025482983324611e-74,0.6937901498929336,0.9129433440810686
2,RPL5,-18.59087,-1.0430164,3.80955423049934e-77,6.845167443644604e-75,0.9271948608137045,0.9838783970520497
2,CD3D,-18.907907,-4.2909603,9.81774039988149e-80,1.8620980958441892e-77,0.09635974304068523,0.6112390603408567
2,RPS18,-18.937641,-0.6639722,5.584320111862214e-80,1.0894210778227198e-77,0.9978586723768736,0.9972362966374942
2,RPS29,-19.245739,-1.3814206,1.5326339541107596e-82,3.0332825039618166e-80,0.8222698072805139,0.9493321050207277
2,RPS13,-19.55099,-1.1102351,4.0459730907785625e-85,8.125265959951773e-83,0.9229122055674518,0.9774297558728696
2,EEF1A1,-19.725145,-0.7627914,1.3117853821298671e-86,2.7142032088432526e-84,0.9807280513918629,0.9940119760479041
2,IL32,-20.134502,-4.518658,3.679925825021464e-90,7.852041729139549e-88,0.10706638115631692,0.6480884385076002
2,RPS12,-20.348238,-0.8921139,4.812647277411557e-92,1.0774018232841348e-89,0.9828693790149893,0.9958544449562413
2,RPL30,-20.51419,-1.058082,1.6082338847870424e-93,3.7865589535606645e-91,0.961456102783726,0.9898664210041456
2,RPL27A,-20.616823,-0.8912608,1.9388095615527314e-94,4.644979539046333e-92,0.9764453961456103,0.9935513588208199
2,B2M,-20.669092,-0.7651959,6.574010452108805e-95,1.6031194059642472e-92,0.9978586723768736,1.0
2,RPL13A,-20.91829,-0.7001987,3.6497034197481585e-97,9.0618818000147e-95,1.0,0.9990787655458314
2,RPS15A,-21.142673,-1.0786523,3.22291823150133e-99,8.150402105441141e-97,0.9657387580299786,0.9912482726853984
2,RPS23,-21.186338,-1.1030217,1.2764618625618956e-99,3.3521852298356244e-97,0.9443254817987152,0.9907876554583142
2,RPS25,-21.312141,-1.0931879,8.759444725501312e-101,2.345470140616587e-98,0.9635974304068522,0.9847996315062183
2,RPS19,-21.44039,-0.87135386,5.61406941448164e-102,1.564606773962475e-99,0.9892933618843683,0.9944725932749885
2,RPS3,-21.548145,-0.8616862,5.511010405295327e-103,1.5678824603065207e-100,0.9957173447537473,0.9958544449562413
2,RPL31,-21.586554,-1.2981328,2.40278106392171e-103,6.981357065726569e-101,0.9079229122055674,0.9861814831874712
2,RPS6,-21.75381,-0.8501111,6.3572123592627606e-105,1.8872628690889623e-102,0.9978586723768736,0.9958544449562413
2,RPL3,-22.835115,-0.921455,2.054530359324982e-115,7.014166646735489e-113,0.9957173447537473,0.9958544449562413
2,LTB,-23.840307,-4.112055,1.2764831236047256e-125,4.842125982207259e-123,0.24197002141327623,0.8033164440350069
2,PTPRCAP,-23.903326,-4.7092824,2.8283195731728728e-126,1.1035294883213928e-123,0.10706638115631692,0.7567941040994933
2,RPS3A,-23.91029,-1.6706396,2.3938034367472635e-126,9.614641097711951e-124,0.9336188436830836,0.9907876554583142
2,RPL21,-24.498726,-1.2184029,1.5240705886595426e-132,6.503971237104598e-130,0.987152034261242,0.9940119760479041
2,RPL9,-24.619808,-1.5177181,7.751963177064898e-134,3.4148648111612334e-131,0.9229122055674518,0.9894058037770612
2,RPSA,-24.890736,-1.8539066,9.373460236212924e-137,4.41393010295599e-134,0.8479657387580299,0.9824965453707969
2,RPL23A,-25.122889,-1.205697,2.796583927424993e-139,1.4144500041820632e-136,0.9807280513918629,0.9935513588208199
2,RPS27,-25.400381,-1.2146028,2.497550606593036e-142,1.4211062951514374e-139,0.9850107066381156,0.9953938277291571
2,RPS27A,-26.841314,-2.0405247,1.0652770059506757e-158,6.927344187267823e-156,0.9014989293361885,0.9894058037770612
2,MALAT1,-29.757004,-1.6090373,1.407633304755147e-194,1.772088805746295e-191,1.0,0.9995393827729157
3,NKG7,31.611649,7.1115365,2.554036653302325e-219,3.487792453749655e-215,0.9682539682539683,0.16431497496586253
3,CST7,27.4536,6.277855,6.293034164615054e-166,4.2968837275991587e-162,0.8480725623582767,0.06554392353208921
3,GZMA,27.209509,6.135875,5.012784932870918e-163,2.281819701442842e-159,0.8458049886621315,0.06736458807464725
3,B2M,27.086264,0.9776886,1.4292907244437374e-161,4.87959853325092e-158,1.0,0.9995448338643604
3,CCL5,26.945345,5.5328784,6.467871767160212e-160,1.7665051370467972e-156,0.8820861678004536,0.20300409649522075
3,CTSW,26.570404,4.607313,1.4925695283821599e-155,3.397088246597796e-152,0.8639455782312925,0.18616294947655895
3,HLA-C,25.460655,1.2977488,5.380211079213688e-143,1.049602321396316e-139,0.9977324263038548,0.9781520254893036
3,HLA-A,22.680014,1.254425,7.056691516172128e-114,1.2045772418105822e-110,0.9977324263038548,0.9590350477924442
3,PRF1,20.859468,5.6630616,1.2505573624399506e-96,1.8975123712755517e-93,0.655328798185941,0.05598543468365953
3,GZMM,18.960583,3.428941,3.6111643863917895e-80,4.9314060860566276e-77,0.6621315192743764,0.16067364588074648
3,HLA-B,18.594036,1.0056554,3.59115636942848e-77,4.4582573982650284e-74,0.9841269841269841,0.9408284023668639
3,PTPRCAP,18.122192,1.9488854,2.1294173507252945e-73,2.4232769451253854e-70,0.9024943310657596,0.5894401456531634
3,GZMB,16.88149,6.068848,6.157019791650243e-64,5.8039318035527414e-61,0.5306122448979592,0.03823395539371871
3,HCST,16.879436,1.9280944,6.375144775431395e-64,5.8039318035527414e-61,0.7936507936507936,0.48930359581247157
3,FGFBP2,16.321753,6.1624165,6.912276858765417e-60,5.55259134019415e-57,0.5079365079365079,0.030040964952207556
3,GNLY,16.104893,5.212481,2.3570748840989962e-58,1.7882341454031052e-55,0.5396825396825397,0.10787437414656349
3,GZMH,16.096157,6.5211034,2.7144589803966577e-58,1.9509816755945662e-55,0.4965986394557823,0.020482476103777878
3,HOPX,15.215291,3.957378,2.7996999082266105e-52,1.6622913889888084e-49,0.5147392290249433,0.07510241238051889
3,IL32,15.162678,1.97414,6.246951440963844e-52,3.5545153699084275e-49,0.800453514739229,0.5025034137460173
3,CD99,14.834562,1.7338579,8.757324374178107e-50,4.599616217452932e-47,0.7505668934240363,0.45744196631770595
3,MYL12A,14.564815,1.058208,4.7025604674048266e-48,2.378450583069641e-45,0.9614512471655329,0.8566226672735548
3,CD247,14.542036,2.6741827,6.561147236002162e-48,3.1999652376730544e-45,0.5782312925170068,0.20573509330905781
3,CCL4,14.42715,4.887716,3.49217568197699e-47,1.6444534866578546e-44,0.46485260770975056,0.0432407828857533
3,HLA-E,14.16528,1.0041605,1.502654535549952e-45,6.84008344582338e-43,0.9614512471655329,0.8725534820209376
3,RARRES3,14.086532,1.7414083,4.5958598440821275e-45,2.0245503880898558e-42,0.7120181405895691,0.42375967228038236
3,PFN1,13.608316,0.86575204,3.5738099811696565e-42,1.394398545795795e-39,0.9773242630385488,0.9390077378243059
3,MALAT1,13.437185,0.647601,3.660981830224551e-41,1.351199131717472e-38,1.0,0.9995448338643604
3,LYAR,13.282051,2.9879444,2.9422430664629525e-40,1.030237726041489e-37,0.49206349206349204,0.12016385980883022
3,GZMK,12.62349,4.3013244,1.5671787353691563e-36,4.977068095395628e-34,0.41950113378684806,0.051433773327264454
3,APOBEC3G,12.256977,2.5238128,1.541443994162043e-34,4.7840816327901946e-32,0.4875283446712018,0.1624943104233045
3,ID2,12.10239,1.8061448,1.0258048289770405e-33,3.0453023357631444e-31,0.6258503401360545,0.3395539371870733
3,SRGN,11.87892,1.3780429,1.5232392015489001e-32,4.160270907270356e-30,0.7959183673469388,0.5593991807009558
3,UBB,11.806096,0.9447844,3.630292593085451e-32,9.18060660206943e-30,0.8503401360544217,0.7687756030951297
3,KLRG1,11.7653,3.6454144,5.891654247670788e-32,1.4628441892034958e-29,0.39909297052154197,0.05780609922621757
3,CD53,11.567417,1.2604108,6.027003839173295e-31,1.419047662547423e-28,0.7188208616780045,0.5134274010013655
3,CD7,11.386695,1.7506831,4.871195331558069e-30,1.0393913038712029e-27,0.5918367346938775,0.3227127901684115
3,CALM1,11.308459,1.0787753,1.191635326462217e-29,2.503534156641236e-27,0.7981859410430839,0.6536185707783341
3,APMAP,11.066149,3.3263545,1.831007453829155e-28,3.623802578187093e-26,0.3877551020408163,0.06964041875284478
3,ITGB2,10.969726,1.4020755,5.343455781971726e-28,1.0277497487127591e-25,0.6507936507936508,0.4351388256713701
3,CTSC,10.814419,1.9170643,2.9414988201170814e-27,5.428257822637684e-25,0.5011337868480725,0.2212107419208011
3,FCGR3A,10.759511,2.4422793,5.345325265017377e-27,9.358431002445807e-25,0.4512471655328798,0.13290851160673645
3,SPON2,10.706726,4.87775,9.46503450097349e-27,1.636133052472076e-24,0.3424036281179138,0.027309968138370506
3,RAP1B,10.180316,1.4603846,2.427716931945559e-24,3.9003414614880653e-22,0.5510204081632653,0.325898953117888
3,IFITM1,10.122633,1.2984166,4.384593465783137e-24,6.727641389745452e-22,0.6485260770975056,0.4424214838416022
3,MATK,10.060085,4.6999474,8.292607255214616e-24,1.2582649408578978e-21,0.3197278911564626,0.01957214383249886
3,C12orf75,9.9635935,2.7454357,2.199656204687643e-23,3.2455693995294837e-21,0.3764172335600907,0.08966772872098316
3,SAMD3,9.908958,3.1024485,3.805918400780056e-23,5.5291086894736646e-21,0.35374149659863946,0.06964041875284478
3,TPST2,9.907452,2.6716661,3.863755884078534e-23,5.554047405576469e-21,0.3764172335600907,0.0969503868912153
3,CLIC1,9.800614,1.0130316,1.119027658994441e-22,1.5754063619822772e-20,0.780045351473923,0.6181156121984525
3,KLRD1,9.795408,5.6295385,1.178208252419404e-22,1.6417971321468755e-20,0.30385487528344673,0.010923987255348202
3,CD8A,9.786228,3.0372853,1.290194904694935e-22,1.7796870321731346e-20,0.35600907029478457,0.0700955848884843
3,CFL1,9.553029,0.6128651,1.2595828434579784e-21,1.6075573187160888e-19,0.9591836734693877,0.9071461083295402
3,LITAF,9.439753,1.569452,3.736608963047574e-21,4.597038918862854e-19,0.4943310657596372,0.2753755120619026
3,LCK,9.357544,1.3468236,8.161177936574834e-21,9.950807669809459e-19,0.5668934240362812,0.31998179335457444
3,XCL2,9.337882,6.5880685,9.828016337039672e-21,1.1877114256514494e-18,0.2857142857142857,0.005461993627674101
3,CD63,9.231524,1.473198,2.668065787964118e-20,3.168270121777217e-18,0.5215419501133787,0.30951297223486574
3,NCR3,9.032648,3.3868847,1.6756679543681132e-19,1.8756493102336847e-17,0.31519274376417233,0.04961310878470642
3,BIN2,8.993051,1.332363,2.404607786027963e-19,2.6697011321949486e-17,0.5306122448979592,0.33727810650887574
3,MYL12B,8.783795,0.75133526,1.5804893535239814e-18,1.7405776299777007e-16,0.7845804988662132,0.6845698680018206
3,ANXA1,8.738409,1.0008131,2.3641532230517348e-18,2.582790113119559e-16,0.7346938775510204,0.5648611743286299
3,CLIC3,8.714261,4.9292912,2.926624004128893e-18,3.1719029682844575e-16,0.2766439909297052,0.01729631315430132
3,ARPC5L,8.691585,2.0636714,3.5741846219106e-18,3.84323348006387e-16,0.3786848072562358,0.14747382794720074
3,UBC,8.657022,0.5875407,4.8424584096531646e-18,5.16629781579872e-16,0.8956916099773242,0.8447883477469277
3,IL2RG,8.64226,1.1418396,5.511208180095469e-18,5.834190612975483e-16,0.5873015873015873,0.4110150204824761
3,PPP1R18,8.44554,1.4796551,3.026408755961731e-17,3.061380590475066e-15,0.4489795918367347,0.25170687300864814
3,PDIA3,8.444171,1.3273108,3.062113464251916e-17,3.0747221667517773e-15,0.4875283446712018,0.3081474738279472
3,MYO1F,8.331545,1.6718868,7.979422488022935e-17,7.839352050103684e-15,0.41496598639455784,0.20163859808830223
3,RAC2,8.29301,0.79060364,1.104185420834203e-16,1.0770540076365625e-14,0.7346938775510204,0.6354119253527537
3,IFITM2,8.23995,0.7779831,1.722817724236463e-16,1.6685672937711444e-14,0.8072562358276644,0.6895766954938553
3,ACTB,8.163291,0.4627319,3.2601787891856297e-16,3.13528179895204e-14,1.0,0.9913518434228493
3,CHST12,8.152946,2.6506627,3.551631140621417e-16,3.391683556386438e-14,0.31065759637188206,0.07783340919435594
3,SEPT7,8.1177,1.2699741,4.751038241257181e-16,4.5055679321255596e-14,0.49206349206349204,0.3086026399635867
3,DHRS7,8.063955,1.3178711,7.386468788496406e-16,6.90887792984294e-14,0.46485260770975056,0.29085116067364586
3,PLEK,7.987433,2.0580091,1.3777767403978477e-15,1.2543279444582005e-13,0.35147392290249435,0.1338188438780155
3,ZAP70,7.858365,2.180447,3.891793717333588e-15,3.496469408151808e-13,0.32653061224489793,0.10696404187528448
3,SH3BGRL3,7.8174663,0.67119694,5.3897142495825764e-15,4.81058416943135e-13,0.9297052154195011,0.8443331816112881
3,PSME1,7.7983184,0.60804826,6.2737482538590974e-15,5.527374590625796e-13,0.7981859410430839,0.7264451524806554
3,PPIA,7.7604,0.61625284,8.466208818946631e-15,7.36398392557549e-13,0.7959183673469388,0.7319071461083295
3,DDX5,7.698127,0.62657994,1.3807546022502544e-14,1.1784740530205922e-12,0.8798185941043084,0.8006372325898953
3,ANXA6,7.5800543,1.2913369,3.4541007725121366e-14,2.8761707408186424e-12,0.4467120181405896,0.2653618570778334
3,GIMAP7,7.5691276,0.8749817,3.7573923694538e-14,3.0910210962205473e-12,0.6643990929705216,0.5152480655439236
3,S1PR5,7.5681,5.750839,3.7872273172045844e-14,3.096908757110527e-12,0.23356009070294784,0.0063723258989531175
3,PLAC8,7.5303183,1.0514703,5.0616844716774004e-14,4.0660213614839165e-12,0.5578231292517006,0.4383249886208466
3,XBP1,7.375663,1.3585906,1.6352919362197386e-13,1.2688378796032244e-11,0.4331065759637188,0.25625853436504326
3,CCND3,7.3680243,0.9985711,1.7317505179481476e-13,1.336089552152537e-11,0.5260770975056689,0.3905325443786982
3,C9orf142,7.3626466,1.5390853,1.80299222403406e-13,1.3832394276072542e-11,0.3945578231292517,0.21165225307237143
3,ARL4C,7.324385,1.6417762,2.399962109615955e-13,1.8207712538286377e-11,0.36281179138321995,0.16522530723714154
3,IL2RB,7.1896315,3.638411,6.496640962209754e-13,4.874622471425077e-11,0.24263038548752835,0.030496131087847066
3,TTC38,7.002435,4.834234,2.5155081858816892e-12,1.8272223290638482e-10,0.2222222222222222,0.013199817933545745
3,DUSP2,6.91204,1.3662119,4.777327382535915e-12,3.4336411966268665e-10,0.4036281179138322,0.23031406463359125
3,HSP90AA1,6.8786087,0.7453167,6.043998200364388e-12,4.27652017741845e-10,0.6190476190476191,0.5207100591715976
3,YWHAQ,6.787117,1.2096488,1.1439634489329128e-11,7.810982429313929e-10,0.41723356009070295,0.26354119253527536
3,ACTG1,6.7173424,0.51329696,1.850686635283941e-11,1.2388714064430145e-09,0.8866213151927438,0.8593536640873919
3,TXNIP,6.7146707,0.5591406,1.8849142140899445e-11,1.2495334226996254e-09,0.7913832199546486,0.7528447883477469
3,ALOX5AP,6.6947694,1.4089639,2.160120995913311e-11,1.4250537352749841e-09,0.3786848072562358,0.20573509330905781
3,HLA-F,6.5169244,1.0538429,7.176353372893396e-11,4.661556266650251e-09,0.4467120181405896,0.30951297223486574
3,PRSS23,6.4591727,5.722596,1.0527680678432971e-10,6.74957780960942e-09,0.19954648526077098,0.005461993627674101
3,PSMB9,6.421494,0.6494414,1.3494345508590422e-10,8.57110615187492e-09,0.6643990929705216,0.570323167956304
3,PPIB,6.4064565,0.7867591,1.4894055907364187e-10,9.416353123655802e-09,0.5600907029478458,0.4597177969959035
3,SUN2,6.3756967,1.2519057,1.821329886175679e-10,1.1461788444983904e-08,0.38095238095238093,0.22485207100591717
3,PTGDR,6.235223,4.225908,4.5113606224882117e-10,2.8003245754863187e-08,0.2018140589569161,0.015475648611743286
3,AKR1C3,6.230564,5.346399,4.6475853687162894e-10,2.8718292215017937e-08,0.19501133786848074,0.00864815657715066
3,HSPA5,6.228235,1.4716387,4.717195075773028e-10,2.891227071316345e-08,0.3333333333333333,0.17341829767865272
3,AES,6.228098,0.7702977,4.721321301285479e-10,2.891227071316345e-08,0.6054421768707483,0.4706417842512517
3,TIGIT,6.2020993,2.9529233,5.571488227579283e-10,3.366559435213394e-08,0.2222222222222222,0.03868912152935822
3,XCL1,6.1191373,7.3308973,9.408345279327514e-10,5.610496206746574e-08,0.18594104308390022,0.0018206645425580337
3,MYL6,6.0561447,0.42496625,1.3942264902849792e-09,8.171483670099432e-08,0.8820861678004536,0.8466090122894857
3,ARPC2,6.0223703,0.4439308,1.718808179800197e-09,9.988104043979357e-08,0.8276643990929705,0.7969959035047792
3,GPR56,6.015006,5.8048334,1.7988000494801642e-09,1.0408649777839458e-07,0.18594104308390022,0.005461993627674101
3,CAP1,6.0008593,0.84024376,1.9627603942575315e-09,1.130947508184846e-07,0.5011337868480725,0.39644970414201186
3,HSP90B1,5.853295,1.1791553,4.819292335944656e-09,2.719514716514885e-07,0.36281179138321995,0.22348657259899862
3,PLEKHF1,5.8459644,3.8382964,5.036418698590962e-09,2.818743186391729e-07,0.1927437641723356,0.01775147928994083
3,PSMB8,5.8394217,0.7359929,5.2382258857636405e-09,2.919722967183195e-07,0.5578231292517006,0.44014565316340465
3,FCRL6,5.8314066,5.419081,5.496208360267769e-09,3.05106590926084e-07,0.18140589569160998,0.0063723258989531175
3,PPP1CA,5.797564,0.6416363,6.728511333541344e-09,3.705022208501637e-07,0.5804988662131519,0.5070550751024124
3,PSME2,5.7606387,0.63545066,8.379630348388133e-09,4.5772892815035336e-07,0.6394557823129252,0.5366408739189804
3,HNRNPA3,5.74221,0.9493414,9.344876569725114e-09,5.084208543273553e-07,0.41496598639455784,0.29176149294492487
3,SLC9A3R1,5.704017,1.5912142,1.170161807296819e-08,6.291232141907622e-07,0.29024943310657597,0.13882567137005006
3,CD3D,5.6991534,0.74877423,1.2040391782039566e-08,6.447983928452248e-07,0.6054421768707483,0.5029585798816568
3,CD3E,5.658049,0.7653558,1.531034774506015e-08,8.10380266692021e-07,0.6099773242630385,0.4606281292671825
3,C1orf21,5.6503077,5.64581,1.6016095618570516e-08,8.444625550857103e-07,0.1746031746031746,0.004551661356395084
3,CALR,5.6170816,1.0719984,1.9420971569335525e-08,1.0161409492369576e-06,0.3877551020408163,0.2585343650432408
3,TBX21,5.5827937,3.8721685,2.366854135440744e-08,1.2336549646404122e-06,0.1836734693877551,0.016841147018661812
3,RHOC,5.566489,1.3345019,2.5992319445550515e-08,1.3496240089294215e-06,0.3197278911564626,0.1615839781520255
3,TMBIM6,5.5643654,0.5840552,2.6310832105161588e-08,1.3609875879851768e-06,0.5714285714285714,0.5056895766954939
3,HSPA8,5.539463,0.48453367,3.034007503879891e-08,1.5634870367163698e-06,0.7165532879818595,0.6668183887118798
3,CYBA,5.5326123,0.5684839,3.15496586207218e-08,1.61970728618262e-06,0.9183673469387755,0.8329540282203004
3,STK17A,5.4960294,0.9210129,3.884380571032064e-08,1.9646333732597728e-06,0.4331065759637188,0.295402822030041
3,SH2D1A,5.4605765,2.1138752,4.745902218031018e-08,2.3549958073829923e-06,0.2290249433106576,0.07191624943104233
3,SH2D2A,5.460063,2.9439554,4.7596576071888245e-08,2.3549958073829923e-06,0.19501133786848074,0.03413746017296313
3,LCP1,5.4238567,0.7880478,5.832659110422373e-08,2.8651364320837384e-06,0.47392290249433106,0.3695949021392808
3,CD8B,5.3186984,1.7043372,1.045123125854389e-07,5.043180709069801e-06,0.2585034013605442,0.10104688211197087
3,CD2,5.2630363,0.90852296,1.4169575935947319e-07,6.7421508355852465e-06,0.41496598639455784,0.29904415111515703
3,C5orf56,5.254815,1.7708212,1.481731711429536e-07,7.0015668689556206e-06,0.2471655328798186,0.10013654984069185
3,BST2,5.171442,0.6592283,2.3229453783250934e-07,1.0789844247077373e-05,0.528344671201814,0.433318161128812
3,PPP2R5C,5.153185,1.0452534,2.5609952074681897e-07,1.1855237475656135e-05,0.35147392290249435,0.2216659080564406
3,PRKCH,5.084849,1.6396501,3.6791925538890393e-07,1.6747684505302907e-05,0.24489795918367346,0.10286754665452891
3,OPTN,5.077313,1.4717588,3.8281017705331853e-07,1.7367627168904045e-05,0.26077097505668934,0.11970869367319072
3,UCP2,5.0088058,0.54273796,5.47688488293768e-07,2.4683940581319127e-05,0.6235827664399093,0.5493855257168867
3,HNRNPA2B1,4.999728,0.44049585,5.741112181171786e-07,2.578968024542168e-05,0.6485260770975056,0.6345015930814747
3,CMC1,4.991165,2.137566,6.001619704351573e-07,2.6871514322172163e-05,0.2108843537414966,0.06918525261720528
3,PTPRC,4.974963,0.5878716,6.526008846749772e-07,2.91239139905931e-05,0.5192743764172335,0.4428766499772417
3,FYN,4.9735246,1.368114,6.574649659970298e-07,2.9245412298551916e-05,0.2743764172335601,0.14428766499772416
3,CD160,4.8835745,5.412852,1.0417983618404147e-06,4.530827525252453e-05,0.15192743764172337,0.005006827492034593
3,KLRB1,4.851376,2.9013581,1.2260788862130992e-06,5.29852318674876e-05,0.1746031746031746,0.030951297223486572
3,IGFBP7,4.8500743,2.5651402,1.2341523055790583e-06,5.3165879763367886e-05,0.19954648526077098,0.06372325898953118
3,TMED9,4.8297963,0.9882083,1.366728928934692e-06,5.8507994525179163e-05,0.3469387755102041,0.23441055985434683
3,CD300A,4.826542,1.7190324,1.3892406190835124e-06,5.928584341938889e-05,0.23582766439909297,0.10559854346836596
3,HMGB1,4.770195,0.44290346,1.8404780795131228e-06,7.781290604901302e-05,0.6757369614512472,0.6249431042330451
3,HNRNPK,4.755603,0.51407254,1.9785515081950626e-06,8.339228208614745e-05,0.54421768707483,0.48793809740555305
3,LSP1,4.746697,0.48996273,2.0676548722929077e-06,8.661317465040474e-05,0.6099773242630385,0.5334547109695039
3,PIM1,4.714875,1.2019566,2.418589100999424e-06,0.0001006096018548438,0.28798185941043086,0.16477014110150204
3,ACTR3,4.654897,0.6024329,3.2414251472501613e-06,0.0001325296461402641,0.4852607709750567,0.4010013654984069
3,TAP1,4.6389008,0.9911606,3.5026732684020073e-06,0.0001427836004576054,0.3242630385487528,0.21438324988620847
3,ABI3,4.5990295,1.2449458,4.244637811312793e-06,0.00017200229659135758,0.2766439909297052,0.1570323167956304
3,TMEM50A,4.5919046,0.9217705,4.392189465119386e-06,0.00017701854438379312,0.35147392290249435,0.2494310423304506
3,ARL6IP5,4.591802,0.5640366,4.39435314485251e-06,0.00017701854438379312,0.5102040816326531,0.4446973145197997
3,ARL6IP1,4.590295,1.1593457,4.426204678237795e-06,0.00017740137703920687,0.28798185941043086,0.1725079654073737
3,C9orf16,4.5901237,0.6551576,4.429838134912825e-06,0.00017740137703920687,0.43537414965986393,0.350022758306782
3,CIRBP,4.5759425,0.39600602,4.740807471356508e-06,0.00018874771670217047,0.7369614512471655,0.7014110150204825
3,BSG,4.5400105,0.93595976,5.625144160775342e-06,0.00022330514145217463,0.3333333333333333,0.2325898953117888
3,SPCS2,4.508052,0.7594986,6.542560260693698e-06,0.0002560034467622726,0.3832199546485261,0.28948566226672734
3,EVL,4.4602337,0.5142169,8.187031428010808e-06,0.0003176196056276011,0.5963718820861678,0.5197997269003186
3,FAM49B,4.4427986,0.75861555,8.879625874705582e-06,0.0003435132321387519,0.3786848072562358,0.2876649977241693
3,SRSF3,4.4394073,0.54234433,9.020686109288666e-06,0.00034798443363967806,0.5306122448979592,0.4629039599453801
3,CORO1A,4.432454,0.31298432,9.316656409842095e-06,0.000357382752620235,0.8253968253968254,0.8024578971324533
3,ASCL2,4.425295,2.5233607,9.631056278174805e-06,0.0003684081359516951,0.17233560090702948,0.044151115157032315
3,ARPC4,4.417554,0.75507253,9.98242671625737e-06,0.0003807821766402532,0.3854875283446712,0.3026854802002731
3,SELT,4.393645,0.77211666,1.114659462451392e-05,0.0004216562221395072,0.37188208616780044,0.2867546654528903
3,GUK1,4.388438,0.5085805,1.1416760289011388e-05,0.0004294966350047921,0.5215419501133787,0.4729176149294492
3,BTN3A2,4.38515,0.998096,1.1590599760205195e-05,0.00043483854484989605,0.30612244897959184,0.19799726900318615
3,PSMB10,4.382204,0.7052808,1.1748474020761376e-05,0.0004395538663767598,0.4217687074829932,0.3427401001365498
3,EFHD2,4.3778195,1.1331767,1.1987255759923069e-05,0.0004472621985177853,0.2857142857142857,0.17523896222121074
3,PTPN4,4.368297,1.9864991,1.2521913523262587e-05,0.0004659380138247245,0.18594104308390022,0.05826126536185708
3,ABHD17A,4.3580894,2.4941444,1.3120278449441355e-05,0.00048555697155981345,0.16780045351473924,0.04005461993627674
3,LAMP1,4.3490806,1.0653712,1.3670939677296565e-05,0.0005045685195490862,0.2925170068027211,0.18570778334091945
3,TERF2IP,4.3347282,0.8919801,1.4594016961816137e-05,0.0005357416549208634,0.3197278911564626,0.21119708693673192
3,RPA2,4.324932,1.087296,1.525789909524389e-05,0.0005556316534524016,0.2766439909297052,0.162949476558944
3,SERF2,4.30688,0.29164013,1.6557319709610962e-05,0.0005997526736192236,0.873015873015873,0.8529813381884388
3,LAT,4.2981796,0.9438909,1.722064379057775e-05,0.0006221299248786501,0.3129251700680272,0.20118343195266272
3,DSTN,4.255123,1.0191488,2.089341273827366e-05,0.0007410920632567924,0.2857142857142857,0.18115612198452435
3,MIB2,4.253547,2.344197,2.10410437207975e-05,0.0007443950597181624,0.16780045351473924,0.044151115157032315
3,CX3CR1,4.220835,2.0790484,2.4339892579239563e-05,0.0008566638480981843,0.17913832199546487,0.05598543468365953
3,STOM,4.1795254,1.9041401,2.921183021356599e-05,0.0010202474511418341,0.1836734693877551,0.06326809285389166
3,CCDC107,4.1607885,1.1193508,3.1715069452944254e-05,0.0010992410874350424,0.26303854875283444,0.1524806554392353
3,PRMT2,4.1141353,0.97979236,3.886338614952366e-05,0.0013267960031447378,0.30158730158730157,0.20118343195266272
3,FKBP11,4.089712,1.3688704,4.31908737495411e-05,0.00147085928160532,0.22675736961451248,0.11561219845243514
3,PTGER2,4.085533,1.3295897,4.3975697447014236e-05,0.0014901541546809588,0.23129251700680273,0.11970869367319072
3,ENO1,4.0757365,0.41101152,4.5868889990516656e-05,0.0015504593111645927,0.6190476190476191,0.5548475193445608
3,P4HB,4.0638165,0.88963515,4.827679004251685e-05,0.00161284877099175,0.3197278911564626,0.2212107419208011
3,SNRPB,4.05837,0.6454721,4.941639893085588e-05,0.001645927667804312,0.40589569160997735,0.3354574419663177
3,EMP3,4.0468607,0.32906047,5.190906077122509e-05,0.0017247448513183694,0.7596371882086168,0.7291761492944925
3,SKAP1,4.029323,1.2886539,5.593769933927839e-05,0.0018456711336862469,0.23129251700680273,0.12289485662266728
3,BZW1,4.0292544,1.1369512,5.5954001856041755e-05,0.0018456711336862469,0.25396825396825395,0.14656349567592172
3,RUNX3,4.0212393,1.8649107,5.7892777718648095e-05,0.0019050211386165263,0.18140589569160998,0.06645425580336822
3,DBI,4.0087366,0.6133316,6.104444947122384e-05,0.0020039014470649825,0.41043083900226757,0.3450159308147474
3,TSEN54,4.0054483,2.1432827,6.18999754558471e-05,0.002027112865287885,0.16326530612244897,0.04597177969959035
3,TMEM59,4.000961,0.54047203,6.308573947194055e-05,0.002061002053178995,0.4512471655328798,0.3878015475648612
3,PSMB1,3.9838686,0.4526551,6.780240108667059e-05,0.0022045466410466038,0.5079365079365079,0.459262630860264
3,CCL3,3.9735239,1.3093587,7.08170477082593e-05,0.002297096445377646,0.23582766439909297,0.12107419208010924
3,CISD3,3.9522524,1.3647318,7.741901874598797e-05,0.0024876096941063804,0.2199546485260771,0.11015020482476104
3,SRSF7,3.9347146,0.4688664,8.329563640970512e-05,0.0026701530770209697,0.5351473922902494,0.4756486117432863
3,C11orf58,3.9200883,0.5268145,8.851655287341432e-05,0.002830871302199873,0.4376417233560091,0.37960855712335
3,WIPF1,3.874394,0.9501448,0.00010689040195616669,0.003394640300263749,0.2857142857142857,0.19253527537551207
3,GHITM,3.872784,0.56428945,0.00010759919244342147,0.003409221744796667,0.41950113378684806,0.36458807464724624
3,IRF1,3.8557258,0.7689296,0.00011538682990874619,0.0036475059010042544,0.3469387755102041,0.27218934911242604
3,AOAH,3.793213,1.3915861,0.00014871061388500227,0.004636511742496783,0.2108843537414966,0.10923987255348203
3,MT-ND2,3.7862594,0.26794466,0.00015293208827145822,0.004735692964705291,0.9024943310657596,0.891670459717797
3,ITGB7,3.7650564,1.2225536,0.00016651155470025396,0.005144528938883864,0.22448979591836735,0.1242603550295858
3,CD164,3.7303574,0.60085076,0.00019120835616746735,0.005843068069611666,0.3968253968253968,0.3336367774237597
3,SYNE2,3.728953,1.8069752,0.0001922770214311982,0.005860692360963988,0.16780045351473924,0.06008192990441511
3,SCP2,3.728405,0.7231908,0.00019269558216702037,0.005860692360963988,0.3378684807256236,0.26217569412835684
3,VAMP2,3.7138472,0.4493054,0.00020413213211370465,0.006180994226485035,0.49206349206349204,0.4487938097405553
3,SEC61B,3.7032285,0.6067515,0.00021287297871029577,0.006431401321388936,0.3832199546485261,0.3063268092853892
3,CDC42,3.671441,0.5406151,0.00024118663233501164,0.007238779453114107,0.4126984126984127,0.36640873918980427
3,PRR5,3.6606169,2.3003912,0.00025160863911730395,0.007535016613565576,0.14965986394557823,0.04278561675011379
3,IFNG,3.6501353,4.594212,0.00026210213240770444,0.007814992838776444,0.11564625850340136,0.005917159763313609
3,LAG3,3.644963,3.5295153,0.0002674301917695869,0.007956485182582742,0.12244897959183673,0.013199817933545745
3,DENND2D,3.616567,1.0548373,0.0002985362798453297,0.00884340875828161,0.24036281179138322,0.14383249886208466
3,RASSF5,3.614854,0.9638212,0.00030051677037549795,0.008882807394475759,0.2585034013605442,0.1679563040509786
3,KLRF1,3.5919042,4.733363,0.0003282705262604446,0.009682208005642833,0.11337868480725624,0.005461993627674101
3,TMEM109,3.5905683,1.3044925,0.0003299577337727958,0.009710997440520043,0.20634920634920634,0.108329540282203
3,EIF3G,3.583341,0.31326175,0.0003392275511233598,0.009919681880386725,0.5941043083900227,0.5744196631770596
3,PLA2G16,3.5812855,2.8922808,0.0003419076775335261,0.00997669069315776,0.1292517006802721,0.02321347291761493
3,RASSF1,3.5716603,1.5961401,0.0003547253134800095,0.010328633008279338,0.1746031746031746,0.07191624943104233
3,RAB7L1,3.5628915,1.6883371,0.00036679247382957747,0.01065727238854619,0.17006802721088435,0.06781975421028676
3,PAIP2,3.550149,0.59170204,0.00038501312961848583,0.011139278173877208,0.37188208616780044,0.3063268092853892
3,HMOX2,3.5380576,0.9854716,0.0004030822733412841,0.011637402800736947,0.25396825396825395,0.16932180245789713
3,GIMAP6,3.5282953,1.4539621,0.00041824542734673296,0.012049703704318534,0.1836734693877551,0.08375056895766955
3,CD47,3.4988713,0.71583354,0.00046723196956343494,0.013348367732967088,0.3129251700680272,0.23441055985434683
3,RNF167,3.4815047,0.96232057,0.0004986049305658266,0.014214924701058305,0.2471655328798186,0.1561219845243514
3,BUB3,3.4179642,0.82629293,0.0006309138894160644,0.01769149912498106,0.2834467120181406,0.1998179335457442
3,GIMAP4,3.417382,0.39175284,0.0006322650581503779,0.017693056627257297,0.4988662131519274,0.45152480655439237
3,PYHIN1,3.4046397,2.029527,0.0006625142579267823,0.018501625166151614,0.14285714285714285,0.04278561675011379
3,OSTF1,3.390082,0.61554337,0.0006987176770455884,0.019455039857469596,0.36281179138321995,0.30040964952207555
3,HNRNPM,3.3897736,0.58620423,0.0006995038495912105,0.019455039857469596,0.36961451247165533,0.30131998179335456
3,SSR2,3.383368,0.28386375,0.0007160259147882042,0.019874085147048207,0.6326530612244898,0.6149294492489759
3,PDIA6,3.3691187,0.7296247,0.0007540897595162767,0.020761793862811035,0.30158730158730157,0.2275830678197542
3,CKLF,3.3519232,0.75117797,0.0008025225788295842,0.022050801481884912,0.2857142857142857,0.20209376422394174
3,BAX,3.3270893,0.6068955,0.0008775821786236338,0.023873032333235743,0.35374149659863946,0.297223486572599
3,CFLAR,3.3249998,0.83979094,0.0008841856164037219,0.02393004499379545,0.2653061224489796,0.1838871187983614
3,TBC1D10C,3.3243833,0.6150582,0.0008861429554002532,0.02393004499379545,0.35600907029478457,0.29085116067364586
3,SH2D1B,3.3107162,4.3995333,0.0009305755060514494,0.02501562817054841,0.10657596371882086,0.007282658170232135
3,DNAJC1,3.296501,1.5126127,0.0009789730253313375,0.026111046160009265,0.17233560090702948,0.07965407373691398
3,AC092580.4,3.282354,2.2762568,0.001029442262239231,0.027297210743959105,0.1292517006802721,0.03140646335912608
3,FLNA,3.2748868,0.8469748,0.0010570430062322195,0.02797476607191316,0.2743764172335601,0.2002730996813837
3,RORA,3.271804,1.2745452,0.00106863621569926,0.028172386412334164,0.19047619047619047,0.10150204824761037
3,LMAN2,3.2514915,0.6799441,0.001148011578055776,0.03014855021140322,0.31519274376417233,0.2503413746017296
3,IL12RB1,3.249642,1.6365066,0.001155504017455914,0.030287068833738887,0.1564625850340136,0.06372325898953118
3,DRAP1,3.2421403,0.37942365,0.0011863556786509994,0.031036155455283616,0.4988662131519274,0.460172963131543
3,MIEN1,3.2318642,0.88693696,0.0012298544769602372,0.03205132201787977,0.2471655328798186,0.16841147018661812
3,RBM39,3.2218623,0.48086396,0.001273603574307078,0.03312824840140468,0.39909297052154197,0.34410559854346834
3,GAPDH,3.221006,0.2795385,0.001277415210728994,0.03316422455839381,0.8866213151927438,0.8438780154756486
3,ADRB2,3.2030911,2.8743293,0.0013596089597472918,0.035164431731645865,0.11564625850340136,0.020482476103777878
3,MFSD10,3.2020636,1.4057555,0.0013644685195830456,0.03522340662273359,0.16780045351473924,0.07646791078743742
3,YWHAB,3.199152,0.3429348,0.001378324409438283,0.03551395874582867,0.5351473922902494,0.4988620846609012
3,GYG1,3.1967885,1.2632633,0.0013896674314340834,0.03573879179597711,0.18820861678004536,0.09922621756941284
3,SDF2L1,3.1863754,1.0799962,0.001440674922223736,0.03684242834810363,0.21315192743764172,0.1297223486572599
3,GBP5,3.1738043,1.6160101,0.001504550498606167,0.038332353748070556,0.15192743764172337,0.05917159763313609
3,RCN2,3.1738043,1.070362,0.001504550498606167,0.038332353748070556,0.20408163265306123,0.11834319526627218
3,PILRB,3.171715,1.9641833,0.0015154168915066856,0.03853730553149962,0.1383219954648526,0.04597177969959035
3,SKP1,3.1476004,0.33796632,0.0016461658330114712,0.04162970484371232,0.49206349206349204,0.46199362767410107
3,DDOST,3.1465042,0.87149507,0.001652348615737233,0.04170882198984779,0.25170068027210885,0.17660446062812926
3,ITGAL,3.1451342,1.3883306,0.0016601071405704737,0.04182734891444721,0.1746031746031746,0.08830223031406463
3,GIMAP5,3.129583,0.5775913,0.0017505463805352222,0.043863231876310076,0.3469387755102041,0.27355484751934456
3,ARHGAP25,3.1039612,1.2523656,0.0019094834569236556,0.04758377023311942,0.18140589569160998,0.09467455621301775
3,WDR1,3.093548,0.632146,0.0019777846661102804,0.0489286728268152,0.3129251700680272,0.25261720527992715
3,POLE4,-3.090431,-0.9642521,0.0019986620059740763,0.04926665767794582,0.10884353741496598,0.20755575785161584
3,NINJ1,-3.090431,-1.2096806,0.0019986620059740763,0.04926665767794582,0.07482993197278912,0.17159763313609466
3,POLD4,-3.094199,-0.5926405,0.0019734510011956124,0.048910066918924286,0.26077097505668934,0.36640873918980427
3,WARS,-3.0946784,-1.464508,0.0019702633539770502,0.048910066918924286,0.05668934240362812,0.1520254893035958
3,CLTA,-3.1032076,-0.67147154,0.0019143526374402946,0.04761821423840558,0.20408163265306123,0.30996813837050524
3,HINT1,-3.1227665,-0.44995716,0.0017915983509066225,0.04472772775133608,0.5419501133786848,0.6618115612198452
3,TCEB2,-3.1258836,-0.49831995,0.0017727172618775824,0.044337411956410736,0.3968253968253968,0.5061447428311333
3,SLC11A1,-3.1336248,-3.265656,0.0017266142895565554,0.04334309694519177,0.011337868480725623,0.10605370960400547
3,IRF8,-3.142154,-2.151106,0.0016770977974214986,0.04217761974509758,0.031746031746031744,0.12653618570778333
3,EIF4EBP1,-3.166988,-1.7481499,0.0015402671736206189,0.03909644706870478,0.04308390022675737,0.1397360036413291
3,PYCARD,-3.1921985,-0.6204981,0.0014119421972359515,0.03617538957871323,0.30612244897959184,0.38461538461538464
3,CD55,-3.1956582,-0.93595433,0.0013951227295810095,0.035811646607440344,0.12018140589569161,0.22303140646335912
3,FCGR2A,-3.216176,-4.5561275,0.0012991107383872299,0.03366348433285771,0.0045351473922902496,0.10150204824761037
3,ARPC1B,-3.2374477,-0.262186,0.001206040704406895,0.031490806614494375,0.7437641723356009,0.7487482931269913
3,SNX3,-3.2534099,-0.5500941,0.0011402890907487636,0.030003444746175556,0.36281179138321995,0.48748293126991354
3,CYBB,-3.274236,-2.3658934,0.0010594807283117193,0.02798504608476758,0.024943310657596373,0.1242603550295858
3,RSL1D1,-3.2874236,-0.6251003,0.001011085897361003,0.026862624541560038,0.22448979591836735,0.34865725989986346
3,SMDT1,-3.2905407,-0.57671636,0.000999950125074681,0.026618555376257003,0.2811791383219955,0.406463359126081
3,C5AR1,-3.3041053,-2.9913318,0.0009528007065544243,0.02546271320686344,0.015873015873015872,0.11561219845243514
3,TCL1A,-3.3047218,-3.3468547,0.0009507072869873867,0.025456585708038732,0.018140589569160998,0.11652253072371416
3,LIMS1,-3.3081472,-1.3734026,0.0009391545558783646,0.025196649538457655,0.07029478458049887,0.1725079654073737
3,BNIP3L,-3.313799,-1.184293,0.0009203765054417181,0.0247902594838503,0.07936507936507936,0.1847974510696404
3,AP2S1,-3.324212,-0.65025544,0.0008866873730858596,0.02393004499379545,0.2675736961451247,0.3705052344105599
3,PGLS,-3.3264387,-0.7294346,0.0008796340681349014,0.023881278000895057,0.2108843537414966,0.3158852981338188
3,ATP5O,-3.3296242,-0.5569035,0.0008696328331240408,0.02370400393042296,0.3401360544217687,0.4647246244879381
3,RNASE6,-3.3307545,-2.908768,0.0008661094248448278,0.023655180611361938,0.018140589569160998,0.11834319526627218
3,LILRB2,-3.3312,-2.8871148,0.0008647250534370299,0.023655180611361938,0.015873015873015872,0.11697769685935366
3,BIRC3,-3.345244,-1.9024104,0.0008221026816224781,0.02254344220931036,0.047619047619047616,0.14701866181156123
3,CTSZ,-3.3722358,-2.2719085,0.0007456061777115461,0.020569692854199743,0.027210884353741496,0.1297223486572599
3,SMCO4,-3.3767571,-2.6582615,0.0007334577596562546,0.02027550438434375,0.02040816326530612,0.12243969048702777
3,EIF3L,-3.3805592,-0.52673244,0.0007233846247420052,0.020037607374192336,0.4331065759637188,0.5707783340919436
3,FGL2,-3.4338923,-1.9160438,0.0005949807504764874,0.016718224544252907,0.03854875283446712,0.14383249886208466
3,ANP32B,-3.4412568,-0.57906187,0.0005790188517654218,0.01631151878551286,0.3378684807256236,0.46199362767410107
3,C20orf27,-3.4447505,-1.8570701,0.0005715864995328821,0.016160631961948318,0.04081632653061224,0.14656349567592172
3,RAC1,-3.4452643,-0.5905716,0.0005705010294450582,0.016160631961948318,0.35600907029478457,0.45698680018206644
3,MAFB,-3.4538279,-3.4608073,0.0005526901188855231,0.01572403388229313,0.011337868480725623,0.11561219845243514
3,PGD,-3.5092845,-2.3287868,0.00044931409286924054,0.01286338208013071,0.02947845804988662,0.1356395084205735
3,ZNF706,-3.51247,-0.7261655,0.0004439620625659813,0.012736861189918154,0.21315192743764172,0.3331816112881202
3,IFI6,-3.5168889,-0.6747296,0.00043663673976371384,0.012553076459396371,0.3197278911564626,0.42011834319526625
3,ATP6V0B,-3.5879993,-0.73009837,0.0003332251955917593,0.009765071396997994,0.24263038548752835,0.3568502503413746
3,SUSD3,-3.5892668,-1.7489431,0.000331609482228828,0.009738621697455646,0.05215419501133787,0.1615839781520255
3,TGFBI,-3.6222873,-2.9908338,0.0002920096831788047,0.008668878768455993,0.015873015873015872,0.12562585343650431
3,LRRC25,-3.6524303,-3.5530252,0.0002597700462326398,0.007762406458102688,0.011337868480725623,0.12152935821574874
3,MPEG1,-3.692233,-3.115632,0.00022229358687568133,0.006701194751378156,0.015873015873015872,0.12744651797906237
3,HLA-DQA2,-3.7258017,-2.4418333,0.00019469546528856407,0.0059083583866236244,0.031746031746031744,0.14337733272644515
3,MYADM,-3.730289,-1.2383789,0.00019126035640864197,0.005843068069611666,0.09297052154195011,0.20983158852981337
3,CD4,-3.746491,-2.6658056,0.00017932554863336916,0.005503077959859077,0.022675736961451247,0.13609467455621302
3,PPT1,-3.7481692,-1.2583872,0.00017813002799573648,0.005478701942139138,0.09523809523809523,0.21256258534365044
3,BLVRA,-3.7626243,-1.3658469,0.00016813969332362793,0.005183105309317072,0.09070294784580499,0.2048247610377788
3,KLF4,-3.786636,-2.5951996,0.00015270047738586445,0.004735692964705291,0.024943310657596373,0.1397360036413291
3,LGALS9,-3.800817,-1.331133,0.00014421972940654936,0.004506784038388645,0.07482993197278912,0.1952662721893491
3,EIF3E,-3.805647,-0.706202,0.00014143406212733124,0.004429870533052375,0.2698412698412698,0.39690487027765137
3,MRPL23,-3.813902,-0.821522,0.00013678973761152783,0.004294254383501205,0.18140589569160998,0.31178880291306327
3,GCA,-3.8406198,-2.302864,0.0001227240544193559,0.0038615660994256317,0.034013605442176874,0.15020482476103778
3,NOSIP,-3.8486695,-0.6657573,0.00011876114757095509,0.003745501688750491,0.32653061224489793,0.44970414201183434
3,CCDC109B,-3.8967957,-0.7632528,9.74737489580186e-05,0.003102800736062242,0.21541950113378686,0.34911242603550297
3,ASAH1,-3.9190264,-1.0787369,8.890738558465379e-05,0.002836727237252411,0.1473922902494331,0.26627218934911245
3,PPP1R15A,-3.955849,-0.6930689,7.626331331443821e-05,0.0024562542609008683,0.2789115646258503,0.42057350933090576
3,PILRA,-3.9572191,-2.9756143,7.582735089940054e-05,0.0024479865340005054,0.018140589569160998,0.13791533909877104
3,IGSF6,-3.960439,-3.8373713,7.481209730902702e-05,0.00242093365130823,0.009070294784580499,0.1288120163859809
3,ALDH2,-3.9890065,-3.7487795,6.635059141935677e-05,0.0021624908745172698,0.011337868480725623,0.13154301319981793
3,NPM1,-4.0312757,-0.31004277,5.5474964601521215e-05,0.0018387527101902273,0.7913832199546486,0.8375056895766955
3,FPR1,-4.0636797,-4.464494,4.830515138661583e-05,0.00161284877099175,0.006802721088435374,0.1292671825216204
3,RPL39,-4.0671735,-0.9628825,4.758684850838092e-05,0.001596673226610442,0.17006802721088435,0.2958579881656805
3,CPVL,-4.069297,-3.538474,4.715519422092329e-05,0.0015860870253224838,0.013605442176870748,0.13609467455621302
3,PLAUR,-4.0729966,-3.1122162,4.6412132832092075e-05,0.001564948360382838,0.018140589569160998,0.14110150204824762
3,RNH1,-4.087109,-0.8760227,4.367820483042899e-05,0.001483755137224722,0.19954648526077098,0.3295402822030041
3,ODF3B,-4.1194444,-3.077566,3.797871007082755e-05,0.0012998427687399023,0.018140589569160998,0.14246700045516614
3,AMICA1,-4.120883,-0.99314827,3.7742303508577665e-05,0.0012949972279224537,0.15192743764172337,0.2858443331816113
3,SNX2,-4.1220136,-1.2480034,3.7557536200424054e-05,0.0012919035626019922,0.10657596371882086,0.23577605826126535
3,BTF3,-4.1382837,-0.3760907,3.4991328304952564e-05,0.0012066706548798795,0.8367346938775511,0.9080564406008192
3,C19orf38,-4.154109,-27.818665,3.265574301138349e-05,0.001128979307755577,0.0,0.1251706873008648
3,BID,-4.1630836,-1.3395056,3.1397848969666686e-05,0.0010910153321368149,0.09977324263038549,0.22803823395539372
3,CSF3R,-4.164522,-3.745107,3.1200534144778524e-05,0.001086924730308917,0.011337868480725623,0.13700500682749203
3,SOCS3,-4.185622,-1.7128757,2.843857918148588e-05,0.000995787787954798,0.07029478458049887,0.19663177059626763
3,CORO1B,-4.1997347,-1.7868259,2.6722769519144426e-05,0.0009381134718597334,0.05895691609977324,0.18752844788347747
3,LILRA5,-4.221212,-3.4801002,2.4299237160850405e-05,0.0008566638480981843,0.013605442176870748,0.14110150204824762
3,MS4A7,-4.257315,-4.0102386,2.0689652822747227e-05,0.0007357757785089483,0.011337868480725623,0.13928083750568956
3,STXBP2,-4.2879725,-1.207887,1.803116278669727e-05,0.0006445904686260155,0.1383219954648526,0.2658170232134729
3,TUBA1A,-4.289034,-0.71489805,1.7945182777319652e-05,0.0006432005669477091,0.3356009070294785,0.48793809740555305
3,LYL1,-4.290473,-4.086863,1.7829316655458143e-05,0.0006407293374919379,0.009070294784580499,0.13837050523441055
3,CD79B,-4.2923226,-1.3991928,1.768139299111632e-05,0.0006370899807036529,0.14285714285714285,0.26263086026399635
3,ATP5G2,-4.3216434,-0.4200507,1.5487124145794264e-05,0.0005624791684440598,0.746031746031746,0.8384160218479745
3,ZFP36,-4.32661,-0.5599304,1.5142149290720833e-05,0.0005528908842622559,0.5986394557823129,0.7273554847519345
3,CHCHD10,-4.3271585,-1.2183628,1.5104535102820337e-05,0.0005528908842622559,0.10884353741496598,0.24761037778789258
3,SNHG7,-4.3355503,-1.0794934,1.4539577262215126e-05,0.0005351818520021826,0.15192743764172337,0.2885753299954483
3,PKM,-4.364769,-0.7365322,1.2725723875912592e-05,0.00047223501426484337,0.29705215419501135,0.45106964041875286
3,MS4A1,-4.3920007,-2.3846662,1.1231243716794045e-05,0.0004236847077252472,0.049886621315192746,0.17888029130632682
3,MNDA,-4.401489,-3.5019388,1.0751063703425553e-05,0.0004078236831499426,0.015873015873015872,0.14838416021847975
3,LEF1,-4.4031672,-1.9969522,1.0668188729486464e-05,0.00040580720136453247,0.05442176870748299,0.18752844788347747
3,RP11-290F20.3,-4.434578,-5.3790145,9.225291386678746e-06,0.0003548748709196759,0.0045351473922902496,0.13791533909877104
3,TMEM66,-4.464515,-0.4589295,8.025016063312417e-06,0.00031222113777947116,0.6689342403628118,0.7514792899408284
3,APOBEC3A,-4.4905825,-4.057186,7.102867105379678e-06,0.0002771335805458997,0.013605442176870748,0.14792899408284024
3,MAL,-4.5144916,-3.1508937,6.346887056557291e-06,0.00024906060242628264,0.02040816326530612,0.1565771506599909
3,TNFSF10,-4.515999,-1.4244897,6.301906562315125e-06,0.0002480081729538194,0.09977324263038549,0.23987255348202094
3,HIGD2A,-4.53155,-0.7099447,5.855253031191634e-06,0.00023109634506922815,0.35827664399092973,0.5225307237141557
3,FYB,-4.536585,-0.86319834,5.717243056977878e-06,0.00022630339474228955,0.24263038548752835,0.3955393718707328
3,NEAT1,-4.6572604,-0.59401566,3.2044467984581672e-06,0.00013141118762686105,0.5600907029478458,0.6558944014565317
3,C11orf31,-4.6599326,-0.756839,3.163132413975543e-06,0.00013010763929292173,0.3129251700680272,0.47337278106508873
3,EEF1D,-4.682608,-0.26489908,2.832474384219685e-06,0.00011685882232901517,0.9523809523809523,0.9690487027765134
3,LAPTM5,-4.6829853,-0.4930417,2.827270738921218e-06,0.00011685882232901517,0.7120181405895691,0.8088302230314065
3,RNF130,-4.71443,-1.935993,2.4238839345521098e-06,0.0001006096018548438,0.061224489795918366,0.20391442876649976
3,EVI2B,-4.745224,-0.98279667,2.082757798236221e-06,8.697902291349797e-05,0.19954648526077098,0.352753755120619
3,GLTSCR2,-4.7512527,-0.4320563,2.021604132971542e-06,8.494469550725962e-05,0.764172335600907,0.8475193445607647
3,ARPC3,-4.7734833,-0.4354894,1.8106666849614922e-06,7.679026164544763e-05,0.764172335600907,0.8279472007282658
3,RGCC,-4.8079767,-1.4222113,1.5246560941904327e-06,6.486200505378363e-05,0.10884353741496598,0.25489303595812474
3,POU2F2,-4.8366127,-2.487549,1.3207045038410436e-06,5.67155368064569e-05,0.03854875283446712,0.1843422849340009
3,TMEM123,-4.874463,-0.81543714,1.091048900295093e-06,4.729956756326918e-05,0.2947845804988662,0.4542558033682294
3,RPS4Y1,-4.9095044,-0.47578323,9.130687114952588e-07,3.983663362357589e-05,0.8095238095238095,0.9035047792444242
3,SERP1,-4.9114227,-0.6838891,9.04179965077127e-07,3.9575261548375785e-05,0.4308390022675737,0.5780609922621757
3,BLVRB,-4.9275217,-2.5444136,8.327914832336889e-07,3.656784725093008e-05,0.03854875283446712,0.18661811561219846
3,CTSB,-4.938757,-1.7690135,7.862212836495122e-07,3.463431564360561e-05,0.07482993197278912,0.22576240327719618
3,NUP214,-4.942422,-3.310426,7.715794026212721e-07,3.40993149585634e-05,0.02040816326530612,0.16932180245789713
3,YBX1,-4.9697566,-0.52112246,6.703703750994538e-07,2.9722655332331628e-05,0.7324263038548753,0.8347746927628584
3,HLA-DMB,-5.0507665,-2.1718764,4.4004110416007435e-07,1.989801761062906e-05,0.05442176870748299,0.20664542558033683
3,ANXA5,-5.1004,-1.1726774,3.3893670412950795e-07,1.5479998767868095e-05,0.18140589569160998,0.3331816112881202
3,SLC7A7,-5.1055036,-4.3779454,3.2991465250941817e-07,1.5118505015666492e-05,0.009070294784580499,0.162949476558944
3,EIF3H,-5.1150947,-0.6890085,3.135836760444268e-07,1.441851407428516e-05,0.5034013605442177,0.6677287209831588
3,RPL34,-5.1398945,-0.36280122,2.748930962348785e-07,1.2682230142511827e-05,0.891156462585034,0.9135184342284934
3,TNFSF13B,-5.1996326,-2.8419366,1.9968282309743719e-07,9.306718881292156e-06,0.031746031746031744,0.18843878015475649
3,GPX4,-5.245156,-0.77054393,1.5615041712587064e-07,7.302705809146882e-06,0.40816326530612246,0.5716886663632226
3,HCK,-5.250979,-3.4998906,1.5129309376527177e-07,7.099857348654815e-06,0.018140589569160998,0.17660446062812926
3,CTSH,-5.252931,-2.3881407,1.4969741984911247e-07,7.049199880894759e-06,0.045351473922902494,0.20391442876649976
3,IFNGR2,-5.2563567,-3.0639577,1.4693723342909634e-07,6.967273818429651e-06,0.024943310657596373,0.1838871187983614
3,RPL27,-5.2854724,-0.32351053,1.253809091924743e-07,5.986719216546955e-06,0.9342403628117913,0.9626763768775604
3,LGALS3,-5.2879386,-1.6427208,1.2370257327716275e-07,5.927306458501525e-06,0.12244897959183673,0.271279016841147
3,CDA,-5.313526,-4.012086,1.0752412760700651e-07,5.170244671131271e-06,0.013605442176870748,0.17341829767865272
3,SPINT2,-5.3534656,-3.2222311,8.628541522937606e-08,4.1784171289799985e-06,0.02040816326530612,0.18297678652708238
3,CD14,-5.3974814,-4.7454867,6.758281040561498e-08,3.2843802807796374e-06,0.009070294784580499,0.17114246700045516
3,LAMTOR4,-5.4010096,-0.8108333,6.626684132826416e-08,3.2319285184956263e-06,0.3764172335600907,0.5493855257168867
3,SOD2,-5.4165606,-2.0487742,6.075631965065599e-08,2.9737931940837215e-06,0.06575963718820861,0.23031406463359125
3,FXYD5,-5.4543767,-0.63306236,4.914487749817124e-08,2.4228247188268105e-06,0.6167800453514739,0.7596722803823396
3,TALDO1,-5.4833555,-1.0922865,4.173333447444734e-08,2.0799650203761052e-06,0.23582766439909297,0.3973600364132909
3,IFITM3,-5.484794,-2.004115,4.139513160316174e-08,2.070666363270244e-06,0.09523809523809523,0.25216203914428764
3,TOMM7,-5.4880137,-0.5970952,4.064780323064222e-08,2.040758826903126e-06,0.6689342403628118,0.8010923987255348
3,EEF1B2,-5.509902,-0.4439235,3.590335470476133e-08,1.8226624975770286e-06,0.8390022675736961,0.8975876194811107
3,LDHB,-5.515211,-0.56600183,3.483611488062295e-08,1.7750820328723395e-06,0.6077097505668935,0.6886663632225762
3,DUSP1,-5.527097,-0.551496,3.2557238855774216e-08,1.6651747333874632e-06,0.8231292517006803,0.9048702776513428
3,CD79A,-5.6375995,-4.1759787,1.7243694545101906e-08,9.056918950304292e-07,0.018140589569160998,0.18616294947655895
3,NCF1,-5.6652765,-3.2742972,1.4678767373351476e-08,7.799737247100691e-07,0.022675736961451247,0.1943559399180701
3,C1orf162,-5.677402,-1.0274771,1.3675562969227489e-08,7.295058121397289e-07,0.24036281179138322,0.41875284478834773
3,MS4A6A,-5.704428,-4.035386,1.1673417577823753e-08,6.291232141907622e-07,0.015873015873015872,0.18707328174783797
3,ZFAS1,-5.7064495,-0.89463836,1.153572295139399e-08,6.251263199374458e-07,0.3356009070294785,0.5216203914428766
3,S100A11,-5.7741003,-0.9078887,7.736536911610925e-09,4.242977833934088e-07,0.4489795918367347,0.5421028675466545
3,CEBPB,-5.856309,-1.3731921,4.732674207914843e-09,2.681717800136311e-07,0.1836734693877551,0.3522985889849795
3,NCF2,-5.9236174,-3.1744423,3.1493581582048308e-09,1.7994826363366182e-07,0.027210884353741496,0.20619025944469732
3,RPL14,-5.945711,-0.2782652,2.7525953111110998e-09,1.579388301198873e-07,0.9863945578231292,0.9877105143377333
3,HLA-DQA1,-6.0310025,-2.4219148,1.6294569220815977e-09,9.509343473481323e-08,0.07256235827664399,0.24761037778789258
3,RPL5,-6.0604606,-0.2623084,1.3573230021707655e-09,7.989484016225851e-08,0.9750566893424036,0.9736003641329085
3,RGS10,-6.1005373,-1.1085085,1.0571247947404718e-09,6.249392293063152e-08,0.25170068027210885,0.44970414201183434
3,BRI3,-6.1070113,-2.4918468,1.015140665846061e-09,6.027287362084265e-08,0.05215419501133787,0.23577605826126535
3,TSPO,-6.1980233,-1.0213455,5.717672272058874e-10,3.439671037323171e-08,0.3356009070294785,0.5065999089667729
3,FAM26F,-6.204189,-2.1785274,5.497973981723523e-10,3.336903675307397e-08,0.07709750566893424,0.2598998634501593
3,FKBP1A,-6.226488,-1.0054106,4.770069101881445e-10,2.9080385560398665e-08,0.3219954648526077,0.49476558944014565
3,CCR7,-6.3545966,-3.0122437,2.0897439647299538e-10,1.3030841818425685e-08,0.03854875283446712,0.22803823395539372
3,RPS20,-6.3629203,-0.43321502,1.979536092319942e-10,1.240024994345006e-08,0.9183673469387755,0.9617660446062813
3,TIMP1,-6.442354,-1.5086097,1.1763425589305885e-10,7.506604665773885e-09,0.17233560090702948,0.3604915794264907
3,HLA-DPB1,-6.4827394,-1.1693207,9.007202787488513e-11,5.8019981729218455e-09,0.42630385487528344,0.53709604005462
3,IFI30,-6.5163765,-6.9460154,7.202609638717069e-11,4.661556266650251e-09,0.0022675736961451248,0.19845243513882568
3,RPS29,-6.61328,-0.47922248,3.758966338194449e-11,2.467905976653048e-09,0.8820861678004536,0.9358215748748293
3,OAZ1,-6.715253,-0.57375014,1.877401929354035e-11,1.2495334226996254e-09,0.8775510204081632,0.9189804278561675
3,PSAP,-6.7402925,-1.1418668,1.580682007295577e-11,1.063339580868394e-09,0.3922902494331066,0.5329995448338644
3,CAPG,-6.7690997,-2.3897889,1.2958621973731323e-11,8.760541666993809e-10,0.06349206349206349,0.26672735548475196
3,CD52,-6.7779713,-0.6831285,1.218749707417927e-11,8.280221892785677e-10,0.7981859410430839,0.9144287664997724
3,LINC00936,-6.788282,-1.8791701,1.1347688773178225e-11,7.787137582237278e-10,0.10884353741496598,0.3145197997269003
3,GRN,-6.808731,-2.381248,9.846328278507958e-12,6.790982776328519e-10,0.07709750566893424,0.2758306781975421
3,RPL27A,-6.832058,-0.30534676,8.370506254659734e-12,5.802417939778341e-10,0.9931972789115646,0.9899863450159309
3,TKT,-6.8510685,-1.5013285,7.330033024109129e-12,5.107088315165014e-10,0.18594104308390022,0.38461538461538464
3,CD74,-6.8523703,-0.9252826,7.263624418416874e-12,5.086772054251325e-10,0.8367346938775511,0.8456986800182067
3,HLA-DQB1,-6.870114,-2.622767,6.415077030841143e-12,4.515685151194157e-10,0.07482993197278912,0.27401001365498406
3,RPLP0,-6.906936,-0.45120585,4.952321160098916e-12,3.522338425120354e-10,0.9206349206349206,0.9572143832498862
3,SPI1,-6.908238,-3.0453477,4.907104007536641e-12,3.5084509071686055e-10,0.04308390022675737,0.24806554392353208
3,NBEAL1,-6.99579,-0.8870895,2.6376793762107648e-12,1.9058280191287938e-10,0.5124716553287982,0.7205279927173418
3,RPL24,-7.06601,-0.51388437,1.5945172950262664e-12,1.1644239668919089e-10,0.9024943310657596,0.9631315430131998
3,GABARAP,-7.1604476,-1.1395569,8.041416110525291e-13,5.903955828243729e-11,0.3469387755102041,0.5184342284934
3,FOSB,-7.1676064,-1.133325,7.632032409387404e-13,5.633677545005103e-11,0.30839002267573695,0.5238962221210742
3,HLA-DMA,-7.1687713,-2.229719,7.567397768982521e-13,5.616325213762245e-11,0.09070294784580499,0.30086481565771506
3,RPS8,-7.1692505,-0.3265859,7.540939950138037e-13,5.616325213762245e-11,0.9841269841269841,0.9881656804733728
3,PLP2,-7.198606,-1.567243,6.083125608488899e-13,4.5895670336753815e-11,0.15873015873015872,0.3800637232589895
3,NAP1L1,-7.3275366,-1.0566753,2.344215845937217e-13,1.788414055425622e-11,0.39909297052154197,0.6140191169776968
3,LY86,-7.380527,-5.486246,1.5766418564554394e-13,1.230321210957456e-11,0.006802721088435374,0.22894856622667273
3,COX4I1,-7.380664,-0.5956314,1.5750200324565844e-13,1.230321210957456e-11,0.8276643990929705,0.9198907601274465
3,RPL7A,-7.3931665,-0.3340639,1.4337265123742417e-13,1.1317323267620025e-11,0.9705215419501134,0.9795175238962222
3,SERPINA1,-7.4778075,-2.7856767,7.557288776652771e-14,6.035224300232178e-12,0.06575963718820861,0.28311333636777425
3,CD68,-7.5425124,-3.4374878,4.610021624319306e-14,3.725115698325707e-12,0.036281179138321996,0.2598998634501593
3,RPL4,-7.547308,-0.35316718,4.443471151823993e-14,3.6119072648397887e-12,0.9614512471655329,0.9667728720983159
3,CFP,-7.675314,-4.4162035,1.6501424861036274e-14,1.3824752018546708e-12,0.015873015873015872,0.24670004551661356
3,FCGRT,-7.68994,-3.1216934,1.4720397950511386e-14,1.2408750272357006e-12,0.04081632653061224,0.27218934911242604
3,AP1S2,-7.6953177,-2.1486979,1.4114283982611513e-14,1.1971718140779057e-12,0.11337868480725624,0.3350022758306782
3,HLA-DPA1,-7.7400875,-1.4395237,9.934851954138002e-15,8.53272567834645e-13,0.3832199546485261,0.515703231679563
3,LGALS2,-7.7471437,-4.5708103,9.398264072812735e-15,8.122955327742451e-13,0.022675736961451247,0.25216203914428764
3,EEF2,-7.789892,-0.74059886,6.706641670779399e-15,5.870890939497658e-13,0.7142857142857143,0.8616294947655895
3,CFD,-7.8111634,-3.5784087,5.6662383914060355e-15,5.024555290457196e-13,0.03854875283446712,0.26854802002731
3,NACA,-7.9485207,-0.35861984,1.8875178521299484e-15,1.7070161449461308e-13,0.9705215419501134,0.9726900318616295
3,HLA-DRB5,-7.9956193,-1.8961339,1.2892401113419832e-15,1.181601540972223e-13,0.1746031746031746,0.38689121529358217
3,TPT1,-8.018878,-0.30697605,1.0671571886295477e-15,9.846688221571017e-14,0.9931972789115646,0.9845243513882567
3,SLC25A6,-8.034121,-0.7069875,9.425250357199995e-16,8.75586522979069e-14,0.7414965986394558,0.8511606736458808
3,C6orf48,-8.101874,-1.2342504,5.411888349641232e-16,5.096879124324184e-14,0.3287981859410431,0.5889849795175239
3,RNASET2,-8.362475,-1.315607,6.141556643934963e-17,6.077470835476512e-15,0.30385487528344673,0.538916704597178
3,RPS10,-8.437491,-0.34260678,3.242212792637466e-17,3.2317998464421338e-15,0.9750566893424036,0.9740555302685481
3,RPL22,-8.4714365,-0.82250667,2.4238482386822227e-17,2.470154593092868e-15,0.6870748299319728,0.837050523441056
3,RPS21,-8.52703,-0.76173055,1.5015257776094718e-17,1.5417169939124019e-15,0.7573696145124716,0.887118798361402
3,TYMP,-8.549055,-2.170514,1.2409998390136303e-17,1.283870742543192e-15,0.15873015873015872,0.38689121529358217
3,SAT1,-8.590502,-1.3677812,8.658997016740115e-18,9.026508645847559e-16,0.4467120181405896,0.6199362767410105
3,RPL35,-8.626366,-0.53375906,6.333223243201302e-18,6.652807431473613e-16,0.9410430839002267,0.9776968593536641
3,S100A8,-9.065943,-4.0943255,1.2353142749687435e-19,1.3941695652043934e-17,0.05895691609977324,0.32043695949021395
3,EEF1A1,-9.067895,-0.29897276,1.2133829076328708e-19,1.3808297488862068e-17,1.0,0.9899863450159309
3,RPS25,-9.07687,-0.49863487,1.1174240559674284e-19,1.2823145301085044e-17,0.9659863945578231,0.9840691852526172
3,RPL30,-9.131778,-0.416344,6.73833032021515e-20,7.798189733293058e-18,0.981859410430839,0.9854346836595357
3,FCN1,-9.192681,-3.2658355,3.831697031409711e-20,4.472278176147949e-18,0.07936507936507936,0.3400091033227128
3,HLA-DRB1,-9.224503,-1.837022,2.848797239142585e-20,3.353721991183719e-18,0.2947845804988662,0.4929449248975876
3,RPL35A,-9.334594,-0.45774135,1.0137916276102574e-20,1.2144156549689188e-18,0.9727891156462585,0.9877105143377333
3,S100A9,-9.448761,-3.2342787,3.428642400923078e-21,4.256503693364141e-19,0.1473922902494331,0.3996358670914884
3,RPL10A,-9.468937,-0.4310551,2.8270695505328747e-21,3.5418772277134807e-19,0.9863945578231292,0.9868001820664543
3,RPL38,-9.483734,-0.7958106,2.45342600319866e-21,3.1022208796000833e-19,0.7936507936507936,0.9130632680928539
3,RPS14,-9.608555,-0.38692865,7.357464249527816e-22,9.478635074674702e-20,0.9977324263038548,0.9954483386436049
3,RPL36A,-9.643493,-0.86821276,5.237474226648132e-22,6.811709337057799e-20,0.7913832199546486,0.9308147473827947
3,RPS27,-9.649933,-0.38163462,4.918795458397114e-22,6.458756805756826e-20,0.9954648526077098,0.9931725079654073
3,RPL13A,-9.709432,-0.33084735,2.7486627196348766e-22,3.644246417411056e-20,1.0,0.999089667728721
3,RPS13,-9.751905,-0.53739166,1.8103711246723615e-22,2.423767458678997e-20,0.9546485260770975,0.9704142011834319
3,RPS19,-9.767491,-0.36500445,1.5524867830206301e-22,2.099085099894032e-20,1.0,0.9922621756941283
3,RPL37,-9.7732115,-0.6011258,1.4672564821659582e-22,2.0036854520458326e-20,0.9160997732426304,0.9617660446062813
3,NPC2,-9.809966,-2.026291,1.0200316948221797e-22,1.4509950858845507e-20,0.19727891156462585,0.4624487938097406
3,PABPC1,-9.963114,-0.8705393,2.210295504951977e-23,3.2455693995294837e-21,0.7437641723356009,0.8839326354119253
3,RPL19,-10.053509,-0.335787,8.865315745067034e-24,1.3303818880729168e-21,1.0,0.9936276741010469
3,LST1,-10.1370535,-2.9666588,3.7833867566501165e-24,5.871128357819771e-22,0.1292517006802721,0.40236686390532544
3,CD37,-10.14524,-1.1877589,3.4792111990039724e-24,5.46116185443658e-22,0.5963718820861678,0.8047337278106509
3,CST3,-10.151919,-2.968603,3.249082412751837e-24,5.159240631225475e-22,0.1836734693877551,0.44105598543468366
3,RPL37A,-10.23406,-0.5957305,1.395437440694573e-24,2.268582582157749e-22,0.9229024943310657,0.9622212107419208
3,RPS12,-10.326271,-0.47203362,5.360425982625372e-25,8.819515327558082e-23,0.9977324263038548,0.9927173418297679
3,FOS,-10.398923,-0.91976386,2.5075206184358435e-25,4.17593921528779e-23,0.8344671201814059,0.9367319071461083
3,RPL18,-10.407109,-0.4413316,2.3010278526910215e-25,3.8793625131294557e-23,0.9841269841269841,0.9836140191169777
3,CTSS,-10.6797,-1.9123111,1.2668079976173611e-26,2.1624412519328354e-24,0.31065759637188206,0.5653163404642695
3,RPS18,-10.771808,-0.40300772,4.677263300608364e-27,8.295156835468548e-25,1.0,0.9968138370505234
3,GPX1,-10.789174,-2.3745449,3.8725316701817975e-27,6.958327958947714e-25,0.17233560090702948,0.47337278106508873
3,FTL,-10.795957,-1.1706997,3.596973758868227e-27,6.549369820147268e-25,0.9931972789115646,0.9890760127446518
3,LYZ,-10.8154125,-2.3869104,2.9098043849039925e-27,5.428257822637684e-25,0.4217687074829932,0.6413290851160673
3,UBA52,-10.959791,-0.585703,5.963652171895135e-28,1.1311060286027773e-25,0.9433106575963719,0.9822485207100592
3,RPS5,-11.0466585,-0.5352662,2.275259751834308e-28,4.43870673872133e-26,0.9682539682539683,0.9808830223031406
3,JUNB,-11.132601,-1.0623344,8.705732503402653e-29,1.7483159274480387e-26,0.81859410430839,0.9239872553482021
3,RPS2,-11.135856,-0.41059652,8.393538273406821e-29,1.710778487487217e-26,1.0,0.9959035047792444
3,PFDN5,-11.185249,-0.7559582,4.8155170231740685e-29,9.963742495221982e-27,0.8594104308390023,0.9376422394173873
3,TMSB10,-11.401458,-0.5543522,4.1117492744182465e-30,8.91270604626279e-28,0.9841269841269841,0.9954483386436049
3,RPL23,-11.432937,-1.0437932,2.862596861388334e-30,6.305100441793401e-28,0.7097505668934241,0.8875739644970414
3,GNB2L1,-11.440644,-0.5596042,2.6193367684636784e-30,5.86387916559672e-28,0.9659863945578231,0.9831588529813382
3,RPL13,-11.530663,-0.4361212,9.242953879328594e-31,2.1036963029351877e-28,1.0,0.9968138370505234
3,RPS23,-11.546659,-0.5357938,7.674611767781504e-31,1.7763474288275292e-28,0.9795918367346939,0.9831588529813382
3,AIF1,-11.732142,-3.4967017,8.722256246419195e-32,2.089668970194746e-29,0.10204081632653061,0.42922166590805644
3,RPS15,-11.732245,-0.49179184,8.711671702929893e-32,2.089668970194746e-29,0.9841269841269841,0.9931725079654073
3,RPS28,-11.830725,-0.6492497,2.707945171823403e-32,6.977301748381206e-30,0.9501133786848073,0.9795175238962222
3,RPL10,-11.863951,-0.32450807,1.8217258319945868e-32,4.7841323003303995e-30,1.0,0.9977241693218024
3,RPL36,-11.870562,-0.79260415,1.6833418878651865e-32,4.507395455036664e-30,0.8979591836734694,0.9708693673190715
3,FAU,-11.892792,-0.56549144,1.2902019729981486e-32,3.59571390678831e-30,0.9659863945578231,0.9881656804733728
3,RPLP2,-11.977021,-0.5033101,4.688669464637418e-33,1.3339264626893455e-30,0.9954648526077098,0.9918070095584889
3,LTB,-12.079748,-1.7083924,1.3513269920632004e-33,3.9263237028968225e-31,0.47392290249433106,0.7501137915339099
3,RPS16,-12.246153,-0.5734993,1.76156825684368e-34,5.345772470101621e-32,0.9750566893424036,0.9877105143377333
3,RPL29,-12.972946,-0.5716987,1.742038581025798e-38,5.6641140148781665e-36,0.9750566893424036,0.9890760127446518
3,VIM,-13.135685,-1.467922,2.056222631032882e-39,6.848725914484155e-37,0.6145124716553289,0.838871187983614
3,HLA-DRA,-13.269137,-2.8066933,3.4958277731183163e-40,1.1934756017425931e-37,0.3242630385487528,0.6076467910787438
3,COTL1,-13.432048,-2.1042843,3.9241012821206856e-41,1.410198081806318e-38,0.36054421768707484,0.6836595357305416
3,RPLP1,-13.524087,-0.5273476,1.1273469636421937e-41,4.276402815416054e-39,0.9977324263038548,0.9968138370505234
3,FTH1,-13.947187,-1.2343353,3.2725691266366835e-44,1.3144177645103103e-41,0.9863945578231292,0.9904415111515703
3,RPS11,-13.948353,-0.87665397,3.21957312341237e-44,1.3144177645103103e-41,0.8979591836734694,0.9594902139280838
3,RPL28,-13.994321,-0.55512017,1.6883502452122975e-44,7.20503467144348e-42,0.9954648526077098,0.9949931725079654
3,RPL12,-14.90396,-0.597771,3.106105415062583e-50,1.6966790219237853e-47,0.9931972789115646,0.9918070095584889
3,RPL8,-15.472673,-0.7671921,5.305722798970282e-54,3.293406842851735e-51,0.9682539682539683,0.9913518434228493
3,RPL11,-15.524157,-0.55555314,2.381149083055562e-54,1.5484272322955598e-51,0.9977324263038548,0.996358670914884
3,RPS9,-15.549025,-0.739554,1.6154757828043652e-54,1.1030468644988205e-51,0.9795918367346939,0.9908966772872099
3,RPL18A,-16.354122,-0.705974,4.0652636232875307e-60,3.4697025024759075e-57,0.9954648526077098,0.9936276741010469
3,RPL32,-17.373098,-0.71656495,1.3190589089509865e-67,1.3856206508180517e-64,0.9977324263038548,0.9954483386436049
4,SAT1,19.929842,3.6681771,2.242694032062069e-88,3.0626229701839613e-84,0.9946524064171123,0.5601795185638515
4,COTL1,19.8521,3.47242,1.0568893997836293e-87,7.216440821722621e-84,0.9732620320855615,0.6034271725826194
4,FCER1G,19.733372,4.523086,1.114798706080345e-86,5.074563710077731e-83,0.946524064171123,0.31334149326805383
4,LST1,19.689795,4.7759457,2.6375315137142405e-86,9.004532587820417e-83,0.93048128342246,0.31293349653202773
4,FTH1,19.345314,2.8127306,2.2324257088012474e-83,6.0972010958779665e-80,1.0,0.988984088127295
4,AIF1,19.307514,4.5293307,4.6439723634679375e-83,1.0569681099253027e-79,0.9411764705882353,0.3312933496532028
4,FCGR3A,18.861336,5.2264647,2.3715196482292836e-79,4.626496045174157e-76,0.893048128342246,0.13219094247246022
4,OAZ1,18.72687,2.1021976,2.989861348138334e-78,5.103693321272136e-75,1.0,0.9053447572419421
4,IFITM3,18.368692,4.5379915,2.3398067425620735e-75,3.5502667640475195e-72,0.9090909090909091,0.17380660954712362
4,FTL,18.25644,2.9784503,1.839030455233636e-74,2.511379989667053e-71,1.0,0.988984088127295
4,PSAP,17.615932,3.1568103,1.859007841786791e-69,1.9528162374954167e-66,0.9572192513368984,0.47531619747042025
4,IFITM2,17.459005,2.5557745,2.940107266805519e-68,2.867864631106869e-65,0.9358288770053476,0.6919624643002856
4,SERPINA1,17.28699,3.9328847,5.8952378824187625e-67,5.367024568154041e-64,0.8823529411764706,0.19828641370869032
4,ACTB,17.272745,1.3491464,7.546533115903844e-67,6.44096601442393e-64,0.9946524064171123,0.99265605875153
4,TIMP1,17.165472,3.6037226,4.815563912136198e-66,3.868314163772466e-63,0.8983957219251337,0.28559771521827826
4,CD68,17.03967,3.8714502,4.170698756080734e-65,2.997634853317816e-62,0.8877005347593583,0.17176662586699307
4,CTSS,16.863123,3.1614792,8.403016033334988e-64,5.505964290820981e-61,0.9358288770053476,0.49122807017543857
4,CST3,16.726267,4.3998265,8.436432358061052e-63,5.009040012247032e-60,0.9732620320855615,0.35414116687066505
4,S100A11,16.495134,2.9724135,3.976766688590664e-61,2.2627802458080876e-58,0.9197860962566845,0.496532027743778
4,SPI1,16.238005,3.8045487,2.7161348494611063e-59,1.4836615001696346e-56,0.8342245989304813,0.1664626682986536
4,CFD,16.196918,3.8017812,5.301809692961072e-59,2.7846735833490925e-56,0.8716577540106952,0.18115055079559364
4,RP11-290F20.3,16.182825,4.8126326,6.66648427273635e-59,3.371759601055096e-56,0.7647058823529411,0.06609547123623011
4,RHOC,16.097862,3.9860396,2.640732824787878e-58,1.287923123403688e-55,0.8074866310160428,0.14075887392900857
4,CEBPB,16.064594,3.2924287,4.5181274754067405e-58,2.127570648419119e-55,0.8663101604278075,0.2827417380660955
4,STXBP2,16.038696,3.5274363,6.857825650743911e-58,3.121682236218628e-55,0.8556149732620321,0.19787841697266423
4,TMSB4X,15.917479,0.79025114,4.793084096611626e-57,2.0454486382290113e-54,1.0,1.0
4,NPC2,15.848801,2.926623,1.4328840493897658e-56,5.929534720747468e-54,0.93048128342246,0.37902896776825784
4,MS4A7,15.728728,4.8994646,9.612267493043483e-56,3.860738967205936e-53,0.7379679144385026,0.07058343533251733
4,TYMP,15.526731,3.2174067,2.287494921001557e-54,8.220534379262439e-52,0.9197860962566845,0.3051815585475316
4,MYL6,15.294652,1.6593775,8.3003163901111295e-53,2.7646126981306727e-50,1.0,0.8412892696858425
4,S100A4,15.112775,2.154928,1.3340241092780768e-51,4.33748410388129e-49,0.946524064171123,0.8025295797633619
4,TYROBP,15.071688,3.8478196,2.4867848132586028e-51,7.897565909269646e-49,0.93048128342246,0.3569971440228478
4,LGALS1,14.90993,3.246237,2.8404948486079493e-50,8.432564707084816e-48,0.9411764705882353,0.441452468380253
4,HCK,14.86964,3.9233685,5.18914712353505e-50,1.4461835330407068e-47,0.7433155080213903,0.10485516115871073
4,ARPC3,14.616795,1.5919182,2.1949404233804272e-48,5.877275768957474e-46,0.9625668449197861,0.8062015503875969
4,IFI30,14.406231,3.65148,4.728192269099566e-47,1.1957072893856235e-44,0.7486631016042781,0.1211750305997552
4,FKBP1A,14.314645,2.3875048,1.772681821657397e-46,4.2469724485181425e-44,0.9144385026737968,0.43166054671562626
4,YBX1,14.05139,1.4441688,7.553656505491829e-45,1.611761456859319e-42,0.9518716577540107,0.8074255405956753
4,SRGN,13.939834,2.2858791,3.6278689622136494e-44,7.506390689089333e-42,0.9625668449197861,0.5711954304365565
4,ARPC1B,13.797847,1.7952476,2.6257755259718764e-43,5.122512940381706e-41,0.9893048128342246,0.7294981640146879
4,S100A6,13.7341,1.9650965,6.343916397200558e-43,1.203229476669039e-40,0.9358288770053476,0.7711138310893513
4,NEAT1,13.40451,1.9776574,5.689824525011615e-41,1.0090940742020598e-38,0.9197860962566845,0.6185230518155854
4,BID,13.309039,3.1243281,2.0510381740437517e-40,3.501122163092684e-38,0.7272727272727273,0.16687066503467973
4,BRI3,13.304506,3.0463374,2.1792683821466522e-40,3.6740850650116895e-38,0.7486631016042781,0.16360669114647083
4,PILRA,13.057438,3.9013665,5.763498289611495e-39,9.36980150511126e-37,0.6470588235294118,0.07751937984496124
4,CFP,12.961419,2.9995017,2.024662513597819e-38,3.2149757308943975e-36,0.7486631016042781,0.16687066503467973
4,PFN1,12.949168,1.0745163,2.3751425238095887e-38,3.728154747717672e-36,0.983957219251337,0.9424724602203183
4,FGR,12.799612,2.8780348,1.6477241253702897e-37,2.472672599566668e-35,0.7486631016042781,0.17543859649122806
4,HLA-DPA1,12.731084,2.5870652,3.972838414243891e-37,5.897074063577671e-35,0.9090909090909091,0.46185230518155856
4,FAM26F,12.705685,2.8559258,5.498578729215938e-37,8.074042056577726e-35,0.7433155080213903,0.1901264789881681
4,LRRC25,12.594427,4.0565877,2.265995652342237e-36,3.2573091187774304e-34,0.6149732620320856,0.06405548755609955
4,LY6E,12.531078,1.7389247,5.047156479503404e-36,7.179580092093593e-34,0.8983957219251337,0.6507547939616483
4,ARPC2,12.526647,1.3821058,5.337232636717029e-36,7.513943184227603e-34,0.9572192513368984,0.7902896776825785
4,TKT,12.501347,2.4215739,7.339729467474052e-36,1.0227688327329147e-33,0.8181818181818182,0.3157894736842105
4,PYCARD,12.457222,2.386489,1.2774347153657394e-35,1.7444648473034536e-33,0.839572192513369,0.33578131374949
4,ANXA2,12.2254925,2.1769521,2.2720102971073008e-34,2.8996796838595604e-32,0.8609625668449198,0.40514075887392903
4,ABI3,12.219765,3.0718668,2.4378819667511577e-34,3.082566309069797e-32,0.679144385026738,0.138718890248878
4,SH3BGRL3,12.096754,1.4371437,1.0987073773643172e-33,1.363995267753374e-31,0.9946524064171123,0.8482252141982864
4,PRELID1,12.020805,2.0670936,2.7626576590855403e-33,3.3988155849073997e-31,0.8663101604278075,0.4398204814361485
4,GABARAP,12.003524,2.0379245,3.404843798597764e-33,4.151477403004559e-31,0.9037433155080213,0.45818033455732354
4,RHOG,11.992618,2.1363742,3.8843474780620866e-33,4.69421673985981e-31,0.8449197860962567,0.3561811505507956
4,ASAH1,11.989878,2.7866118,4.0149537949923836e-33,4.8094920196856126e-31,0.6951871657754011,0.21215830273357814
4,VASP,11.879716,2.4532251,1.5087966118367765e-32,1.791663176629828e-30,0.7593582887700535,0.2382700938392493
4,LILRB2,11.804016,3.8317118,3.721170314188247e-32,4.3064662551317544e-30,0.5828877005347594,0.06323949408404733
4,HES4,11.782651,5.528507,4.7960416798733205e-32,5.457895431695838e-30,0.5347593582887701,0.01795185638514892
4,ANXA5,11.743905,2.3704576,7.589912074971772e-32,8.565937131885496e-30,0.7593582887700535,0.2733578131374949
4,LYN,11.610086,3.0542336,3.6624444362839653e-31,4.099536165729003e-29,0.6363636363636364,0.11954304365565076
4,LILRA5,11.605256,3.4661016,3.8752706436635085e-31,4.302495602428364e-29,0.5989304812834224,0.0832313341493268
4,HLA-DRB1,11.599279,2.4655712,4.155619110031028e-31,4.576543110208364e-29,0.9144385026737968,0.42513259893920846
4,WARS,11.517156,3.2774253,1.0812134174603372e-30,1.1535195647529971e-28,0.6096256684491979,0.0999592003263974
4,LYZ,11.292299,2.1301117,1.4324053469669634e-29,1.50468672447545e-27,0.946524064171123,0.5785393716850266
4,CYBA,11.288613,1.3099425,1.4937444131004226e-29,1.5571430309388833e-27,0.9411764705882353,0.8400652794777642
4,CSTB,11.284828,2.1767814,1.5594545883171345e-29,1.6011963803051719e-27,0.786096256684492,0.3390452876376989
4,C10orf54,11.248075,2.0929213,2.367030647105147e-29,2.412251531109544e-27,0.786096256684492,0.34108527131782945
4,DRAP1,11.224518,1.8949212,3.090669960866194e-29,3.12638436930287e-27,0.8449197860962567,0.43778049775601796
4,CARD16,10.953296,2.2614384,6.40733867205457e-28,6.340479485911392e-26,0.732620320855615,0.2525499796001632
4,CASP1,10.886012,2.3432646,1.3439671161181795e-27,1.3109439241221328e-25,0.7005347593582888,0.23908608731130152
4,TPI1,10.860912,1.755151,1.769724547728229e-27,1.7139970513316805e-25,0.8663101604278075,0.4810281517747858
4,ISG15,10.855285,1.9965575,1.8821962547865713e-27,1.810089581363762e-25,0.8342245989304813,0.4186046511627907
4,LILRA3,10.62709,4.6183352,2.22958900615908e-26,2.099811549524717e-24,0.49732620320855614,0.028559771521827825
4,NAP1L1,10.579182,1.6331004,3.721965448236433e-26,3.481312339802516e-24,0.8823529411764706,0.554875560995512
4,MT2A,10.567577,2.2439113,4.212360099389937e-26,3.913196565800611e-24,0.7219251336898396,0.2864137086903305
4,NINJ1,10.534459,2.8600123,5.992696135545545e-26,5.529476920743917e-24,0.5882352941176471,0.12239902080783353
4,AP2S1,10.509607,2.052673,7.801753696884303e-26,7.150385804339064e-24,0.786096256684492,0.3202774377804978
4,HMOX1,10.503531,4.3976355,8.320757760066892e-26,7.575217864764898e-24,0.49732620320855614,0.03671970624235006
4,CALM2,10.491778,1.6556842,9.423775093769711e-26,8.522587594736369e-24,0.839572192513369,0.518155854753162
4,CDKN1C,10.410401,6.219592,2.2228202742100483e-25,1.9710930951047024e-23,0.46524064171123,0.007751937984496124
4,MT-CO1,10.386347,0.5254007,2.861014880332504e-25,2.5044884106295302e-23,0.9893048128342246,0.9951040391676866
4,EMP3,10.332162,1.3522495,5.041117452079414e-25,4.384808912458374e-23,0.9411764705882353,0.7184822521419829
4,APOBEC3A,10.328078,3.2040532,5.260373097932856e-25,4.546560444643739e-23,0.5508021390374331,0.09302325581395349
4,HLA-DRB5,10.325837,2.116921,5.3846849885968385e-25,4.6247332203948696e-23,0.8021390374331551,0.31701346389228885
4,RGS2,10.270059,2.2143028,9.614585837143999e-25,8.155079763480649e-23,0.7005347593582888,0.2452060383516932
4,SLC7A7,10.243166,2.8753972,1.2701100916346842e-24,1.0706557661335337e-22,0.5668449197860963,0.10444716442268462
4,CDA,10.216223,2.7452168,1.6775054132939995e-24,1.405399627235758e-22,0.5828877005347594,0.11342309261525908
4,NAAA,10.206263,2.5373082,1.8588794140036864e-24,1.5478571510752646e-22,0.6149732620320856,0.14769481844145246
4,MAFB,10.1707535,3.2528417,2.6782893194622076e-24,2.2166496331258127e-22,0.5240641711229946,0.065687474500204
4,CSF1R,10.122644,4.079497,4.384073939118606e-24,3.606561067024318e-22,0.48663101604278075,0.03998368013055895
4,FCN1,10.04072,2.5116658,1.0093481820068078e-23,8.156011108570987e-22,0.6951871657754011,0.26601387188902487
4,C5AR1,10.036935,3.2715328,1.0488258311693242e-23,8.384345625396923e-22,0.5187165775401069,0.06691146470828234
4,HSBP1,10.036836,2.7183926,1.04988510687088e-23,8.384345625396923e-22,0.5721925133689839,0.13096695226438188
4,C1orf162,10.036238,1.8942468,1.0562630473597e-23,8.3862373108977115e-22,0.7914438502673797,0.35822113423092616
4,S100A9,10.014275,1.8614043,1.319257129602337e-23,1.0413742983728042e-21,0.8288770053475936,0.3215014279885761
4,H3F3A,10.009494,1.9186528,1.3845901451614648e-23,1.0866645415129289e-21,0.8021390374331551,0.3537331701346389
4,C19orf38,9.961385,3.1943848,2.2490741981789314e-23,1.755048985733228e-21,0.5187165775401069,0.0726234190126479
4,LGALS3,9.878763,2.2673388,5.1464181383415983e-23,3.9931526191586855e-21,0.6684491978609626,0.2141982864137087
4,RBX1,9.848085,1.9931144,6.986236478413719e-23,5.390059059277838e-21,0.7219251336898396,0.2598939208486332
4,HLA-DRA,9.840017,2.2508328,7.569801418036187e-23,5.8074836047585485e-21,0.9358288770053476,0.5316197470420236
4,SLC31A2,9.832547,3.483114,8.153046157131199e-23,6.219999906244896e-21,0.49732620320855614,0.05752753977968176
4,ARRB2,9.806003,2.1318078,1.0608865007009145e-22,8.048592251984272e-21,0.6577540106951871,0.22725418196654426
4,ALDOA,9.757445,1.2951295,1.7141935650276192e-22,1.2862102925284159e-20,0.9251336898395722,0.6907384740922072
4,PTPN6,9.747684,2.0468912,1.8872498047875944e-22,1.4083214936710048e-20,0.6844919786096256,0.26560587515299877
4,RAC1,9.727564,1.7406362,2.300363708604373e-22,1.707269935038115e-20,0.8342245989304813,0.41003671970624234
4,RNASET2,9.713171,1.605134,2.6496346533583896e-22,1.9453446680786112e-20,0.8235294117647058,0.4749082007343941
4,HN1,9.591155,2.1645427,8.710399025120305e-22,6.360920272034379e-20,0.6417112299465241,0.2146062831497348
4,FGL2,9.585976,2.8063583,9.15875176014325e-22,6.652761384921076e-20,0.5294117647058824,0.09547123623011015
4,TNFRSF1B,9.56979,2.579373,1.071226868275936e-21,7.740039213320731e-20,0.5561497326203209,0.11138310893512852
4,LILRB1,9.557091,4.150579,1.2111331867876172e-21,8.704860420406157e-20,0.45454545454545453,0.031415748674010605
4,SERF2,9.541901,1.0403225,1.4023755713373394e-21,1.0026618221038067e-19,0.9893048128342246,0.8461852305181559
4,PLAUR,9.512219,2.8059628,1.866381009883824e-21,1.3274634932798698e-19,0.5240641711229946,0.08975928192574459
4,SOD2,9.498623,2.3983917,2.1268398998802862e-21,1.5048769778634812e-19,0.5882352941176471,0.1733986128110975
4,BLVRA,9.458234,2.3402853,3.131894927627875e-21,2.193290109317244e-19,0.5828877005347594,0.1554467564259486
4,CTSC,9.4321375,2.1128771,4.018172843242048e-21,2.799600425883337e-19,0.6470588235294118,0.23908608731130152
4,CFL1,9.427406,0.8357769,4.203563128497344e-21,2.9139014255207984e-19,0.9786096256684492,0.9110567115463076
4,PGLS,9.417445,1.9548599,4.6219585738718115e-21,3.1877508224643163e-19,0.679144385026738,0.2692778457772338
4,SIGLEC10,9.410573,4.3239555,4.9344078188945095e-21,3.3861443806443927e-19,0.44385026737967914,0.028967768257853937
4,RHOA,9.261116,1.4462701,2.0230583854400275e-20,1.3744719060482097e-18,0.8716577540106952,0.5442676458588331
4,LYST,9.242291,2.7676525,2.4127463514648988e-20,1.6311120879012205e-18,0.5133689839572193,0.09465524275805794
4,BLOC1S1,9.176253,1.8801744,4.4635115554834204e-20,2.9879271471412542e-18,0.7005347593582888,0.2827417380660955
4,SH3BGRL,9.154141,1.6837415,5.479186103398002e-20,3.632221622718598e-18,0.786096256684492,0.41697266421868623
4,HLA-DPB1,9.108124,1.8207431,8.381872697845783e-20,5.476691557980001e-18,0.8983957219251337,0.48959608323133413
4,ATP6V0B,9.102895,1.7546664,8.79556287765152e-20,5.719628888438532e-18,0.732620320855615,0.3076295389636883
4,CTSL,9.09144,4.328997,9.773565207182117e-20,6.325488458259668e-18,0.42780748663101603,0.02692778457772338
4,OAS1,9.036857,2.2564971,1.6124100771121687e-19,1.0337592494386749e-17,0.5721925133689839,0.1660546715626275
4,TUBA1B,9.012553,1.6716632,2.013133081482775e-19,1.284642306576111e-17,0.7700534759358288,0.40636474908200737
4,TNFSF10,9.008918,2.185236,2.0809934935624529e-19,1.3217696347948305e-17,0.5935828877005348,0.18767849857201144
4,CD74,9.000302,1.3079093,2.2509710715966307e-19,1.4231139330427587e-17,0.9732620320855615,0.8343533251733987
4,ITGB2,8.992483,1.5687033,2.4170622746221814e-19,1.5210784526378114e-17,0.8181818181818182,0.44471644226846185
4,STX11,8.887898,2.6618354,6.227541713200955e-19,3.8832561477384585e-17,0.5026737967914439,0.10526315789473684
4,ARPC5,8.780027,1.5276567,1.6343520105203982e-18,1.0098964278582152e-16,0.8502673796791443,0.5030599755201959
4,TNFSF13B,8.778134,2.2835,1.6620818976525008e-18,1.0224049727181329e-16,0.5401069518716578,0.13341493268053856
4,RHOB,8.730773,2.56178,2.5293837498405145e-18,1.548935627256595e-16,0.5026737967914439,0.10118319053447572
4,AP1S2,8.708113,1.7620735,3.0897580500004863e-18,1.8836489254824395e-16,0.7005347593582888,0.2672378620971032
4,OAZ2,8.701389,2.367924,3.27844957247686e-18,1.9898003271886224e-16,0.5294117647058824,0.135046919624643
4,NCF2,8.674497,2.2100165,4.15384941001351e-18,2.5099543160683405e-16,0.5508021390374331,0.14769481844145246
4,RNH1,8.594763,1.8070849,8.34368296908758e-18,5.019442054002642e-16,0.6737967914438503,0.2798857609139127
4,CHCHD10,8.590978,1.9637855,8.623212830748465e-18,5.164850632311448e-16,0.6042780748663101,0.19543043655650755
4,TESC,8.586894,3.3948855,8.935181243936185e-18,5.328333409047709e-16,0.43315508021390375,0.05344757241942064
4,FCGRT,8.565728,1.8554909,1.0739484169535298e-17,6.376451992138001e-16,0.6363636363636364,0.20277437780497756
4,SERP1,8.539582,1.3518709,1.3470805348408538e-17,7.963520252721515e-16,0.8502673796791443,0.5308037535699714
4,ATG3,8.516424,2.014682,1.6455536185707934e-17,9.68606905827705e-16,0.5828877005347594,0.18441452468380254
4,TBXAS1,8.499342,2.732732,1.906684064551013e-17,1.1174968920819158e-15,0.47058823529411764,0.08894328845369237
4,LAMTOR4,8.491623,1.4129044,2.03771728891642e-17,1.189190910147121e-15,0.8342245989304813,0.496532027743778
4,TSPO,8.460795,1.4892952,2.65560669859079e-17,1.5366510625405011e-15,0.8449197860962567,0.4500203998368013
4,TALDO1,8.451781,1.6851844,2.8689262829695455e-17,1.653082587351566e-15,0.7486631016042781,0.34149326805385555
4,POU2F2,8.4081545,2.3304894,4.1651344258526494e-17,2.3898771310690665e-15,0.5187165775401069,0.13259893920848634
4,GSTO1,8.398642,1.8783122,4.516717273695846e-17,2.580765317556087e-15,0.6524064171122995,0.2647898816809465
4,CPPED1,8.384598,2.8597476,5.0899516772970924e-17,2.8961825043820454e-15,0.45454545454545453,0.07670338637290902
4,UNC119,8.337186,2.7751853,7.607931192303736e-17,4.3109505544439756e-15,0.45454545454545453,0.07507139942880457
4,RGS19,8.336289,1.7860842,7.66580322636051e-17,4.325793754511534e-15,0.6417112299465241,0.2419420644634843
4,GNG5,8.308649,1.719018,9.67974633015037e-17,5.4174842575628464e-15,0.6577540106951871,0.26560587515299877
4,CTSB,8.302026,1.9772799,1.0235106326140636e-16,5.704922938358226e-15,0.5668449197860963,0.17258261933904528
4,MAPKAPK3,8.250978,2.565367,1.571028872598676e-16,8.721126131791676e-15,0.47058823529411764,0.09220726234190127
4,CXCL16,8.169353,4.2767878,3.100486161616058e-16,1.7141797175315338e-14,0.3850267379679144,0.025703794369645042
4,FAM110A,8.147888,3.4586105,3.703353909768763e-16,2.039233910959767e-14,0.4117647058823529,0.05222358221134231
4,ADA,8.056103,2.6890044,7.876561620633573e-16,4.319772108087232e-14,0.44919786096256686,0.08771929824561403
4,GMFG,8.034438,1.0364596,9.400841216065846e-16,5.135115505863808e-14,0.8770053475935828,0.6862505099959201
4,ARHGDIB,7.990961,0.77442867,1.3389070309527154e-15,7.25560095821043e-14,0.9893048128342246,0.9094247246022031
4,RNF130,7.936926,1.9726532,2.072539293389594e-15,1.1099057486481685e-13,0.5294117647058824,0.15340677274581804
4,CAMK1,7.879404,3.6588051,3.289455779623977e-15,1.7547190674431652e-13,0.3850267379679144,0.03590371277029784
4,LYL1,7.8360267,2.5315363,4.650275222901e-15,2.470978927779613e-13,0.44919786096256686,0.09139126886984904
4,ADRBK1,7.8110757,2.7278948,5.6701958357204435e-15,3.001247842348774e-13,0.42780748663101603,0.07384740922072623
4,ATP1B3,7.8100796,2.1321723,5.715186812842418e-15,3.0133818963774547e-13,0.5026737967914439,0.13953488372093023
4,LGALS9,7.7749195,2.0790646,7.5495533098559e-15,3.934988549595121e-13,0.5080213903743316,0.14973480212158302
4,MPEG1,7.7660046,2.5363414,8.100055825411978e-15,4.205869290943953e-13,0.4385026737967914,0.08363933088535291
4,MSN,7.7076864,1.6246455,1.281191852492568e-14,6.627256036984283e-13,0.6363636363636364,0.259077927376581
4,FCGR2A,7.6623664,2.8517501,1.8253809643088602e-14,9.406566961736528e-13,0.40641711229946526,0.06079151366789066
4,LSP1,7.60091,1.2742777,2.940546346056622e-14,1.5096278534492192e-12,0.8288770053475936,0.5246838025295798
4,TPM3,7.5915976,1.4028352,3.1598550892292764e-14,1.6161416141765916e-12,0.786096256684492,0.45165238678090575
4,TCIRG1,7.5731206,2.6922607,3.643632290744318e-14,1.8566209911344927e-12,0.41711229946524064,0.07343941248470012
4,MS4A4A,7.551706,5.3326445,4.2959389435944406e-14,2.1808677402872e-12,0.3422459893048128,0.010607915136678907
4,CAPZB,7.550361,1.1952894,4.340528123331856e-14,2.1953426686007342e-12,0.8235294117647058,0.5397796817625459
4,IFI6,7.5480204,1.4052708,4.419234404956472e-14,2.226902768785446e-12,0.7379679144385026,0.3778049775601795
4,H2AFZ,7.5290956,1.3599836,5.109294782361492e-14,2.559671963842101e-12,0.7379679144385026,0.390452876376989
4,SUPT4H1,7.5288963,1.6113449,5.1170946553082426e-14,2.559671963842101e-12,0.6203208556149733,0.26356589147286824
4,PTP4A2,7.518886,1.7404777,5.5244844650088513e-14,2.753370797597112e-12,0.5721925133689839,0.21134230926152592
4,SNX3,7.5032983,1.3373121,6.2231800941282e-14,3.09031808601508e-12,0.8074866310160428,0.44063647490820074
4,COX5B,7.435916,1.2872502,1.0384601613116908e-13,5.119571105730127e-12,0.7967914438502673,0.4814361485108119
4,CYBB,7.4173894,2.4793715,1.1945142816884242e-13,5.867729147747166e-12,0.42245989304812837,0.08363933088535291
4,SPN,7.343732,2.1102645,2.0771903325281264e-13,1.0130753993215748e-11,0.45989304812834225,0.1211750305997552
4,CLIC1,7.313402,1.1338302,2.6046161354977217e-13,1.2657878272724871e-11,0.8877005347593583,0.6266829865361077
4,NACA,7.3111115,0.4048033,2.649416712589446e-13,1.2829941357135275e-11,0.9518716577540107,0.9738882088943288
4,SLC11A1,7.274905,2.7142155,3.466636777382393e-13,1.6728053650860057e-11,0.39572192513368987,0.06691146470828234
4,ZFAND5,7.273909,1.9797328,3.492307541514161e-13,1.6792588657365275e-11,0.48663101604278075,0.15136678906568748
4,CAPZA2,7.2723656,1.7587368,3.532466601615289e-13,1.692609260058189e-11,0.5347593582887701,0.18563851489188085
4,POLD4,7.2307305,1.4341365,4.804021272144011e-13,2.2938361710628888e-11,0.6737967914438503,0.32394940840473274
4,KLF4,7.2112083,2.2922542,5.545756523882137e-13,2.6387752993078208e-11,0.42780748663101603,0.0971032231742146
4,CKB,7.200899,6.232802,5.981676119297015e-13,2.8363114265666677e-11,0.32085561497326204,0.004895960832313341
4,COX8A,7.1786876,1.3950863,7.038386074584377e-13,3.3258200773191786e-11,0.7219251336898396,0.36148510811913503
4,SLC25A5,7.1780896,1.2266804,7.069213186755111e-13,3.328868113045786e-11,0.7754010695187166,0.48918808649530804
4,PPP1CA,7.119622,1.2195954,1.082234472207296e-12,5.078692079884136e-11,0.8021390374331551,0.49775601795185637
4,CAP1,7.1089144,1.3180687,1.169591369162166e-12,5.469842375780322e-11,0.7219251336898396,0.390452876376989
4,CD300LF,7.0814238,3.360926,1.42680892101911e-12,6.650000896053572e-11,0.35294117647058826,0.037943696450428395
4,LINC00936,7.0767922,1.5275573,1.4752957596028891e-12,6.852598262971787e-11,0.5935828877005348,0.2562219502243982
4,COX6B1,7.073107,1.1116173,1.5150283416867576e-12,7.013297299686224e-11,0.839572192513369,0.5556915544675642
4,PSME2,7.061752,1.1528866,1.6441640112476651e-12,7.585372884323688e-11,0.7967914438502673,0.5352917176662587
4,ZNF706,7.050895,1.4917554,1.7777062836876088e-12,8.173857579137369e-11,0.6256684491978609,0.2892696858425133
4,BRK1,7.042578,1.1844114,1.887151039321973e-12,8.64796462851707e-11,0.8342245989304813,0.5316197470420236
4,AP2A1,7.0117006,2.999389,2.3543851675730547e-12,1.0753004631564425e-10,0.36363636363636365,0.04691962464300286
4,PPDPF,6.997806,0.8602264,2.600020458148041e-12,1.1835293125489884e-10,0.9518716577540107,0.7988576091391268
4,PSMB3,6.962745,1.3216276,3.3370530224163837e-12,1.5089667574211304e-10,0.7112299465240641,0.3574051407588739
4,GPBAR1,6.955524,3.200714,3.5125451567611256e-12,1.5830797577798657e-10,0.35294117647058826,0.04365565075479396
4,GLRX,6.942127,1.334541,3.8623975543688525e-12,1.7350296382388505e-10,0.679144385026738,0.3529171766625867
4,LRRFIP1,6.939089,1.3711504,3.946363023942351e-12,1.766935523113336e-10,0.679144385026738,0.3329253365973072
4,S100A10,6.9303737,1.134853,4.197304301640682e-12,1.8731499197125864e-10,0.8823529411764706,0.6234190126478988
4,RAB10,6.9052234,2.0173285,5.012442466055988e-12,2.2080617521438894e-10,0.44919786096256686,0.12851897184822522
4,VMP1,6.892873,2.1403427,5.4676830831706665e-12,2.393162826403161e-10,0.42780748663101603,0.11342309261525908
4,TPPP3,6.881219,4.057358,5.934257563348236e-12,2.5890805522390896e-10,0.32620320855614976,0.02284781721746226
4,IFNGR2,6.841726,1.8601133,7.824476617558231e-12,3.4028997671775543e-10,0.45989304812834225,0.13423092615259077
4,MYO1G,6.8236475,1.6141527,8.875747222752911e-12,3.8478477483782143e-10,0.5508021390374331,0.21052631578947367
4,PGK1,6.8055196,1.2146891,1.0068518670487517e-11,4.3511294608916944e-10,0.7379679144385026,0.45614035087719296
4,RAB8A,6.7773814,1.7082199,1.2237358659672231e-11,5.271715137428517e-10,0.5187165775401069,0.19543043655650755
4,SEC11A,6.7592034,1.3744538,1.3875236168721468e-11,5.958497645284918e-10,0.6470588235294118,0.30599755201958384
4,RNF149,6.7091026,1.9553219,1.958250463563154e-11,8.356833853255758e-10,0.4385026737967914,0.12199102407180742
4,PSMB9,6.6958055,1.0765351,2.1448708014810312e-11,9.124721390973508e-10,0.8342245989304813,0.5671154630762953
4,DOK2,6.686094,1.5331101,2.2920596589404335e-11,9.720610777170982e-10,0.5508021390374331,0.2178702570379437
4,NFKBIZ,6.6647286,2.072726,2.651545716438932e-11,1.1210374087829738e-09,0.42245989304812837,0.11791105671154631
4,FLNA,6.631909,1.6236688,3.313725771756617e-11,1.3923765888956417e-09,0.5133689839572193,0.189718482252142
4,THEMIS2,6.6008825,2.2206924,4.0871778830353667e-11,1.7121012629058577e-09,0.39572192513368987,0.09547123623011015
4,CPVL,6.589179,2.0897598,4.4226578079497e-11,1.8413358239439361e-09,0.40106951871657753,0.09383924928600572
4,MPP1,6.5847464,3.3900986,4.556623137114209e-11,1.891344849861144e-09,0.33689839572192515,0.04528763769889841
4,TCEB2,6.549935,1.1369178,5.756224127482194e-11,2.3820302025726317e-09,0.7540106951871658,0.4675642594859241
4,CDKN2D,6.540522,1.7261974,6.13044358912224e-11,2.529224702509164e-09,0.5080213903743316,0.1999184006527948
4,ATP5B,6.5096946,1.2371031,7.5303772142842e-11,3.097434675851356e-09,0.7058823529411765,0.3839249286005712
4,ATP6V0D1,6.481357,1.7678583,9.090124063737139e-11,3.727769796228059e-09,0.46524064171123,0.15095879232966136
4,SYNGR2,6.4712973,1.9582245,9.71651994894935e-11,3.972718455774022e-09,0.41711229946524064,0.1142390860873113
4,C20orf27,6.457253,2.0933807,1.0662068650112223e-10,4.346304760774105e-09,0.40106951871657753,0.10811913504691963
4,SLC25A6,6.4401207,0.6926669,1.1937838741483512e-10,4.851878745645799e-09,0.9251336898395722,0.8257853937168502
4,MYD88,6.4021716,1.9478586,1.5318234974184474e-10,6.188929491345065e-09,0.4117647058823529,0.1105671154630763
4,DUSP6,6.3938546,2.400254,1.6175520779149888e-10,6.496850345884437e-09,0.36363636363636365,0.0726234190126479
4,BAX,6.388725,1.3432047,1.672745466270549e-10,6.6792433004066135e-09,0.6310160427807486,0.28192574459404324
4,CALM3,6.3566027,1.4452466,2.0626469065798966e-10,8.212100920190983e-09,0.6524064171122995,0.34149326805385555
4,GNAI2,6.3416123,1.5091465,2.2737315983058548e-10,9.02618567048394e-09,0.5187165775401069,0.20807833537331702
4,ZYX,6.304659,1.8243585,2.8882924656663394e-10,1.143261504670711e-08,0.42780748663101603,0.12933496532027744
4,GRN,6.2632732,1.3612144,3.7697908135106326e-10,1.4878688829277803e-08,0.5454545454545454,0.21950224398204815
4,GNB2,6.257048,1.3901476,3.923326501527893e-10,1.544004227805905e-08,0.5561497326203209,0.24479804161566707
4,TGFBI,6.2506237,2.1466243,4.088172274907711e-10,1.6001686778527562e-08,0.37433155080213903,0.08690330477356181
4,DBNL,6.2505736,1.4661642,4.08947619047021e-10,1.6001686778527562e-08,0.5347593582887701,0.21991024071807425
4,TUBA1A,6.238173,1.1434786,4.427109469655093e-10,1.727331626217427e-08,0.7165775401069518,0.4430844553243574
4,PTP4A3,6.2330933,3.4925423,4.57314018363461e-10,1.7792251381115168e-08,0.3048128342245989,0.02692778457772338
4,MOB1A,6.209636,1.621284,5.31073603359125e-10,2.0544875715218725e-08,0.46524064171123,0.17584659322725418
4,PCGF5,6.187076,1.9959555,6.129044623069593e-10,2.364356874933287e-08,0.39037433155080214,0.1003671970624235
4,NAMPT,6.17597,2.3867776,6.575845530972993e-10,2.5224647913193036e-08,0.35294117647058826,0.07180742554059567
4,BTK,6.173181,2.5069394,6.692946347063104e-10,2.553041209929993e-08,0.3422459893048128,0.06283149734802121
4,CAPNS1,6.157344,1.9624423,7.3975040012484e-10,2.8139363409762718e-08,0.39572192513368987,0.10934312525499797
4,CUX1,6.14574,2.9019601,7.95915101513795e-10,3.019171285075662e-08,0.32085561497326204,0.046103631170950635
4,H2AFY,6.1443954,1.3434922,8.026863727532395e-10,3.0364224671241653e-08,0.5882352941176471,0.2758057935536516
4,RAP1B,6.134983,1.3344188,8.516838743019973e-10,3.2128715434994684e-08,0.6363636363636364,0.3427172582619339
4,EFHD2,6.132891,1.5709629,8.629619768462534e-10,3.2464486930612773e-08,0.47593582887700536,0.1721746226030192
4,SLC16A3,6.1282096,2.7588003,8.887338073878195e-10,3.334216723540677e-08,0.32620320855614976,0.05344757241942064
4,CD300E,6.124574,2.959788,9.092644508361438e-10,3.4018946138680494e-08,0.3155080213903743,0.042839657282741736
4,PRDX5,6.1168547,1.2327949,9.544022866836627e-10,3.5610157450688794e-08,0.6524064171122995,0.3317013463892289
4,HIGD2A,6.1060977,1.1131245,1.0209661084490333e-09,3.7989954160708444e-08,0.7754010695187166,0.47368421052631576
4,UNC93B1,6.101267,2.4144254,1.052311163279734e-09,3.904989468953274e-08,0.3422459893048128,0.065687474500204
4,POLE4,6.1003203,1.5726277,1.0585598860964766e-09,3.917532196350538e-08,0.47593582887700536,0.16931864545083639
4,CTSD,6.0728297,1.3660129,1.2567571462066647e-09,4.638452861783301e-08,0.5347593582887701,0.21991024071807425
4,ATP6V1F,6.046385,1.1873142,1.4813212026103775e-09,5.452539715053184e-08,0.6737967914438503,0.35006119951040393
4,FAM49A,6.032291,3.3168895,1.6165162644512742e-09,5.9341790611146774e-08,0.2994652406417112,0.031415748674010605
4,INSIG1,6.01989,2.7972953,1.7453567363520001e-09,6.389970936091934e-08,0.32085561497326204,0.0518155854753162
4,UBE2L6,6.0026584,1.191779,1.9411272199744053e-09,7.068808884258795e-08,0.6417112299465241,0.32354141166870665
4,CD300A,5.9948397,1.8774176,2.0368655508836883e-09,7.397722330549906e-08,0.39037433155080214,0.1073031415748674
4,SMCO4,5.9819903,2.1427076,2.2042713193854436e-09,7.984490487407857e-08,0.3582887700534759,0.0860873113015096
4,DYNLL1,5.9755163,1.3119982,2.2936272414636934e-09,8.286183494557723e-08,0.6096256684491979,0.31946144430844553
4,PLEK,5.9467306,1.5671837,2.7355115646505766e-09,9.8565028830787e-08,0.44385026737967914,0.14932680538555693
4,GDI2,5.9174967,1.2697966,3.268784991345435e-09,1.1746981011003489e-07,0.5828877005347594,0.2835577315381477
4,RXRA,5.9025064,3.1567345,3.580206618265296e-09,1.2832362619168212e-07,0.2994652406417112,0.037535699714402286
4,COX17,5.9019084,1.4744992,3.593202849129788e-09,1.2845229871129942e-07,0.47058823529411764,0.17135862913096694
4,CTD-2006K23.1,5.8980737,4.5608606,3.677694808021892e-09,1.3112950469542288e-07,0.2727272727272727,0.01346389228886169
4,RNF13,5.8689895,2.0121026,4.384596705197679e-09,1.5592722032859248e-07,0.36363636363636365,0.08812729498164015
4,GPX1,5.834078,1.3281065,5.4088820941539435e-09,1.9158544426658525e-07,0.7219251336898396,0.40024479804161567
4,NOP10,5.833879,1.328986,5.415347209058429e-09,1.9158544426658525e-07,0.5454545454545454,0.2766217870257038
4,CTSZ,5.823321,2.0231073,5.7689697844098355e-09,2.035686082064618e-07,0.36363636363636365,0.0934312525499796
4,MNDA,5.8193364,1.846965,5.908167196746951e-09,2.0794312174942364e-07,0.37967914438502676,0.10689514483884129
4,EIF4E2,5.816149,1.7233763,6.02187240481685e-09,2.1140023023182237e-07,0.4117647058823529,0.13667890656874745
4,CD55,5.811418,1.4962999,6.194587934486421e-09,2.1690587905986298e-07,0.46524064171123,0.18604651162790697
4,AGTRAP,5.7999635,1.6593546,6.6329362747546985e-09,2.3166081270601062e-07,0.4117647058823529,0.13300693594451243
4,SELPLG,5.7960787,1.5382324,6.788333204066794e-09,2.3648336284371465e-07,0.44385026737967914,0.15789473684210525
4,MARCKSL1,5.7784986,1.5485557,7.537011005923586e-09,2.6154145881393846e-07,0.4385026737967914,0.16483068135454917
4,GAPDH,5.7782993,0.782779,7.545938398703262e-09,2.6154145881393846e-07,0.9732620320855615,0.8416972664218686
4,NDUFA13,5.770381,1.0405229,7.909251231427191e-09,2.734398349781512e-07,0.6951871657754011,0.4434924520603835
4,GPX4,5.7647038,0.98570204,8.180150810867975e-09,2.820912612959926e-07,0.7700534759358288,0.5271317829457365
4,SCIMP,5.7548923,2.4780207,8.669694855279962e-09,2.982200326037863e-07,0.32085561497326204,0.06323949408404733
4,MYO1F,5.711714,1.3374472,1.1184394147948478e-08,3.8375398614166937e-07,0.5026737967914439,0.21705426356589147
4,NANS,5.6777487,1.890024,1.364788581425769e-08,4.659388216987575e-07,0.36363636363636365,0.0971032231742146
4,TGFB1,5.6764045,1.472916,1.3755550138102619e-08,4.684433732816194e-07,0.45454545454545453,0.18074255405956752
4,EIF4A1,5.6572304,0.81255305,1.5383519716394774e-08,5.225804608136494e-07,0.8609625668449198,0.67156262749898
4,IGSF6,5.652748,2.030295,1.5790254718773444e-08,5.350662988574942e-07,0.34759358288770054,0.09057527539779682
4,BATF3,5.624062,4.9009485,1.8651851273137728e-08,6.304695073910119e-07,0.25668449197860965,0.009791921664626682
4,CD79B,5.6143007,1.1029778,1.973585195550796e-08,6.654636896405351e-07,0.5240641711229946,0.2211342309261526
4,C20orf24,5.599161,1.1493285,2.1539164424103608e-08,7.226998264755746e-07,0.5989304812834224,0.2876376988984088
4,CMTM6,5.598563,1.5978382,2.161353469236975e-08,7.234177199975523e-07,0.41711229946524064,0.1525907792737658
4,C4orf48,5.545275,1.6002914,2.9349241808882194e-08,9.77544502785598e-07,0.40641711229946526,0.14035087719298245
4,DYNLT1,5.5426855,1.3837951,2.9786783504281102e-08,9.873017367341328e-07,0.44919786096256686,0.17258261933904528
4,NAPRT1,5.5348663,1.831004,3.114656668017256e-08,1.0298729166693378e-06,0.36363636363636365,0.1073031415748674
4,GRINA,5.515991,2.050235,3.468192719406224e-08,1.1440009607780532e-06,0.33689839572192515,0.08404732762137902
4,CHMP4B,5.4868073,1.5447955,4.092631907676132e-08,1.3467224417162713e-06,0.41711229946524064,0.15830273357813138
4,CSK,5.4808807,1.35295,4.2321349436425846e-08,1.3890728982501391e-06,0.47593582887700536,0.20032639738882088
4,YWHAH,5.4804826,1.5884825,4.24167690810126e-08,1.3890728982501391e-06,0.42780748663101603,0.1799265605875153
4,UQCRC1,5.440342,1.438365,5.317843220963027e-08,1.733185370536303e-06,0.43315508021390375,0.16483068135454917
4,WDR1,5.416387,1.3271692,6.08154001645199e-08,1.972672457593073e-06,0.5080213903743316,0.24398204814361485
4,CLTA,5.4104605,1.1907117,6.286287961440796e-08,2.0342547014558177e-06,0.5454545454545454,0.2729498164014688
4,MT-CO2,5.409564,0.64992034,6.317834039777317e-08,2.0396298261749186e-06,0.9625668449197861,0.9065687474500204
4,ITGAL,5.4043846,1.9252622,6.503125432414437e-08,2.0895689624718013e-06,0.33689839572192515,0.08486332109343125
4,HCLS1,5.400998,1.0757035,6.627112496129203e-08,2.1244095832662064e-06,0.6524064171122995,0.3667890656874745
4,MAP2K3,5.3861074,1.5921324,7.200000921340331e-08,2.302651348520458e-06,0.3850267379679144,0.12403100775193798
4,CD86,5.3832684,2.9565444,7.314529224420529e-08,2.3338133431936154e-06,0.27807486631016043,0.039575683394532844
4,CLEC7A,5.381027,2.548753,7.406190781193788e-08,2.3575510794401486e-06,0.29411764705882354,0.0518155854753162
4,CCT5,5.361754,1.4351627,8.241773904260988e-08,2.6174340566648383e-06,0.42780748663101603,0.16768665850673195
4,ACTG1,5.3560266,0.722071,8.507193047499391e-08,2.695457732172893e-06,0.983957219251337,0.8547531619747042
4,ATP5G3,5.330279,1.0417743,9.806200332173903e-08,3.099848882781639e-06,0.6951871657754011,0.4120767033863729
4,EMR2,5.3134956,3.6373193,1.0754200223139859e-07,3.3916710911593052e-06,0.25668449197860965,0.022439820481436147
4,CORO1A,5.2916822,0.7064571,1.2119630264625337e-07,3.8134947210535395e-06,0.9411764705882353,0.7960016319869441
4,ATP5C1,5.282469,1.1563756,1.274544861626645e-07,4.001191869051372e-06,0.5721925133689839,0.2909016727866177
4,ARL6IP4,5.2805266,0.969676,1.2881311994657664e-07,4.034568729335896e-06,0.7754010695187166,0.4806201550387597
4,MTSS1,5.27973,2.173562,1.2937455205452507e-07,4.042880738802276e-06,0.31016042780748665,0.06731946144430845
4,EPSTI1,5.2767415,1.4392147,1.315010818808742e-07,4.099951539189996e-06,0.42780748663101603,0.16360669114647083
4,LAMTOR5,5.275845,1.1603559,1.3214560764492893e-07,4.110661544417197e-06,0.5347593582887701,0.2603019175846593
4,ENY2,5.272857,1.4361814,1.3431617282082314e-07,4.168685581911729e-06,0.43315508021390375,0.17829457364341086
4,NUDT16,5.2568707,2.2686977,1.4652736725913703e-07,4.527098930522116e-06,0.2994652406417112,0.06079151366789066
4,REEP5,5.2401867,1.2368102,1.6041411023408404e-07,4.9449550549811546e-06,0.5080213903743316,0.24398204814361485
4,PRAM1,5.23192,2.4011993,1.6775866504595264e-07,5.1597124546565975e-06,0.2887700534759358,0.05263157894736842
4,NAGK,5.2198677,1.7067761,1.790511559520749e-07,5.494657495913561e-06,0.35294117647058826,0.10689514483884129
4,UBE2F,5.217278,1.6273028,1.815718231870675e-07,5.559517527898192e-06,0.3689839572192513,0.11627906976744186
4,M6PR,5.205724,1.3609685,1.932419900928793e-07,5.903607643642863e-06,0.44919786096256686,0.20481436148510812
4,SLC2A6,5.2006936,3.0852706,1.9854609271042395e-07,6.043487821371572e-06,0.2620320855614973,0.030599755201958383
4,TCF7L2,5.2005444,3.9302926,1.9870577268569387e-07,6.043487821371572e-06,0.24598930481283424,0.016319869441044473
4,SNX2,5.200096,1.2195258,1.991855576962539e-07,6.044617724222319e-06,0.47058823529411764,0.19461444308445533
4,RNF181,5.186052,1.2859625,2.1479904191821583e-07,6.503981632893915e-06,0.45989304812834225,0.19951040391676866
4,RAB5C,5.183462,1.1726726,2.1780447424524657e-07,6.58039358471922e-06,0.5401069518716578,0.2623419012647899
4,SH3BP1,5.181719,1.9322093,2.1985019811665886e-07,6.62753709819226e-06,0.3315508021390374,0.09098327213382293
4,GBP2,5.176789,1.3553151,2.2573771187803088e-07,6.790031263009668e-06,0.43315508021390375,0.17829457364341086
4,CD300C,5.175444,3.0191817,2.273696556188972e-07,6.824087949739912e-06,0.2620320855614973,0.031415748674010605
4,PSMA7,5.1743484,0.9245231,2.287078103926034e-07,6.849197058599544e-06,0.8181818181818182,0.543859649122807
4,ARRB1,5.170115,3.274504,2.3394980934796367e-07,6.97558645514365e-06,0.25668449197860965,0.02733578131374949
4,ODF3B,5.162794,1.6932333,2.4329055384286295e-07,7.232173643061028e-06,0.34759358288770054,0.10444716442268462
4,VAMP5,5.162545,1.2985334,2.436145193181073e-07,7.232173643061028e-06,0.45454545454545453,0.2076703386372909
4,IMPDH1,5.157515,2.15507,2.5024856411768134e-07,7.413003018635697e-06,0.3048128342245989,0.0689514483884129
4,PTPN18,5.154776,1.6893103,2.539342082348878e-07,7.505899453800061e-06,0.36363636363636365,0.12525499796001632
4,SLC25A3,5.135503,0.9252631,2.813909700514027e-07,8.299514226829278e-06,0.786096256684492,0.5059159526723787
4,ARHGEF40,5.1330123,2.8291235,2.8514095633023607e-07,8.391993318201948e-06,0.26737967914438504,0.039575683394532844
4,ATP5J2,5.129576,1.0714886,2.903952794509511e-07,8.528253626198255e-06,0.5935828877005348,0.3043655650754794
4,GLUL,5.1206617,1.7925029,3.0446564409202166e-07,8.905527006715081e-06,0.3422459893048128,0.10526315789473684
4,PRR13,5.1206117,0.9276075,3.045460685512554e-07,8.905527006715081e-06,0.7272727272727273,0.4663402692778458
4,CD48,5.111647,0.786616,3.193615587388226e-07,9.298936985367507e-06,0.8823529411764706,0.6854345165238678
4,CNPY3,5.105422,1.1120564,3.3005695832632453e-07,9.589910261498485e-06,0.5294117647058824,0.2598939208486332
4,ARF1,5.0972047,1.0247643,3.4470548261135396e-07,9.994263419406899e-06,0.7379679144385026,0.43329253365973075
4,TMEM179B,5.0805707,1.4809273,3.763024656861873e-07,1.0864242011438846e-05,0.39037433155080214,0.14402284781721747
4,ATOX1,5.076039,1.7464682,3.853846424275076e-07,1.1102980331202624e-05,0.33689839572192515,0.10077519379844961
4,SMS,5.0678215,1.4253988,4.0239462636568317e-07,1.1568633721367935e-05,0.39572192513368987,0.15055079559363524
4,COX5A,5.048199,0.9901177,4.4599360025531994e-07,1.2768319926806393e-05,0.5989304812834224,0.33659730722154224
4,IFI35,5.025091,1.2887515,5.031934849263775e-07,1.4345741607838437e-05,0.41711229946524064,0.16360669114647083
4,VPS29,5.023796,1.3438697,5.065997071991253e-07,1.4412761669815113e-05,0.42780748663101603,0.1799265605875153
4,ATP5E,5.0165253,0.70418465,5.261438571456281e-07,1.4937672584575255e-05,0.9037433155080213,0.740922072623419
4,SDCBP,5.0113955,1.2066398,5.403671245423333e-07,1.5309654466286522e-05,0.47593582887700536,0.22643818849449204
4,CTSH,4.9841537,1.337555,6.223358145353348e-07,1.7595482160030086e-05,0.40641711229946526,0.1599347205222358
4,SCPEP1,4.981813,1.6143967,6.299127910699721e-07,1.7772911311676734e-05,0.35294117647058826,0.12035903712770298
4,FERMT3,4.9749904,1.5405842,6.525096025053107e-07,1.8372517797551594e-05,0.40641711229946526,0.16687066503467973
4,EVI2B,4.9602485,1.0252141,7.040298790792905e-07,1.978237042943784e-05,0.5828877005347594,0.3076295389636883
4,LINC00877,4.9595017,3.4770226,7.067424390434985e-07,1.9817801338505206e-05,0.24064171122994651,0.021215830273357814
4,ICAM2,4.959103,1.2220682,7.081932522840173e-07,1.9817801338505206e-05,0.47593582887700536,0.2219502243982048
4,ACAA1,4.9560156,1.6237605,7.19534759875697e-07,2.009400139235689e-05,0.3582887700534759,0.12280701754385964
4,LSM6,4.9415727,1.4685563,7.749484165444537e-07,2.1597337910879714e-05,0.3850267379679144,0.1481028151774786
4,IRF7,4.9404774,1.3644719,7.793159670619006e-07,2.1674824534006755e-05,0.39037433155080214,0.14728682170542637
4,VDAC1,4.9311643,1.2556918,8.174098199099622e-07,2.268810670872042e-05,0.44385026737967914,0.1966544267645859
4,LILRB4,4.927927,2.775441,8.310662474265976e-07,2.3020366480441412e-05,0.25668449197860965,0.03671970624235006
4,LTA4H,4.9206557,1.371786,8.625464028424803e-07,2.3843995298009942e-05,0.39037433155080214,0.14647082823337412
4,GNAS,4.901034,1.0810357,9.533360975582605e-07,2.6300520703546675e-05,0.5401069518716578,0.28151774785801714
4,EIF1,4.8994403,0.25540093,9.61100889997898e-07,2.6461277729458253e-05,0.9786096256684492,0.9840881272949816
4,CEBPD,4.8951073,1.09956,9.82520430777943e-07,2.6996577470228547e-05,0.46524064171123,0.20644634842921256
4,RAB32,4.8859935,2.008757,1.0290852925099111e-06,2.821925452713925e-05,0.29411764705882354,0.07017543859649122
4,RAB24,4.881611,1.9223236,1.052226513445485e-06,2.879600254030369e-05,0.3048128342245989,0.0799673602611179
4,CYTIP,4.871003,0.9954333,1.1103306277830267e-06,3.0325350106010025e-05,0.5882352941176471,0.32354141166870665
4,SNAP29,4.8679156,1.9879956,1.1278157342414266e-06,3.0741420492616606e-05,0.29411764705882354,0.06854345165238677
4,CASP4,4.840773,1.0125557,1.2933489449866473e-06,3.504359760463821e-05,0.5561497326203209,0.29865361077111385
4,SEC14L1,4.8232927,2.6005254,1.4120754432010905e-06,3.818475693535464e-05,0.25668449197860965,0.039575683394532844
4,SNAP23,4.81901,1.6184908,1.4427256060088035e-06,3.8936483943984626e-05,0.35294117647058826,0.12729498164014688
4,WDR83OS,4.8143783,0.9963948,1.476590279078398e-06,3.977182810866785e-05,0.5989304812834224,0.32721338229294167
4,RABGAP1L,4.810892,2.0019627,1.5025826130131641e-06,4.039226016399167e-05,0.2994652406417112,0.08037535699714403
4,RILPL2,4.8092484,1.2466035,1.5149881816315735e-06,4.064573400463805e-05,0.41711229946524064,0.17380660954712362
4,IFIT3,4.7988396,1.7391325,1.5958738745327381e-06,4.273186986395896e-05,0.3155080213903743,0.09261525907792738
4,CNIH4,4.79381,2.1859453,1.6364346311097334e-06,4.3732194368756395e-05,0.28342245989304815,0.06527947776417789
4,ACTR2,4.790523,1.2280719,1.663473048398579e-06,4.42814579901189e-05,0.42245989304812837,0.17543859649122806
4,C11orf31,4.776927,0.8985053,1.779945145737566e-06,4.7289748852514016e-05,0.7165775401069518,0.4259485924112607
4,LAMTOR2,4.7672653,1.1314069,1.8674343722328196e-06,4.951783259652696e-05,0.45454545454545453,0.20644634842921256
4,SAMHD1,4.7609406,1.1439255,1.9269303487844636e-06,5.0996435742249294e-05,0.47058823529411764,0.22562219502243983
4,LILRA2,4.7326527,2.8919427,2.2160451052325305e-06,5.8534452528153654e-05,0.24064171122994651,0.02937576499388005
4,LYSMD2,4.7197537,1.2404641,2.361301466970915e-06,6.225083558485486e-05,0.42245989304812837,0.18155854753161974
4,PRDX1,4.71821,1.0754577,2.3792878843036295e-06,6.260415288641688e-05,0.5347593582887701,0.2876376988984088
4,WAS,4.7085485,1.1168616,2.494871221644099e-06,6.551915654379195e-05,0.44919786096256686,0.2039983680130559
4,G0S2,4.701377,2.4818776,2.5841304481364954e-06,6.77329854121919e-05,0.2620320855614973,0.05426356589147287
4,BST2,4.692512,0.9285556,2.698705682593061e-06,7.053429992402091e-05,0.7219251336898396,0.4283965728274174
4,MPC1,4.6923127,1.4332064,2.701335593165124e-06,7.053429992402091e-05,0.36363636363636365,0.14035087719298245
4,MRPL23,4.6853905,1.0323473,2.794268142159477e-06,7.282161402543858e-05,0.5294117647058824,0.2717258261933905
4,FPR1,4.673687,1.7191262,2.9584027470611505e-06,7.695228174069919e-05,0.31016042780748665,0.0934312525499796
4,PSMA4,4.653965,1.4086217,3.2561177876894013e-06,8.453525571993625e-05,0.35294117647058826,0.12647898816809466
4,CAT,4.649732,1.5258099,3.323666019550401e-06,8.612520524284683e-05,0.3422459893048128,0.12484700122399021
4,COMMD9,4.6430087,1.5573677,3.433718541161654e-06,8.880844772368097e-05,0.32620320855614976,0.10567115463076296
4,GLIPR1,4.641216,1.1451317,3.463650939255776e-06,8.94132650784062e-05,0.42780748663101603,0.1909424724602203
4,CTSA,4.6403694,1.6606086,3.4778725018209196e-06,8.961099412238958e-05,0.35294117647058826,0.13627090983272133
4,C7orf73,4.639124,1.2724417,3.4988883221770115e-06,8.998270984491388e-05,0.39572192513368987,0.16523867809057527
4,DPEP2,4.635389,1.9505869,3.562668902748346e-06,9.14507641652846e-05,0.28342245989304815,0.07099143206854346
4,RELT,4.6210957,2.8650622,3.817185305185294e-06,9.780015483604198e-05,0.24064171122994651,0.03549571603427173
4,PAK1,4.61756,2.527278,3.882788138187563e-06,9.929467193836958e-05,0.24598930481283424,0.03835169318645451
4,CBR1,4.6166134,1.5458832,3.900526293806863e-06,9.956184498733929e-05,0.32620320855614976,0.10403916768665851
4,RIN3,4.6158667,1.762126,3.914584939800064e-06,9.973427600356284e-05,0.2994652406417112,0.0828233374133007
4,MMP24-AS1,4.614522,1.5848804,3.940012983084528e-06,0.00010003293617970676,0.32620320855614976,0.10607915136678907
4,EIF4EBP1,4.614472,1.569211,3.9409577961835265e-06,0.00010003293617970676,0.32620320855614976,0.10811913504691963
4,WASF2,4.5949497,1.1524688,4.328538728152794e-06,0.00010946393494750843,0.42245989304812837,0.17870257037943696
4,SDHB,4.5853877,1.0882245,4.531450434352993e-06,0.0001143835251969029,0.44385026737967914,0.19910240718074254
4,NDUFB5,4.580158,1.2129747,4.64624017023083e-06,0.00011706467853260558,0.42780748663101603,0.19706242350061198
4,IDH2,4.573784,1.3411387,4.789944106644634e-06,0.00012046312471517334,0.39037433155080214,0.16809465524275805
4,COX6A1,4.5723395,0.84138364,4.8230885342166886e-06,0.00012088028990596838,0.7165775401069518,0.46266829865361075
4,APLP2,4.5722895,1.2521179,4.8242353543316325e-06,0.00012088028990596838,0.37967914438502676,0.15014279885760914
4,ENO1,4.5597396,0.8136866,5.121712669510187e-06,0.0001278649144695267,0.7754010695187166,0.5495716034271726
4,RGS10,4.555905,1.021485,5.216058728556248e-06,0.00012998266057876666,0.6363636363636364,0.3998368013055896
4,NDUFA4,4.553514,0.8127331,5.27571144444505e-06,0.0001312297185525348,0.7379679144385026,0.5112199102407181
4,CSNK2B,4.551572,0.91785747,5.324659696880132e-06,0.00013220645967380924,0.6042780748663101,0.3223174214606283
4,ATP5EP2,4.524828,1.0039948,6.04446106522647e-06,0.0001498060985603134,0.5133689839572193,0.2647898816809465
4,WSB1,4.5149174,1.2598505,6.334142626634747e-06,0.00015670118063283354,0.3850267379679144,0.1664626682986536
4,NCOA4,4.5016203,1.8039117,6.743738015875841e-06,0.0001662319248101092,0.33689839572192515,0.12933496532027744
4,LAPTM4A,4.486381,1.1504909,7.244320961800492e-06,0.00017824945415197753,0.42780748663101603,0.20889432884536924
4,CD97,4.478313,1.1295935,7.5235282478464906e-06,0.00018478651394351022,0.4385026737967914,0.20930232558139536
4,NUP214,4.473582,1.3701209,7.692016439096114e-06,0.00018824762812239524,0.3422459893048128,0.12933496532027744
4,GNAI3,4.469946,1.4231325,7.823931307934091e-06,0.00019113346322208934,0.3422459893048128,0.12892696858425132
4,FAM45A,4.452515,1.9478506,8.487017951846637e-06,0.00020659307869949674,0.2727272727272727,0.07058343533251733
4,ANXA4,4.435782,1.7816767,9.173873950587187e-06,0.00022251940083342563,0.2887700534759358,0.08567931456548347
4,MT-ND1,4.418451,0.42931363,9.941098282206612e-06,0.0002407014860670452,0.9786096256684492,0.9436964504283966
4,GSTP1,4.388619,0.8512795,1.1407265144854604e-05,0.0002752254643429938,0.6898395721925134,0.4422684618523052
4,PARVG,4.386677,1.3017766,1.1509560075413245e-05,0.00027720379610201635,0.35294117647058826,0.13749490004079967
4,AKIRIN2,4.3790073,1.4567881,1.1922114416717088e-05,0.0002866344973145925,0.32620320855614976,0.1142390860873113
4,NAGA,4.364415,2.6440794,1.2746325397099248e-05,0.000305911809530382,0.22994652406417113,0.0346797225622195
4,PMVK,4.353459,1.3525156,1.3400631067028646e-05,0.00032105090851112844,0.3422459893048128,0.13055895552835578
4,ZNF703,4.349325,3.6256418,1.365570929674307e-05,0.000326589082585505,0.20855614973262032,0.016727866177070585
4,IFIT1,4.3475323,1.8218583,1.3767779784627778e-05,0.0003286937075854492,0.26737967914438504,0.06731946144430845
4,CHCHD2,4.341257,0.6596491,1.4166975276910453e-05,0.00033719851614073,0.8770053475935828,0.7013463892288861
4,POMP,4.3411574,1.2332267,1.4173399843642284e-05,0.00033719851614073,0.3582887700534759,0.1415748674010608
4,C11orf21,4.336526,2.197334,1.4475229924324822e-05,0.00034378041712448655,0.25133689839572193,0.05589555283557732
4,SCO2,4.3336873,1.4751511,1.466324183975983e-05,0.000347641025284306,0.32085561497326204,0.11913504691962465
4,SNX10,4.326267,1.6902509,1.516577390274748e-05,0.0003583110872247744,0.28342245989304815,0.08241534067727459
4,RNPEP,4.3214855,1.7840346,1.549820580765184e-05,0.0003655328126239958,0.27807486631016043,0.07874337005303958
4,FMNL1,4.313268,1.0340658,1.6085864108233897e-05,0.0003787388970035209,0.43315508021390375,0.20603835169318646
4,MTHFD2,4.3118243,2.070091,1.6191319990259717e-05,0.00038056568982269655,0.25668449197860965,0.06119951040391677
4,UQCRFS1,4.305051,0.938098,1.6694724588934965e-05,0.00039105173068009586,0.5187165775401069,0.27050183598531213
4,SERPINB1,4.304105,0.88058054,1.6766229568695263e-05,0.00039205416265428514,0.5989304812834224,0.34761321909424725
4,LILRA1,4.2825904,2.9007835,1.847301716651e-05,0.000430587047618237,0.2192513368983957,0.028967768257853937
4,SULT1A1,4.2825403,2.2704053,1.8477153625094236e-05,0.000430587047618237,0.24064171122994651,0.04773561811505508
4,MBD2,4.278656,3.3441238,1.8802529936820104e-05,0.00043742308146033277,0.20855614973262032,0.018767849857201143
4,FAM46A,4.2675996,2.117938,1.975873991993324e-05,0.00045888665365069437,0.24598930481283424,0.05263157894736842
4,HOTAIRM1,4.267002,2.2824366,1.9811724508155405e-05,0.00045933600998874396,0.24064171122994651,0.04895960832313342
4,EIF6,4.2331367,1.0308596,2.3045436441211375e-05,0.0005325016582761126,0.42780748663101603,0.21011831905344758
4,ZFP36,4.232091,0.6461507,2.31528876233982e-05,0.0005340807996370369,0.8288770053475936,0.6964504283965728
4,PPT1,4.2215824,1.1782727,2.425930723110317e-05,0.0005586595270623017,0.39037433155080214,0.17788657690738474
4,RNF135,4.2113733,2.3335576,2.538231195202294e-05,0.0005835367879071133,0.22994652406417113,0.03916768665850673
4,ATP1A1,4.2032056,1.1771014,2.6316141637370953e-05,0.0006039886221847694,0.39037433155080214,0.17747858017135862
4,NDUFB7,4.197827,0.90744513,2.6948847700998362e-05,0.0006174722553772377,0.5187165775401069,0.2692778457772338
4,SNN,4.192996,2.4569983,2.7529418201272718e-05,0.0006297181490059971,0.24064171122994651,0.05426356589147287
4,SEPT9,4.191303,0.8911422,2.7735717272898714e-05,0.0006333761790613793,0.5454545454545454,0.3227254181966544
4,CRIP1,4.188464,0.8470607,2.8084873018202493e-05,0.0006402788412964495,0.5828877005347594,0.35414116687066505
4,RTN4,4.178753,1.1131674,2.9311223334984818e-05,0.0006671234431042544,0.43315508021390375,0.22807017543859648
4,TNFRSF14,4.1707344,1.0165167,3.036194163098572e-05,0.0006887419849048853,0.43315508021390375,0.20563035495716034
4,PGAM1,4.169888,0.97408354,3.0474953070936848e-05,0.0006901591362134554,0.44919786096256686,0.2207262341901265
4,SERPINB6,4.1618695,1.1169105,3.1565242027282046e-05,0.0007136671276896749,0.39037433155080214,0.17911056711546308
4,PRDX6,4.1534033,1.0736263,3.275665975064786e-05,0.0007381599761631142,0.48663101604278075,0.2713178294573643
4,FAM49B,4.1475763,0.8710174,3.360132174802711e-05,0.0007559467047628637,0.5240641711229946,0.28600571195430435
4,NCKAP1L,4.1408033,1.5470316,3.46091505596092e-05,0.0007773397369112225,0.2887700534759358,0.0934312525499796
4,AMPD2,4.138961,2.3484368,3.488826766683131e-05,0.0007823221399971237,0.22994652406417113,0.04365565075479396
4,P2RX1,4.119438,4.106054,3.797971751131787e-05,0.0008488560103675233,0.1925133689839572,0.01142390860873113
4,PFDN5,4.1171474,0.27333066,3.835908297649232e-05,0.0008559340475931031,0.93048128342246,0.9241126070991432
4,PSMD4,4.1114697,0.9358583,3.931481259407631e-05,0.0008758288430419349,0.5026737967914439,0.2688698490412077
4,AGPAT2,4.103203,1.8880304,4.074698839410824e-05,0.0009062554943158666,0.25133689839572193,0.06283149734802121
4,CD63,4.1004634,0.861729,4.123232533343022e-05,0.0009155587556964603,0.5508021390374331,0.3292533659730722
4,ARF5,4.0987206,0.92768455,4.154402664731149e-05,0.0009209825128176716,0.5026737967914439,0.2827417380660955
4,NDUFS6,4.0966287,1.0105854,4.192101959932044e-05,0.0009278337822501133,0.42780748663101603,0.21583027335781313
4,PPP4C,4.094089,0.90456134,4.238316085353332e-05,0.0009365444087635129,0.5080213903743316,0.27539779681762544
4,GNB1,4.0926943,1.448088,4.2638936557588624e-05,0.0009406741803399519,0.2994652406417112,0.10485516115871073
4,OSCAR,4.077156,2.4512186,4.558986889441166e-05,0.0010025366338519898,0.22459893048128343,0.0416156670746634
4,RER1,4.066648,1.0003285,4.7694213978023425e-05,0.0010471257010994982,0.42245989304812837,0.211750305997552
4,IDH3G,4.0317364,1.0215639,5.536622111179704e-05,0.0012116684543312505,0.39572192513368987,0.18482252141982863
4,SP110,4.0290475,0.8882351,5.600335640813049e-05,0.001223650936175088,0.5080213903743316,0.2668298653610771
4,ARRDC1,4.0280013,1.4476781,5.625300189653886e-05,0.0012271421627781704,0.28342245989304815,0.09098327213382293
4,SPG21,4.017991,1.1261493,5.8696391697645715e-05,0.0012784017942951353,0.36363636363636365,0.16197470420236637
4,EPN1,4.0046444,2.2305317,6.21108943598417e-05,0.0013506152442324813,0.22459893048128343,0.044471644226846185
4,ETFA,4.000262,1.4288287,6.327249845854236e-05,0.0013730844525575573,0.31016042780748665,0.11995104039167687
4,CD302,3.9998631,2.2137413,6.337911247680324e-05,0.0013730844525575573,0.22994652406417113,0.05263157894736842
4,MTPN,3.9996142,1.4317487,6.344583256911384e-05,0.0013730844525575573,0.3048128342245989,0.1175030599755202
4,SNX5,3.9987178,1.5060861,6.36865758250568e-05,0.0013761137333338223,0.28342245989304815,0.09302325581395349
4,CX3CR1,3.987811,1.8009815,6.668573870846529e-05,0.0014386420976347583,0.24598930481283424,0.06364749082007344
4,ARHGDIA,3.9849226,0.8428512,6.750214410079097e-05,0.0014539578546378573,0.5133689839572193,0.27213382292941657
4,RTN3,3.9836276,1.3366752,6.787118094584002e-05,0.001459604483458884,0.3048128342245989,0.11301509587923296
4,RP11-362F19.1,3.9739661,3.5304096,7.068564341464446e-05,0.0015172614448585313,0.1925133689839572,0.017543859649122806
4,COX7A2,3.9736671,0.8033638,7.07744244562745e-05,0.0015172614448585313,0.6149732620320856,0.3839249286005712
4,PIK3AP1,3.972472,2.3704915,7.11306045951733e-05,0.0015225071102691011,0.2192513368983957,0.041207670338637294
4,SH3GLB1,3.9682887,1.2519776,7.239063445556639e-05,0.0015470524321208364,0.32085561497326204,0.1281109751121991
4,GCH1,3.964653,1.922719,7.350277865042627e-05,0.0015683655394534706,0.24064171122994651,0.06079151366789066
4,CDH23,3.9552405,3.7663517,7.645772305057074e-05,0.0016288715537887582,0.18716577540106952,0.012647898816809465
4,ZNHIT1,3.9518042,0.8896057,7.756423458092145e-05,0.001649871008468946,0.47593582887700536,0.2598939208486332
4,RALB,3.9430888,1.730351,8.043889152381146e-05,0.0017083569248043068,0.25668449197860965,0.07384740922072623
4,ALOX5,3.9421425,1.6377611,8.075698768305531e-05,0.001709794455503571,0.25668449197860965,0.0726234190126479
4,CECR1,3.9273512,1.3831328,8.588652549655126e-05,0.001815582650434836,0.28342245989304815,0.09465524275805794
4,LSM10,3.9147015,0.9757056,9.051614228152303e-05,0.0019091193545601236,0.40106951871657753,0.1974704202366381
4,PPM1N,3.9145021,3.6871917,9.059090083149971e-05,0.0019091193545601236,0.18716577540106952,0.014279885760913913
4,ATP6V0E1,3.914054,0.79081637,9.075932086510616e-05,0.0019097215496670106,0.7914438502673797,0.547531619747042
4,ARPC1A,3.9108667,1.2759423,9.196553165475031e-05,0.0019291571432830572,0.3048128342245989,0.10975112199102408
4,ANAPC11,3.9056873,0.90889436,9.395797193120125e-05,0.001967929547074362,0.45454545454545453,0.23133414932680538
4,PSMD9,3.9023504,1.0107777,9.526307921629413e-05,0.001992209203334935,0.37967914438502676,0.1701346389228886
4,CD83,3.8998604,1.8430326,9.624817395223263e-05,0.0020070770192273115,0.24064171122994651,0.06283149734802121
4,S100A8,3.8998106,0.40548134,9.626797360822268e-05,0.0020070770192273115,0.5026737967914439,0.2594859241126071
4,TBCB,3.8927884,0.8715394,9.909855379486567e-05,0.002062941845461411,0.5133689839572193,0.2913096695226438
4,PLEKHO1,3.8916929,1.8200058,9.954722820823001e-05,0.002069127775360105,0.24598930481283424,0.0689514483884129
4,PSMB8,3.8882067,0.7480146,0.00010098762058310408,0.002095876818666975,0.679144385026738,0.4430844553243574
4,VSTM1,3.885318,2.0460417,0.00010219596913001072,0.0021145275067264036,0.22459893048128343,0.04814361485108119
4,TAX1BP3,3.885318,1.9812924,0.00010219596913001072,0.0021145275067264036,0.23529411764705882,0.058343533251733984
4,MRPL18,3.8847206,1.0608377,0.0001024476702168042,0.002116528569562297,0.3850267379679144,0.18033455732354142
4,UQCR10,3.8792422,0.8045348,0.00010478235260102345,0.0021614921557697527,0.5721925133689839,0.332109343125255
4,TLN1,3.8758557,1.423316,0.00010625062865986401,0.0021884744871479684,0.29411764705882354,0.1142390860873113
4,RAB7A,3.8724692,0.84060025,0.00010773830399962279,0.002209120539667941,0.5133689839572193,0.2978376172990616
4,RNF213,3.864202,0.96219665,0.00011145295635244556,0.00228186142720989,0.42245989304812837,0.21256629946960423
4,TSPAN14,3.8510044,1.3884712,0.0001176343696303703,0.002404812801904696,0.28342245989304815,0.09832721338229294
4,MARCH2,3.8505063,2.560261,0.0001178738447527989,0.002406106463294801,0.21390374331550802,0.04324765401876785
4,LAMTOR1,3.8500085,0.92364687,0.00011811377954208896,0.002407405631980249,0.5614973262032086,0.32762137902896776
4,NDUFA2,3.8333745,0.9133584,0.000126397322692707,0.0025724021441007553,0.45989304812834225,0.2423500611995104
4,UTRN,3.8124576,1.7500856,0.00013759187452310902,0.0027960634501303224,0.25133689839572193,0.07466340269277846
4,AMICA1,3.8088717,0.86255634,0.0001396023243388842,0.0028327033301215497,0.45989304812834225,0.2484700122399021
4,VMA21,3.803792,1.6379303,0.00014249787083385772,0.002887167543185699,0.25133689839572193,0.07425540595675234
4,C1orf43,3.793184,0.986653,0.00014872781388388157,0.003008928927997462,0.40641711229946526,0.21379028967768257
4,NBPF10,3.785166,1.717942,0.0001536060524486242,0.003103024041772799,0.23529411764705882,0.059567523459812324
4,ERP44,3.7831738,1.0677632,0.00015484118521302316,0.00312335483791587,0.35294117647058826,0.16279069767441862
4,PRKCB,3.7824268,1.2877871,0.00015530676538517952,0.0031281256461652084,0.31016042780748665,0.12688698490412076
4,SELT,3.7692292,0.85654724,0.00016375244559123348,0.0032933776097111697,0.5133689839572193,0.284781721746226
4,PFKL,3.766789,1.4232739,0.00016536069305431695,0.0033208318005143417,0.2727272727272727,0.0934312525499796
4,SHKBP1,3.763253,1.1035883,0.00016771739477241187,0.003363214013233563,0.33689839572192515,0.15299877600979192
4,RAB31,3.748661,2.2047174,0.00017778124969795902,0.0035597958150664637,0.20855614973262032,0.04039167686658507
4,OSTF1,3.7384017,0.84768254,0.0001851938969658943,0.003702793348413254,0.4919786096256685,0.29702162382700936
4,SSR3,3.7204728,1.0885607,0.00019885009370229257,0.003960011840909245,0.35294117647058826,0.16809465524275805
4,LACTB,3.7203734,1.700069,0.00019892853858111763,0.003960011840909245,0.23529411764705882,0.06364749082007344
4,PSMC3,3.7139487,0.9920547,0.00020405009838380834,0.00405605261066854,0.3582887700534759,0.16115871073031415
4,NDUFS7,3.7037394,0.8473004,0.00021244454934848833,0.00420951262517531,0.48128342245989303,0.27866177070583437
4,GNS,3.7034404,2.5258827,0.00021269505795042213,0.00420951262517531,0.19786096256684493,0.032639738882088945
4,C7orf50,3.6961195,1.0601858,0.0002189198641906097,0.004326439457868258,0.33689839572192515,0.1481028151774786
4,RASGRP2,3.6906912,0.9049534,0.00022364553440980711,0.004407075639105809,0.42245989304812837,0.22888616891064872
4,KYNU,3.6898944,2.3378973,0.00022434721739516373,0.004414532565919821,0.20320855614973263,0.037943696450428395
4,GCA,3.685163,1.3130474,0.00022855620544269878,0.004490882793561863,0.29411764705882354,0.11831905344757242
4,PRKCD,3.6790376,2.1653802,0.0002341158845346328,0.004593515113800209,0.20855614973262032,0.042839657282741736
4,LIMS1,3.6784897,1.3107951,0.00023461922548717514,0.004596786432213578,0.3155080213903743,0.14320685434516525
4,TMEM176B,3.6704714,1.9673498,0.0002421034832887391,0.004729850025452105,0.2192513368983957,0.05385556915544676
4,TREX1,3.6682801,1.220454,0.00024418750660365544,0.00476374941454217,0.2887700534759358,0.10975112199102408
4,UBE2J1,3.6627522,1.3846823,0.00024951994890483835,0.004860833697923642,0.2727272727272727,0.10199918400652795
4,ABRACL,3.6560287,0.8320264,0.00025615254576775835,0.004982933283482206,0.46524064171123,0.26805385556915545
4,LFNG,3.6530406,2.401492,0.00025915312281164283,0.005029908532467274,0.19786096256684493,0.03386372909016728
4,PKN1,3.6528914,1.2942017,0.00025930401339022857,0.005029908532467274,0.28342245989304815,0.10975112199102408
4,CCDC12,3.6405404,0.89480937,0.0002720664524718406,0.0052476546256432985,0.4385026737967914,0.23337413300693594
4,ARAP1,3.6379008,2.270307,0.00027486919902607125,0.005294236645839251,0.20320855614973263,0.039575683394532844
4,SAP18,3.63307,0.72817034,0.0002800689636000779,0.005386791221017836,0.7005347593582888,0.46226030191758466
4,CD52,3.62047,0.36999092,0.00029406825965259465,0.0056401631373817875,0.93048128342246,0.8922888616891065
4,SRSF9,3.6027405,0.7483053,0.00031487984398995004,0.006030854347162353,0.5133689839572193,0.2913096695226438
4,LCP1,3.601097,0.7423048,0.00031687728569042387,0.006060610943121048,0.5828877005347594,0.37209302325581395
4,BUD31,3.5828197,0.76552606,0.00033990533247904554,0.006473845495584164,0.45989304812834225,0.24112607099143207
4,PLIN2,3.5820227,1.27383,0.00034094404904915794,0.006484584866038023,0.2727272727272727,0.09955120359037127
4,CHST2,3.5797818,2.847832,0.0003438813826699618,0.006531354884201666,0.18181818181818182,0.02284781721746226
4,GNG2,3.566136,1.1558095,0.0003622835755356797,0.0068713118159933915,0.2887700534759358,0.11219910240718074
4,SMAP2,3.5576198,0.97608274,0.000374230571164235,0.007088061969235497,0.3315508021390374,0.14851081191350468
4,TRAPPC1,3.5405874,0.76428455,0.0003992374423277658,0.007551227856548435,0.6737967914438503,0.43329253365973075
4,UBC,3.5388443,0.4762091,0.0004018828446425015,0.007590749829098202,0.93048128342246,0.8474092207262341
4,HLA-DQA1,3.538147,0.6152584,0.0004029455835520958,0.00760031062014837,0.4117647058823529,0.20359037127702978
4,NR4A1,3.537151,1.3789579,0.0004044683368906801,0.007618509804936728,0.2620320855614973,0.09587923296613628
4,ZNF385A,3.5341132,2.1829853,0.0004091460016616828,0.007685416504390565,0.19786096256684493,0.03875968992248062
4,SRA1,3.5312743,1.3014846,0.0004135625584058203,0.007757706452733355,0.2620320855614973,0.09302325581395349
4,LAP3,3.522509,1.0792015,0.00042748226485755247,0.00800781592440979,0.3155080213903743,0.14320685434516525
4,NDUFAF3,3.5217123,0.95062673,0.00042876914996800846,0.008014462483428735,0.39572192513368987,0.20603835169318646
4,PPCS,3.5204175,0.9282644,0.0004308680554387554,0.008036244475679927,0.36363636363636365,0.17747858017135862
4,TTYH3,3.5201187,2.9469655,0.0004313537786081859,0.008036244475679927,0.17647058823529413,0.02039983680130559
4,MTMR11,3.5167818,2.1732562,0.00043681252617578905,0.008126855391630211,0.19786096256684493,0.03998368013055895
4,HTATIP2,3.5106564,1.2392492,0.0004470020376679287,0.008305115410058822,0.28342245989304815,0.11342309261525908
4,PKM,3.503435,0.7914002,0.0004592988690751479,0.008521990972948668,0.6149732620320856,0.4108527131782946
4,TWF2,3.499152,1.0047299,0.00046674054251863965,0.008648315941159489,0.34759358288770054,0.17135862913096694
4,SRI,3.495118,0.8233801,0.0004738522903386158,0.008768193600086908,0.44385026737967914,0.25418196654426767
4,LILRB3,3.4937732,2.5516095,0.0004762452483782898,0.008800548189247531,0.18716577540106952,0.03182374541003672
4,PHF19,3.4916317,2.4698825,0.00048007953878569044,0.008859413758996472,0.18716577540106952,0.031415748674010605
4,SH3BP2,3.4889424,1.685349,0.00048493547989702243,0.00892490419605625,0.2192513368983957,0.057935536515707875
4,MIDN,3.485008,1.4435458,0.0004921221243686796,0.00904459791487333,0.25668449197860965,0.09587923296613628
4,CORO1B,3.4846594,0.98088884,0.0004927636825326419,0.00904459791487333,0.3315508021390374,0.15340677274581804
4,SELK,3.479231,0.7386904,0.0005028548221197506,0.009217430135392368,0.4919786096256685,0.2778457772337821
4,MTHFS,3.4675775,1.1397699,0.0005251725880522176,0.009587910243905191,0.28342245989304815,0.11342309261525908
4,ATP2B1,3.4635932,1.3903319,0.0005330119779960306,0.009718039481326829,0.25133689839572193,0.08853529171766626
4,PSMB6,3.456322,0.74871963,0.0005476006472590554,0.00997071258529288,0.47593582887700536,0.262749898000816
4,BLVRB,3.452537,0.86442786,0.0005553411430594497,0.01009818728311564,0.3315508021390374,0.1489188086495308
4,ITM2B,3.4497979,0.55115986,0.000561006249320576,0.010187634761598119,0.8983957219251337,0.7849857201142391
4,NMI,3.449001,0.9909295,0.0005626643588094755,0.010204175941437181,0.33689839572192515,0.16279069767441862
4,PLXNB2,3.4456644,2.4687097,0.0005696573878505746,0.010317296138577516,0.18181818181818182,0.02733578131374949
4,NEURL1,3.4401364,4.1046886,0.0005814212261155056,0.010516408296468006,0.16042780748663102,0.00897592819257446
4,HHEX,3.4344091,1.5845624,0.0005938472472951951,0.010716722298745245,0.22459893048128343,0.06650346797225622
4,G6PD,3.4197671,1.6055735,0.000626747383592404,0.011276498379891791,0.22994652406417113,0.07221542227662178
4,STX10,3.4141893,1.0769176,0.0006397208988672176,0.01149477446701411,0.3048128342245989,0.1346389228886169
4,CKS1B,3.412297,1.7011727,0.0006441790807424255,0.011559670862836482,0.21390374331550802,0.05711954304365565
4,POLR2F,3.409757,0.8986085,0.0006502078551418563,0.011652543923644605,0.34759358288770054,0.16360669114647083
4,MRPL21,3.4047768,0.97198707,0.0006621815843170758,0.011824902428441614,0.32085561497326204,0.14932680538555693
4,EMC7,3.4046772,0.9324055,0.000662423136918412,0.011824902428441614,0.3422459893048128,0.1656466748266014
4,TMEM219,3.3996472,0.7664635,0.0006747286288343726,0.01201316056761694,0.44919786096256686,0.2623419012647899
4,MIR142,3.3989997,0.91735756,0.000676327850913909,0.012025954599062945,0.3315508021390374,0.15503875968992248
4,FKBP8,3.3953145,0.7689377,0.0006854984329802097,0.012173168531570537,0.49732620320855614,0.3011015911872705
4,PCMT1,3.3912306,0.8022302,0.0006957953569575871,0.012339975837159492,0.40641711229946526,0.21338229294165648
4,TNFRSF1A,3.3836606,1.5107986,0.0007152634976978769,0.01265238124943291,0.24064171122994651,0.08159934720522236
4,UBE2B,3.3753934,1.093275,0.0007371021962088548,0.01302182094622008,0.31016042780748665,0.13953488372093023
4,UBE2R2,3.3748457,1.7358503,0.000738570998098698,0.013030911563353773,0.21390374331550802,0.05997552019583843
4,NADK,3.3680725,2.2808335,0.0007569567152390956,0.013320877452712744,0.18716577540106952,0.03631170950632395
4,NDUFV2,3.365184,0.7623617,0.0007649262111486159,0.013443799664666023,0.46524064171123,0.26805385556915545
4,COX6A1P2,3.3632417,0.90919596,0.0007703287379239312,0.013521348644073528,0.35294117647058826,0.1766625866993064
4,FIBP,3.3583114,0.9819891,0.0007842023481162452,0.013747198030648838,0.32620320855614976,0.16075071399428806
4,ILK,3.3565185,1.64076,0.0007893045420112882,0.01381890105859763,0.25133689839572193,0.10240718074255406
4,FAM89B,3.3534806,1.4713905,0.0007980203180456541,0.013953604946519147,0.22994652406417113,0.07425540595675234
4,CEBPA,3.352086,2.7582474,0.0008020508369933919,0.014006146074145473,0.1711229946524064,0.022031823745410038
4,PSMB4,3.3474545,0.8772484,0.0008155738910154179,0.014224108627977709,0.34759358288770054,0.16768665850673195
4,IL10RB,3.3453627,1.2243377,0.0008217501570126316,0.014313546102250633,0.25668449197860965,0.09587923296613628
4,PAIP2,3.3344064,0.7470624,0.0008548170219807391,0.014870549365820347,0.48663101604278075,0.3043655650754794
4,ARPC4,3.331916,0.7355151,0.0008625023375022474,0.014985155115687902,0.49732620320855614,0.30273357813137497
4,RP3-395M20.12,3.322653,1.832167,0.0008916577064357888,0.015472017330479202,0.20320855614973263,0.0518155854753162
4,LRPAP1,3.3200135,0.9097238,0.0009001311364834426,0.015599226903322197,0.33689839572192515,0.16850265197878417
4,ADI1,3.3196151,1.0391245,0.0009014166085463167,0.015601704950961344,0.31016042780748665,0.14687882496940025
4,AKR1A1,3.31329,0.99641424,0.000922052720667726,0.01593867335878287,0.3048128342245989,0.13667890656874745
4,NDUFA11,3.3079612,0.6825652,0.0009397779133107912,0.016204049474964854,0.6256684491978609,0.3973888208894329
4,ALDH3B1,3.3068159,2.9875984,0.0009436289901544349,0.01624993378253337,0.1657754010695187,0.019583843329253364
4,CYTH4,3.3025827,1.2148901,0.000957988432351614,0.0164761778486748,0.27807486631016043,0.12035903712770298
4,MLX,3.3022342,1.2266676,0.0009591799494505321,0.0164761778486748,0.26737967914438504,0.1073031415748674
4,APOBEC3B,3.301238,2.9143982,0.0009625918515382712,0.016514012970611346,0.1711229946524064,0.026519787841697267
4,SECTM1,3.2978017,3.2936919,0.0009744493857360122,0.016696462749825575,0.16042780748663102,0.014687882496940025
4,CMTM7,3.293469,0.8203334,0.0009895929796776678,0.016934688885311067,0.37433155080213903,0.18931048551611587
4,CALHM2,3.292971,1.616553,0.0009913475155195206,0.016943481441720365,0.21390374331550802,0.06242350061199511
4,MKRN1,3.2920246,0.90112036,0.0009946890708753455,0.016979342439842147,0.36363636363636365,0.19706242350061198
4,PHPT1,3.2832594,0.9018983,0.0010261418724523035,0.017450801258043158,0.32085561497326204,0.1521827825377397
4,VPS28,3.282662,0.6910016,0.0010283195507123828,0.0174660843091148,0.5508021390374331,0.3419012647898817
4,CHCHD5,3.2807195,0.98292327,0.0010354265782343398,0.01756495074828341,0.2994652406417112,0.13545491636066911
4,SYTL1,3.2766855,0.96913207,0.0010503327945632778,0.017795712956024966,0.32620320855614976,0.15707874337005304
4,CLTB,3.275291,0.84031355,0.001055531571000978,0.017861634614113206,0.35294117647058826,0.17911056711546308
4,TMEM134,3.2746935,1.0750209,0.0010577668975521991,0.017877307862590137,0.27807486631016043,0.11587107303141575
4,NUDT3,3.269564,1.4918305,0.0010771343590318383,0.018182077630294544,0.22459893048128343,0.0726234190126479
4,RAP1A,3.269215,0.7132939,0.0010784624253469962,0.018182077630294544,0.5240641711229946,0.3108935128518972
4,COMT,3.2670736,1.005043,0.001086653831278108,0.018297589050473295,0.31016042780748665,0.1448388412892697
4,NEDD8,3.2664263,0.66766715,0.0010891416080214369,0.01831689384130633,0.7219251336898396,0.4851081191350469
4,RGS18,3.2628903,3.387822,0.0011028218919530422,0.018501395278268728,0.1657754010695187,0.023663810689514484
4,TCF25,3.2610974,0.7895147,0.0011098189224977163,0.018595935221630448,0.42245989304812837,0.2419420644634843
4,MT-ND3,3.2591054,0.80296344,0.0011176415316183793,0.018704059749731113,0.37433155080213903,0.193390452876377
4,FBP1,3.258458,1.9180776,0.0011201948358560124,0.01870752017901161,0.19786096256684493,0.0518155854753162
4,KLF3,3.253627,1.2708586,0.0011394173371266994,0.01899863633187083,0.25133689839572193,0.09628722970216239
4,CD44,3.2512865,0.61204034,0.0011488405863660021,0.01913239883830991,0.6363636363636364,0.44879640962872297
4,DDAH2,3.249892,1.6452255,0.001154488622752418,0.01920304096505118,0.20855614973262032,0.0587515299877601
4,ICAM3,3.2456589,0.65460235,0.0011717920340998745,0.019467143573805214,0.6256684491978609,0.40718074255405956
4,MICAL1,3.241824,1.8775184,0.0011876734538566558,0.01965603112415098,0.1925133689839572,0.044879640962872294
4,CHMP2A,3.2415252,0.7706755,0.0011889192815281713,0.01965603112415098,0.42780748663101603,0.251733986128111
4,MT-ATP6,3.2381885,0.5825893,0.001202913280951862,0.019839352372800274,0.893048128342246,0.7311301509587923
4,TXNDC17,3.2348516,1.1546427,0.0012170593054526776,0.0200484461704002,0.25668449197860965,0.0999592003263974
4,TAGLN2,3.2238455,0.773151,0.001264816606025989,0.020810042857699884,0.6898395721925134,0.4985720114239086
4,C1QA,3.21767,5.987554,0.001292364446709109,0.021237700221732363,0.1443850267379679,0.0036719706242350062
4,DNASE2,3.208606,1.3826336,0.0013338016286235477,0.021892301731349963,0.22994652406417113,0.07792737658098735
4,ID2,3.2029784,0.6136208,0.0013601423533693407,0.022271107886824598,0.5828877005347594,0.37250101999184004
4,LSMD1,3.202032,0.9218481,0.0013646181633399825,0.022317635495294374,0.3315508021390374,0.16442268461852305
4,NDUFA7-1,3.1918225,0.88687,0.0014137813721947158,0.023094017247238086,0.3155080213903743,0.14973480212158302
4,DNAJA1,3.1860952,0.6692883,0.0014420706451568446,0.023527976977612747,0.48663101604278075,0.28192574459404324
4,VIM,3.1839538,0.5303291,0.0014527817249831655,0.023674447776097982,0.9090909090909091,0.7931456548347613
4,SLIRP,3.1803682,1.0908481,0.0014708808657950966,0.023940821338853203,0.2620320855614973,0.10567115463076296
4,MT-ND5,3.1797705,0.6364206,0.0014739175134409564,0.023961687575654405,0.7165775401069518,0.5014279885760914
4,MAP1LC3B,3.176882,0.80387646,0.0014886762487819436,0.024172845247760075,0.41711229946524064,0.23908608731130152
4,PDCL3,3.1759357,1.1101842,0.0014935405375560897,0.02422302800577905,0.26737967914438504,0.11260709914320685
4,LEPROT,3.1665728,1.7573309,0.001542466874454758,0.0249868655249753,0.20855614973262032,0.06487148102815178
4,OTUB1,3.1652281,0.9777557,0.0015496135126749735,0.025072893517878482,0.31016042780748665,0.15055079559363524
4,GRB2,3.1643317,0.8650557,0.0015543948653896646,0.025120492641137585,0.33689839572192515,0.1729906160750714
4,SFT2D1,3.1628876,0.9760842,0.0015621267394620097,0.025215606092308752,0.29411764705882354,0.13667890656874745
4,ARHGAP27,3.1575587,1.8680001,0.001590962090896263,0.025650741810247187,0.1925133689839572,0.05059159526723786
4,LMAN2,3.1545208,0.716621,0.0016076194421247574,0.02588873950666944,0.43315508021390375,0.24806201550387597
4,FAM32A,3.15218,1.0589701,0.0016205631261277907,0.02606644293333464,0.28342245989304815,0.13178294573643412
4,ERICH1,3.1510346,1.1492876,0.0016269321614730402,0.02613810070244216,0.25668449197860965,0.10444716442268462
4,TMED3,3.150686,1.3443936,0.00162887513119337,0.026138564972475513,0.23529411764705882,0.08853529171766626
4,WBP2,3.1489928,1.0419569,0.001638342824668185,0.02625963569679429,0.2994652406417112,0.14320685434516525
4,VMO1,3.1477478,7.358265,0.0016453366431154678,0.026332393065368814,0.13903743315508021,0.0012239902080783353
4,HERPUD1,3.1474986,0.76534283,0.0016467386993134863,0.026332393065368814,0.3689839572192513,0.20032639738882088
4,CDC42,3.1438134,0.65191954,0.0016676180797698466,0.026635078944253827,0.5775401069518716,0.35862913096695226
4,LAIR1,3.135297,1.2619399,0.001716801402357021,0.02738859807311621,0.22994652406417113,0.08037535699714403
4,TUBB4B,3.1344006,1.0892782,0.001722055461584691,0.027436306176211168,0.27807486631016043,0.12443900448796409
4,BSG,3.1341019,0.73727363,0.0017238100980659918,0.027436306176211168,0.4117647058823529,0.23704610363117096
4,PDXK,3.128225,1.654721,0.0017586538022775094,0.027958296069734188,0.19786096256684493,0.05467156262749898
4,MSRB1,3.1274283,1.2224817,0.0017634279069909144,0.028001594764962705,0.24598930481283424,0.09751121991024071
4,RBCK1,3.125038,0.82469034,0.0017778218005965046,0.028169425998165826,0.3689839572192513,0.19624643002855977
4,TXN2,3.124988,0.9209731,0.001778122818571979,0.028169425998165826,0.31016042780748665,0.1521827825377397
4,STX7,3.1166213,1.0587803,0.0018293641399079429,0.028947620735321977,0.26737967914438504,0.11383108935128519
4,PLSCR1,3.1155756,1.0350927,0.001835863839892021,0.029016847913848887,0.28342245989304815,0.13015095879232966
4,POLR3K,3.104868,1.2158654,0.0019036398043642223,0.03005330077271424,0.24598930481283424,0.09832721338229294
4,MYO9B,3.0989416,1.5421374,0.001942133608558128,0.03062560803518452,0.20320855614973263,0.06079151366789066
4,ICAM4,3.0929651,5.583505,0.0019816734400146213,0.03121307093061092,0.13903743315508021,0.0036719706242350062
4,ZNHIT3,3.0914214,0.943594,0.0019920073013376146,0.0313396909067586,0.32085561497326204,0.16156670746634028
4,TXNL1,3.085196,0.7833775,0.0020341798615990075,0.031929609413788564,0.3422459893048128,0.16931864545083639
4,MYH9,3.082706,0.8229634,0.0020512770813564817,0.03216101012974066,0.3422459893048128,0.17788657690738474
4,CDIP1,3.0817099,2.365488,0.002058152807975209,0.03223180590104295,0.1711229946524064,0.03386372909016728
4,AHNAK,3.079668,0.68757606,0.002072314192533547,0.03240639567377684,0.44919786096256686,0.26152590779273766
4,PRADC1,3.0794191,2.1354716,0.002074047291950861,0.03240639567377684,0.1711229946524064,0.032639738882088945
4,ITGAX,3.0733433,2.8681076,0.0021167491048042467,0.03303580088595062,0.15508021390374332,0.018767849857201143
4,NAPA,3.0540698,1.0990825,0.002257596014674688,0.035193757050682124,0.26737967914438504,0.1211750305997552
4,UBE2A,3.052775,1.0813488,0.0022673597098264585,0.03530566043031941,0.2620320855614973,0.11260709914320685
4,LY86,3.0505338,0.7188851,0.002284349878449162,0.03552970608212046,0.34759358288770054,0.1799265605875153
4,NDUFA1,3.048193,0.650001,0.002302219614183366,0.0357669067705211,0.5240641711229946,0.3182374541003672
4,RNF144B,3.0432627,3.7111492,0.0023402797265129178,0.036316886301432275,0.1443850267379679,0.010607915136678907
4,SSNA1,3.0420673,0.74481255,0.0023495927777311097,0.0364200215354098,0.3850267379679144,0.21215830273357814
4,NIPSNAP3A,3.0402746,1.6205076,0.0023636259969480934,0.03659600523165891,0.19786096256684493,0.059567523459812324
4,RNF7,3.035892,0.71421385,0.0023982530841828516,0.037048126829865406,0.41711229946524064,0.2386780905752754
4,GUSB,3.035095,1.5491548,0.002404598586060081,0.03706945212382678,0.2192513368983957,0.07874337005303958
4,RHEB,3.034896,1.0418987,0.002406187361013295,0.03706945212382678,0.27807486631016043,0.13055895552835578
4,KDELR2,3.0346966,0.8592979,0.0024077770967951342,0.03706945212382678,0.32085561497326204,0.16809465524275805
4,SHFM1,3.0301647,0.7592566,0.002444204316957645,0.03755800231990849,0.36363636363636365,0.1905344757241942
4,CCDC115,3.030065,0.8617476,0.002445010549384787,0.03755800231990849,0.3048128342245989,0.15136678906568748
4,LDHA,3.023292,0.6189467,0.002500408728700888,0.038365822021504854,0.6737967914438503,0.47939616483068137
4,ZFAND6,3.0212002,0.8737784,0.002517747636080253,0.03858850922369465,0.31016042780748665,0.15340677274581804
4,HK3,3.0201046,2.6892445,0.002526873749495365,0.03868496403935953,0.15508021390374332,0.0208078335373317
4,CDKN1A,3.019507,1.6612858,0.0025318643730341587,0.03871796178964666,0.19786096256684493,0.06119951040391677
4,ATP5H,3.0124848,0.62589526,0.0025911832993448414,0.039580759659791,0.5561497326203209,0.3423092615259078
4,BCAP31,3.0104928,0.70694315,0.0026082412415674616,0.0397968071450785,0.44385026737967914,0.2733578131374949
4,ABTB1,3.0050645,1.2875147,0.00265524649744336,0.04046880152799835,0.22994652406417113,0.08853529171766626
4,BCL2A1,3.0027237,2.3079648,0.002675752701527175,0.04073587390418629,0.1657754010695187,0.03182374541003672
4,PPBP,2.995353,4.514065,0.0027412744860811408,0.04168690911127401,0.1497326203208556,0.019583843329253364
4,ACO2,2.994855,1.2480165,0.0027457540651229864,0.04170858455319189,0.22459893048128343,0.0828233374133007
4,CHMP1B,2.9927135,0.75469434,0.0027650925565047943,0.041955671057366084,0.42780748663101603,0.2484700122399021
4,TOLLIP,2.990074,1.6386049,0.00278909951835241,0.0422729667287686,0.19786096256684493,0.06201550387596899
4,BIN2,2.9874842,0.6095161,0.0028128383816052706,0.042585499932595985,0.5401069518716578,0.35658914728682173
4,DEDD2,2.9871356,1.0497764,0.002816048050193213,0.04258687948332062,0.25668449197860965,0.11219910240718074
4,NDUFB3,2.9773245,0.91671455,0.0029077602115798328,0.04387665574512066,0.27807486631016043,0.12974296205630356
4,SNRPD3,2.9755814,0.8609298,0.0029243366195725595,0.04407808043806057,0.32085561497326204,0.16727866177070583
4,NOTCH2NL,2.971647,1.1631559,0.0029620694155405402,0.044597596404213465,0.23529411764705882,0.0934312525499796
4,AOAH,2.9625332,1.010534,0.00305118807400551,0.045838310603541516,0.2620320855614973,0.11587107303141575
4,SIRPB1,2.9601927,2.3165169,0.003074467775762965,0.04608664318970258,0.16042780748663102,0.028151774785801713
4,COPE,2.9572046,0.64169204,0.0031044218886580746,0.046484633017011695,0.6470588235294118,0.4218686250509996
4,ADAP2,2.9527223,2.432681,0.0031498522024146947,0.04711323294214137,0.15508021390374332,0.023255813953488372
4,RHOF,2.948788,0.86687165,0.003190228492801734,0.0476649456211165,0.3155080213903743,0.16197470420236637
4,SNX18,2.9484394,2.5515306,0.00319382879158782,0.04766658576822216,0.15508021390374332,0.024071807425540596
4,YPEL5,2.947493,0.6944635,0.0032036197047105334,0.04776051385101206,0.5133689839572193,0.32394940840473274
4,RAB18,2.943459,1.0767024,0.003245667521892743,0.048330390507962916,0.25668449197860965,0.11546307629538964
4,COQ2,2.9428117,2.2458324,0.0032524625715303103,0.048330390507962916,0.16042780748663102,0.028559771521827825
4,ZDHHC1,2.9402716,3.2130666,0.0032792454191451466,0.04867540809113709,0.1443850267379679,0.014687882496940025
4,EHBP1L1,2.9398234,2.0746033,0.0032839926067549773,0.04869294575227576,0.1657754010695187,0.03345573235414117
4,GUK1,2.9370844,0.5919769,0.0033131394754756334,0.049071835875374455,0.6737967914438503,0.4663402692778458
4,NUCB1,2.9347436,0.8442432,0.0033382332915750513,0.049389939143823294,0.32085561497326204,0.1656466748266014
4,PSMC4,2.933897,0.85379183,0.003347352320165617,0.04947125896556458,0.3155080213903743,0.15748674010607916
4,TNNI2,2.9332993,3.224158,0.0033538029332696537,0.04951300849376259,0.1443850267379679,0.015095879232966136
4,ATP5I,2.9324527,0.6597978,0.003362960680136089,0.04959459076451234,0.44919786096256686,0.27702978376172993
4,YWHAE,2.9313571,1.0036765,0.003374845681377114,0.04971617327387904,0.27807486631016043,0.13219094247246022
4,MAL,-2.9430606,-3.8505585,0.0032498475585217936,0.048330390507962916,0.016042780748663103,0.14279885760913913
4,VAMP2,-2.9607902,-0.5761145,0.0030685086739732797,0.046047862034922095,0.44385026737967914,0.4569563443492452
4,EVL,-2.9632804,-0.4772489,0.0030437922932238623,0.04577756338795712,0.5508021390374331,0.5312117503059975
4,LBH,-2.9780219,-2.461254,0.002901153695564372,0.043825392551578614,0.053475935828877004,0.17584659322725418
4,ARL4C,-3.0381827,-1.8662672,0.002380095054706678,0.03680926168411596,0.0855614973262032,0.20685434516523868
4,CUTA,-3.0864909,-0.66767985,0.0020253410743752307,0.03182745421365725,0.3850267379679144,0.4394124847001224
4,UBA52,-3.2039244,-0.25984594,0.001355680088108801,0.022224690616102986,0.946524064171123,0.97796817625459
4,LEF1,-3.2406785,-2.7862043,0.0011924556864544615,0.019690658832191205,0.0374331550802139,0.17503059975520197
4,UXT,-3.2429695,-0.78866273,0.001182908946424253,0.019604131762584465,0.36363636363636365,0.412484700122399
4,ANXA2R,-3.2430193,-2.4946895,0.0011827021950907965,0.019604131762584465,0.053475935828877004,0.18767849857201144
4,CMPK1,-3.2583582,-0.86790377,0.0011205881302307774,0.01870752017901161,0.3048128342245989,0.38270093839249286
4,RGCC,-3.2649322,-1.7464551,0.0010949027486546344,0.018391133992161978,0.11764705882352941,0.23908608731130152
4,PIK3IP1,-3.2864966,-1.5178508,0.0010144201058767473,0.017272968785352696,0.1443850267379679,0.2598939208486332
4,RARRES3,-3.289435,-0.6868219,0.0010038877784499906,0.01711497066481033,0.44385026737967914,0.4740922072623419
4,HOPX,-3.3110988,-4.386783,0.0009293037476565478,0.016043706672563614,0.016042780748663103,0.1587107303141575
4,IER2,-3.373999,-0.4535976,0.0007408463125723577,0.013054189992887892,0.6737967914438503,0.6332109343125255
4,XBP1,-3.3895373,-1.3608729,0.0007001068222471109,0.012400335622057777,0.18181818181818182,0.2937576499388005
4,PPA1,-3.40398,-1.1653602,0.0006641163005732888,0.011839650392465838,0.22459893048128343,0.3227254181966544
4,CALM1,-3.409259,-0.36519036,0.0006513961038322557,0.011658538917343753,0.7005347593582888,0.6760505915952673
4,TRAT1,-3.425843,-2.757804,0.0006128943035976913,0.0110418002769526,0.0374331550802139,0.1835985312117503
4,AQP3,-3.4343095,-3.3352969,0.0005940655228580954,0.010716722298745245,0.03208556149732621,0.17747858017135862
4,GTF3A,-3.4692707,-0.5845361,0.0005218734967398958,0.00954043436610444,0.47058823529411764,0.5267237862097103
4,PRKCQ-AS1,-3.4700675,-3.286298,0.000520327675850177,0.00952492592682308,0.03208556149732621,0.17911056711546308
4,TNFAIP8,-3.4890919,-1.6203873,0.000484664508087132,0.00892490419605625,0.13903743315508021,0.2647898816809465
4,GZMA,-3.5215628,-2.8441672,0.0004290108432473934,0.008014462483428735,0.06417112299465241,0.2076703386372909
4,RPS9,-3.5342126,-0.26023176,0.00040899183772978814,0.007685416504390565,0.9625668449197861,0.9910240718074256
4,CST7,-3.5851603,-2.9065442,0.0003368711988248229,0.0064250182837315385,0.058823529411764705,0.20685434516523868
4,SNHG7,-3.5855587,-1.5881155,0.00033635728114477355,0.006424188854983256,0.1443850267379679,0.27498980008159934
4,LAT,-3.6255498,-2.020638,0.00028834720687405814,0.005538213019792036,0.08021390374331551,0.23051815585475316
4,CNBP,-3.6470146,-0.40408006,0.00026530480666111405,0.005124473040684828,0.6951871657754011,0.6870665034679723
4,TMEM66,-3.650949,-0.3309078,0.0002612731020537689,0.0050537471411420225,0.7754010695187166,0.7348021215830274
4,DUSP2,-3.651497,-1.7284429,0.0002607163032631909,0.005050130265761893,0.13368983957219252,0.2688698490412077
4,GYPC,-3.6707206,-1.3988322,0.00024186772113815957,0.004729850025452105,0.1711229946524064,0.3019175846593227
4,SEPT1,-3.6912887,-1.972573,0.00022312062469957938,0.004403085622684185,0.10160427807486631,0.24316605467156263
4,FAIM3,-3.708869,-2.4615655,0.00020818712069265924,0.004132272267701969,0.06951871657754011,0.21868625050999593
4,LITAF,-3.7346666,-1.3570135,0.00018796409781550612,0.003752686724807824,0.20320855614973263,0.3202774377804978
4,RPL23,-3.8749094,-0.2772633,0.0001066643395058981,0.002190388301191796,0.8770053475935828,0.8563851489188087
4,TRAF3IP3,-3.875059,-0.753313,0.00010659891584170148,0.002190388301191796,0.46524064171123,0.4838841289269686
4,BTF3,-3.912809,-0.2716264,9.122870746083499e-05,0.001916644967823327,0.9144385026737968,0.8947368421052632
4,CCR7,-3.9426405,-3.0271668,8.058942072849746e-05,0.0017088961637707475,0.0427807486631016,0.20807833537331702
4,TXNIP,-4.035621,-0.40016705,5.4458026451713486e-05,0.001193705953811556,0.7914438502673797,0.7568339453284374
4,SLC2A3,-4.08119,-2.075062,4.48056754022829e-05,0.0009868811343444763,0.10695187165775401,0.2631578947368421
4,COMMD6,-4.1196375,-0.5668552,3.7946898063730754e-05,0.0008488560103675233,0.5989304812834224,0.602203182374541
4,ARHGAP15,-4.1563916,-1.8254541,3.233136294393151e-05,0.0007297803179542623,0.13903743315508021,0.2872297021623827
4,ERP29,-4.17696,-0.6759478,2.9543122527936783e-05,0.0006712826642953489,0.5240641711229946,0.5662994696042432
4,ANAPC16,-4.2402086,-0.837617,2.2331218689556495e-05,0.0005168730888552263,0.42780748663101603,0.48633210934312526
4,APRT,-4.329753,-0.660317,1.4927673468582508e-05,0.00035329689581795965,0.5508021390374331,0.5822113423092615
4,CD3G,-4.4076934,-2.8183453,1.0447731977704669e-05,0.00025252075732307074,0.0427807486631016,0.23255813953488372
4,GIMAP5,-4.4383717,-1.8693353,9.06420708125188e-06,0.0002202505549850101,0.13368983957219252,0.2974296205630355
4,GIMAP7,-4.454607,-0.8160352,8.404699733731928e-06,0.00020495460636400572,0.49732620320855614,0.543451652386781
4,PRDX2,-4.4761715,-1.8721497,7.5993494697909645e-06,0.00018631367389491097,0.13368983957219252,0.30273357813137497
4,SPOCK2,-4.5121784,-3.875738,6.416519505698425e-06,0.00015845206215156905,0.03208556149732621,0.22276621787025705
4,MZT2A,-4.569351,-2.2913835,4.892361959550649e-06,0.00012236281120810193,0.09090909090909091,0.2741738066095471
4,C6orf48,-4.6068525,-0.8009432,4.088101097948576e-06,0.0001035753406188975,0.5026737967914439,0.5487556099551204
4,SRSF7,-4.79117,-0.99704623,1.6581135657061943e-06,4.42249977603199e-05,0.40641711229946526,0.4916360669114647
4,BIN1,-4.8633833,-2.7629383,1.1539599952355164e-06,3.132898150086722e-05,0.06417112299465241,0.2647898816809465
4,FAU,-4.8666706,-0.2696307,1.1349408799045275e-06,3.0874009274853044e-05,0.9679144385026738,0.9857201142390861
4,SNRPD2,-5.042472,-0.79594195,4.595557409867462e-07,1.3129065269696666e-05,0.5080213903743316,0.5736434108527132
4,PEBP1,-5.052034,-1.5260091,4.371295500640496e-07,1.2540842722005592e-05,0.23529411764705882,0.39249286005711953
4,ALOX5AP,-5.089037,-3.6590629,3.598860814787361e-07,1.0412297306511906e-05,0.03208556149732621,0.25010199918400655
4,RHOH,-5.1166277,-3.10106,3.1104691637403154e-07,9.076189508555074e-06,0.053475935828877004,0.2651978784169727
4,CD27,-5.172207,-3.7368307,2.3134529998985883e-07,6.913022793570049e-06,0.0374331550802139,0.25499796001631986
4,OCIAD2,-5.2613525,-4.9581056,1.4299938104404934e-07,4.428116887840221e-06,0.016042780748663103,0.2427580579355365
4,STK17A,-5.407871,-2.305071,6.37784005621136e-08,2.0541458445193945e-06,0.12834224598930483,0.3329253365973072
4,HNRNPA1,-5.4232597,-0.4061329,5.8521875048857975e-08,1.9027969658742965e-06,0.9144385026737968,0.930640554875561
4,HMGN1,-5.476747,-1.1148351,4.3321532061864565e-08,1.415308234059384e-06,0.3689839572192513,0.5426356589147286
4,CD247,-5.5433326,-3.4130666,2.967680847005745e-08,9.86049869749646e-07,0.053475935828877004,0.2843737250101999
4,NOSIP,-5.586561,-1.4886353,2.316101094419161e-08,7.733172749483634e-07,0.25668449197860965,0.4422684618523052
4,GZMM,-5.6042905,-4.722869,2.0910954561176102e-08,7.033497425798543e-07,0.0213903743315508,0.26152590779273766
4,RPL36A,-5.6855183,-0.45330533,1.304167156183813e-08,4.463585635299787e-07,0.8983957219251337,0.9082007343941249
4,CTSW,-6.018545,-3.5320494,1.759914541159898e-09,6.426040902160312e-08,0.0748663101604278,0.31660546715626275
4,CD2,-6.1745257,-2.9240608,6.636235257418628e-10,2.5384994026697142e-08,0.09090909090909091,0.33578131374949
4,TOMM7,-6.179556,-0.59914035,6.42822101543024e-10,2.4727827094849395e-08,0.7807486631016043,0.7788657690738474
4,IL2RG,-6.227117,-1.6666226,4.750966444574757e-10,1.8431590274747975e-08,0.2620320855614973,0.4541003671970624
4,RPS11,-6.391016,-0.4859096,1.6478722605291202e-10,6.599220994072043e-09,0.9358288770053476,0.9502243982048144
4,CD69,-6.4000797,-2.4703228,1.5529564747181653e-10,6.2558034273602545e-09,0.13903743315508021,0.3778049775601795
4,EEF1D,-6.4363856,-0.54571784,1.223518796674289e-10,4.957974091211896e-09,0.9411764705882353,0.9681762545899633
4,DDX5,-6.5938106,-0.725849,4.286789646711563e-11,1.790226281819361e-09,0.7807486631016043,0.8164014687882497
4,ZFP36L2,-6.6627865,-1.0820893,2.686838694149459e-11,1.1324527533118831e-09,0.5614973262032086,0.6593227254181967
4,ACAP1,-6.7264338,-4.036623,1.738718261157402e-11,7.443240305443725e-10,0.0374331550802139,0.32313341493268055
4,RPL34,-6.901588,-0.80050904,5.1424396675607324e-12,2.2580436045083398e-10,0.8877005347593583,0.9114647082823337
4,SELL,-6.9243474,-1.8128891,4.379892333772207e-12,1.9356572721680668e-10,0.27807486631016043,0.4875560995512036
4,CD99,-6.9248953,-1.5805296,4.362976708467249e-12,1.9344418808710633e-10,0.27807486631016043,0.5238678090575275
4,HLA-A,-6.92629,-0.5220971,4.320207220231923e-12,1.9217182345109816e-10,0.9572192513368984,0.9661362709098327
4,ISG20,-6.9808235,-1.8351197,2.9345522273369483e-12,1.331370272973866e-10,0.2620320855614973,0.4769481844145247
4,IL7R,-7.4125586,-2.7767375,1.2388576405499372e-13,6.0637419137455e-12,0.1497326203208556,0.4218686250509996
4,EIF4A2,-7.485718,-1.2619516,7.115707135570089e-14,3.5207281392516355e-12,0.5026737967914439,0.6511627906976745
4,RPL26,-7.7826385,-0.54650795,7.1027311271219174e-15,3.716279550650456e-13,0.9572192513368984,0.9946960424316605
4,LCK,-7.8012147,-3.7195075,6.131402758912121e-15,3.2204013875270737e-13,0.058823529411764705,0.3843329253365973
4,HINT1,-7.942703,-1.2827307,1.978224374333441e-15,1.0635681911770657e-13,0.5294117647058824,0.6503467972256222
4,RPL38,-7.983242,-0.782774,1.425392330239518e-15,7.693738206225635e-14,0.839572192513369,0.8971848225214198
4,CD7,-7.9997764,-3.9480898,1.2464557295437167e-15,6.781513722170915e-14,0.06417112299465241,0.3908608731130151
4,RPL24,-8.309397,-0.5593902,9.619007696426616e-17,5.405644819028884e-15,0.946524064171123,0.9534883720930233
4,AES,-8.877192,-2.453007,6.85698563402621e-19,4.256317991739178e-17,0.22459893048128343,0.5136678906568748
4,RPL28,-8.959515,-0.57921064,3.2611180000522693e-19,2.0428361196657702e-17,0.9518716577540107,0.9983680130558955
4,RPL37,-9.07391,-0.72086865,1.1482106788545545e-19,7.396209920017828e-18,0.9197860962566845,0.9567523459812322
4,GLTSCR2,-9.112507,-0.98023057,8.050018975958702e-20,5.285147073831348e-18,0.7914438502673797,0.8368013055895552
4,RPL12,-9.150655,-0.6513132,5.658934026681239e-20,3.7332561868772464e-18,0.946524064171123,0.9955120359037127
4,RPL22,-9.154738,-1.1189754,5.448943976057865e-20,3.629794094490059e-18,0.7112299465240641,0.8196654426764586
4,CXCR4,-9.207231,-2.0061002,3.346479430477557e-20,2.251208034610912e-18,0.3850267379679144,0.6172990616075071
4,GNB2L1,-9.351806,-0.66948897,8.616358963594626e-21,5.88324990034241e-19,0.946524064171123,0.9828641370869033
4,RPL27,-9.480744,-0.7425611,2.5247638893762046e-21,1.7772255501712087e-19,0.9197860962566845,0.9608323133414932
4,CD3E,-9.7184,-3.2272387,2.5170518253823997e-22,1.8579924176984893e-20,0.13368983957219252,0.5124439004487964
4,RPS4Y1,-9.792805,-0.8942989,1.2089514158134743e-22,9.121237864281108e-21,0.8716577540106952,0.8890248878008976
4,EEF1B2,-10.090522,-0.94226915,6.084504270358878e-24,4.945832756906003e-22,0.8609625668449198,0.8898408812729498
4,RPSAP58,-10.119159,-1.4446527,4.5430539573067514e-24,3.71496675694497e-22,0.5935828877005348,0.7466340269277846
4,RPL7,-10.289233,-0.93302226,7.880170062857767e-25,6.725725148649103e-23,0.9251336898395722,0.9734802121583027
4,LTB,-10.40303,-2.058568,2.4017018148827514e-25,2.1159767731637972e-23,0.6042780748663101,0.711546307629539
4,JUN,-10.488441,-1.808066,9.762525766038475e-26,8.713532801373948e-24,0.5668449197860963,0.7560179518563851
4,RPS21,-10.490882,-1.0989115,9.513621019803956e-26,8.547237410950185e-24,0.8021390374331551,0.8702570379436965
4,RPL4,-10.664692,-0.7654037,1.488922298618406e-26,1.4119946465231216e-24,0.9518716577540107,0.966952264381885
4,RPS26,-10.696764,-0.984778,1.0539461366141717e-26,1.0064817092030159e-24,0.8823529411764706,0.9175846593227254
4,RPL36,-10.929889,-0.8760757,8.295051396258792e-28,8.149440422108638e-26,0.9251336898395722,0.9612403100775194
4,RPL37A,-11.096826,-0.93335223,1.299793192568922e-28,1.2956186742862186e-26,0.9037433155080213,0.9596083231334149
4,RPL35,-11.107184,-0.90535164,1.1575232547092423e-28,1.1622895269345157e-26,0.9144385026737968,0.9759281925744594
4,BTG1,-11.286173,-1.3157684,1.535788049636907e-29,1.588842545897091e-27,0.7967914438502673,0.8873929008567931
4,NPM1,-11.377112,-1.293223,5.437056510690645e-30,5.75569331085205e-28,0.7647058823529411,0.8347613219094248
4,IL32,-11.520443,-3.8766463,1.0407494525065943e-30,1.1190924821598466e-28,0.16042780748663102,0.5822113423092615
4,RPL29,-11.548631,-0.81694925,7.500590906225702e-31,8.129211858366523e-29,0.9411764705882353,0.9902080783353733
4,CD3D,-11.577466,-4.427644,5.360718877561388e-31,5.856478159358265e-29,0.08021390374331551,0.5536515707874337
4,RPL14,-11.792014,-0.78284055,4.2915375622480675e-32,4.924809827736102e-30,0.9518716577540107,0.9902080783353733
4,EEF1A1,-11.818509,-0.76821375,3.131944990262321e-32,3.655541947608739e-30,0.9572192513368984,0.9942880456956344
4,RPL7A,-11.846746,-0.900657,2.2370830618663288e-32,2.6335867493833267e-30,0.9358288770053476,0.9812321501427989
4,RPL18,-12.144315,-0.9294612,6.149564503149537e-34,7.704445216055971e-32,0.93048128342246,0.9877600979192166
4,RPS15,-12.291978,-0.8149586,1.0002779955820654e-34,1.2886600290253476e-32,0.9518716577540107,0.9946960424316605
4,RPS13,-12.308762,-1.05076,8.126048596597706e-35,1.0568506631917931e-32,0.9251336898395722,0.971032231742146
4,RPS20,-12.337348,-0.9484272,5.700261841299755e-35,7.484882279306679e-33,0.9518716577540107,0.9547123623011016
4,RPL18A,-12.3745,-0.8814644,3.5912154983211606e-35,4.7613241597159e-33,0.946524064171123,0.9975520195838433
4,RPS23,-12.421514,-0.94002515,1.9974585709482094e-35,2.6742445338106615e-33,0.9411764705882353,0.9857201142390861
4,RPL21,-12.424402,-0.96989757,1.9266100546054055e-35,2.6049293966031105e-33,0.9572192513368984,0.9955120359037127
4,RPS16,-12.490988,-0.8923715,8.360904839420673e-36,1.1532981463346334e-33,0.9411764705882353,0.988984088127295
4,LDHB,-12.596817,-2.6961374,2.198371533372725e-36,3.1937193255040357e-34,0.34759358288770054,0.7001223990208079
4,RPL27A,-12.856785,-0.8377921,7.878600871143674e-38,1.1954463721815334e-35,0.9572192513368984,0.993064055487556
4,RPS10,-12.857681,-0.9703813,7.787778911272921e-38,1.1949427956443036e-35,0.93048128342246,0.9775601795185639
4,RPS28,-12.875909,-1.0694953,6.151062588236713e-38,9.545330761927334e-36,0.9197860962566845,0.9787841697266422
4,RPL17,-13.003452,-1.0417206,1.1694239416062272e-38,1.87878274665584e-36,0.9251336898395722,0.9653202774377805
4,MALAT1,-13.156494,-1.0199523,1.5616477974118904e-39,2.5693810025851537e-37,0.9946524064171123,1.0
4,RPL10,-13.157092,-0.77935886,1.5493473612492294e-39,2.5693810025851537e-37,0.9732620320855615,1.0
4,RPLP1,-13.321689,-0.87838864,1.7314693609730789e-40,2.993031087778274e-38,0.9679144385026738,0.9991840065279478
4,RPL6,-13.372188,-0.8553614,8.791633430279362e-41,1.539212129793525e-38,0.9572192513368984,0.9967360261117911
4,RPS29,-13.588827,-1.3736347,4.664944332234619e-42,8.382168394867889e-40,0.8556149732620321,0.9322725418196655
4,RPLP0,-13.617214,-1.3234786,3.164068411550811e-42,5.7611357637517165e-40,0.8983957219251337,0.9551203590371277
4,RPS2,-13.6895275,-0.9304027,1.1726948580691848e-42,2.1640974299719983e-40,0.9518716577540107,1.0
4,RPS7,-13.729618,-0.9493957,6.748823850808453e-43,1.2624923083101402e-40,0.9518716577540107,0.9922480620155039
4,RPL35A,-13.745456,-0.98766696,5.423083728441701e-43,1.0430652309239418e-40,0.946524064171123,0.9881680946552428
4,PTPRCAP,-13.821155,-3.9371717,1.899977099008344e-43,3.7603025020373835e-41,0.1657754010695187,0.6780905752753978
4,TPT1,-13.85995,-0.994848,1.1075058263970576e-43,2.2241322890115027e-41,0.9679144385026738,0.9873521011831905
4,RPS5,-13.917173,-1.1067195,4.982221099094192e-44,1.0154807661079147e-41,0.9411764705882353,0.981640146878825
4,RPL30,-14.024098,-1.1644968,1.1101377453234494e-44,2.3323140077133883e-42,0.9358288770053476,0.9885760913912689
4,RPL10A,-14.069518,-1.0401691,5.846640920109354e-45,1.267329022301799e-42,0.9572192513368984,0.988984088127295
4,RPL11,-14.07649,-0.89212096,5.297608167059623e-45,1.1668409214413905e-42,0.9572192513368984,0.9995920032639739
4,RPL15,-14.080076,-0.8546225,5.0355457893914394e-45,1.1273018573758934e-42,0.9732620320855615,0.9975520195838433
4,RPS3A,-14.109958,-1.2663146,3.2977654229036884e-45,7.505714102528795e-43,0.9679144385026738,0.981640146878825
4,RPS12,-14.110953,-1.0264846,3.251513448917007e-45,7.505714102528795e-43,0.9572192513368984,0.996328029375765
4,RPS14,-14.236804,-0.98298967,5.4147580147580306e-46,1.2748954387850978e-43,0.9518716577540107,0.9991840065279478
4,RPS4X,-14.322613,-0.98503387,1.5806663401563189e-46,3.854567775209766e-44,0.9518716577540107,0.996328029375765
4,RPS15A,-14.384218,-1.1307,6.500854112594938e-47,1.614102977483572e-44,0.9411764705882353,0.9902080783353733
4,RPS25,-14.572321,-1.232996,4.21328743679618e-48,1.0855972308846911e-45,0.93048128342246,0.9849041207670338
4,RPL5,-14.591097,-1.1709894,3.20012423241897e-48,8.404018561137204e-46,0.9358288770053476,0.9767441860465116
4,RPS8,-14.85963,-1.1162349,6.025710490113055e-50,1.6457420490596775e-47,0.946524064171123,0.9906160750713995
4,RPL19,-14.883485,-1.009232,4.2193486297450926e-50,1.2004046851624788e-47,0.9572192513368984,0.9975520195838433
4,RPL9,-14.905896,-1.2662294,3.017367250027251e-50,8.767056843908967e-48,0.9358288770053476,0.9808241534067728
4,RPLP2,-14.975868,-1.0867673,1.0557989916080725e-50,3.203998006533297e-48,0.9572192513368984,0.9951040391676866
4,RPL31,-15.066607,-1.2943164,2.6855174995080267e-51,8.334869766654912e-49,0.9251336898395722,0.9759281925744594
4,RPS27,-15.384844,-1.1378376,2.0687485968491492e-53,7.062707709642995e-51,0.9679144385026738,0.9955120359037127
4,RPL23A,-15.459148,-1.2053971,6.545783271548237e-54,2.292031188622121e-51,0.946524064171123,0.9946960424316605
4,RPSA,-15.6015835,-1.566436,7.101122612917025e-55,2.620890010864727e-52,0.8983957219251337,0.9632802937576499
4,RPS27A,-15.602729,-1.6462698,6.974834254403336e-55,2.620890010864727e-52,0.9197860962566845,0.97796817625459
4,RPL32,-15.70059,-1.0918095,1.498424534597216e-55,5.846424412702737e-53,0.9518716577540107,0.9991840065279478
4,RPS6,-15.935457,-1.2237978,3.5956273535755996e-57,1.5839318432396253e-54,0.9518716577540107,0.9995920032639739
4,RPS18,-16.811277,-1.184804,2.017728989325761e-63,1.252459412646936e-60,0.9732620320855615,0.9991840065279478
4,RPS3,-16.862675,-1.2846527,8.466992538608714e-64,5.505964290820981e-61,0.9572192513368984,0.9987760097919217
4,RPL13A,-17.156458,-1.1227,5.624135427050404e-66,4.26684407732224e-63,0.9893048128342246,1.0
4,RPL13,-17.698355,-1.2871476,4.3173479263210614e-70,4.913141940153368e-67,0.9679144385026738,0.9995920032639739
4,RPL3,-18.12755,-1.4671293,1.9317519003975153e-73,2.3981821774389516e-70,0.9625668449197861,0.9983680130558955
5,HLA-DPB1,9.170239,4.6340423,4.7196787293388714e-20,4.0619679083925315e-16,1.0,0.5126630851880276
5,HLA-DPA1,9.145254,4.4233932,5.948986391904704e-20,4.0619679083925315e-16,1.0,0.4873369148119724
5,HLA-DRB1,8.962297,4.4543333,3.179822633889112e-19,1.4474552629463238e-15,1.0,0.453184957789716
5,HLA-DRA,8.859202,4.7731457,8.058910373204404e-19,2.7513120014119835e-15,1.0,0.5548733691481197
5,HLA-DQA1,8.7767725,4.966797,1.6823279383058885e-18,4.5947740651010424e-15,1.0,0.20874904067536454
5,CST3,8.711039,5.099091,3.011021252716696e-18,6.8530843711832e-15,1.0,0.3906369915579432
5,HLA-DRB5,8.582491,4.15574,9.284059952864798e-18,1.811187467376024e-14,1.0,0.3434382194934766
5,FCER1A,8.472039,8.842817,2.411329315763991e-17,4.052467493563853e-14,0.875,0.010360706062931695
5,CD74,8.460131,3.6744666,2.670782618781098e-17,4.052467493563853e-14,1.0,0.8422870299309286
5,HLA-DQB1,8.15925,4.4100237,3.371092721440254e-16,4.603564220398811e-13,0.96875,0.23177283192632386
5,HLA-DQA2,7.903205,4.5478597,2.7182181778881726e-15,3.374544312476444e-12,0.90625,0.11511895625479662
5,LYZ,7.5356574,4.707754,4.858800128280856e-14,5.529314545983614e-11,1.0,0.5997697620874904
5,HLA-DMA,7.464787,3.479996,8.343461164846134e-14,8.76448505131837e-11,0.96875,0.25709900230237914
5,CLEC10A,7.19006,7.076914,6.476275951069057e-13,6.317144599128503e-10,0.75,0.014581734458940905
5,AP1S2,6.9685745,3.09292,3.2016885451089156e-12,2.7326411732504594e-09,0.96875,0.28971603990790484
5,VIM,6.927593,2.1232796,4.280611402004358e-12,3.4385899591630306e-09,1.0,0.7989255564082886
5,LSP1,6.916384,2.237482,4.633160374607898e-12,3.5150243375358583e-09,1.0,0.5406753645433615
5,CPVL,6.794141,3.8597846,1.0895975358968122e-11,7.83133892116151e-09,0.8125,0.10706062931696086
5,ANXA2,6.7600484,2.6862628,1.3794572561103138e-11,9.418934144721222e-09,1.0,0.43054489639293936
5,GSTP1,6.7313266,2.8209522,1.681233684708177e-11,1.0932822475416603e-08,1.0,0.453184957789716
5,HLA-DMB,6.7240877,3.196091,1.7669621788197532e-11,1.096801614271025e-08,0.90625,0.17229470452801227
5,LGALS1,6.5662336,3.2871423,5.1603850832706064e-11,3.063922552049713e-08,1.0,0.47045280122793554
5,GPX1,6.396821,2.7382743,1.586453287966823e-10,9.026919208531223e-08,1.0,0.41596316193399846
5,LGALS2,6.3507023,3.277454,2.1433423975749255e-10,1.1707793512513273e-07,0.90625,0.20529547198772063
5,GRN,6.3319044,2.8952103,2.4215330922135447e-10,1.2718636887410833e-07,0.90625,0.23445894090560246
5,ACTB,6.235581,1.1062007,4.501045561976442e-10,2.2765288220129738e-07,1.0,0.9927091327705295
5,CTSH,6.2172503,2.9818063,5.059424817657767e-10,2.4675537610690877e-07,0.84375,0.16922486569455103
5,H2AFY,6.1900463,2.598678,6.01466041682121e-10,2.8322828500727744e-07,0.9375,0.2900997697620875
5,GABARAP,6.050173,2.2692556,1.446907214640292e-09,6.547033934527883e-07,1.0,0.4834996162701458
5,GAPDH,6.0458527,1.5298328,1.4862188925773609e-09,6.547033934527883e-07,1.0,0.8491941673062164
5,S100A10,5.954316,2.0815265,2.6116170385444973e-09,1.1145075711988642e-06,0.96875,0.6377590176515733
5,COTL1,5.940539,2.2992895,2.8408673046923846e-09,1.1756025428145214e-06,1.0,0.6250959324635457
5,TMSB10,5.9157867,0.7306115,3.3029322626061566e-09,1.3266130287691082e-06,1.0,0.9934765924788949
5,RNH1,5.7464905,2.4311318,9.111470296115236e-09,3.3628713071283693e-06,0.875,0.30084420567920184
5,SPI1,5.681224,2.6794605,1.3373415004403943e-08,4.8059830342142175e-06,0.84375,0.20606293169608594
5,AP2S1,5.6627765,2.2561185,1.4894299711981341e-08,5.215296329918389e-06,0.9375,0.3461243284727552
5,LY86,5.63242,2.7067885,1.7769818468521122e-08,6.066616025153111e-06,0.8125,0.1841903300076746
5,FCGRT,5.62308,2.5742452,1.875828847219509e-08,6.247882618934052e-06,0.84375,0.22601688411358403
5,CFP,5.6126885,2.8059065,1.9920718584576526e-08,6.477079356928025e-06,0.8125,0.20069071373752878
5,RNF130,5.580814,2.77656,2.3939554708868104e-08,7.6027571884721595e-06,0.78125,0.17267843438219493
5,CD33,5.569956,3.6999478,2.548041100635521e-08,7.732455393395262e-06,0.65625,0.06638526477359939
5,CAPG,5.5280404,2.6220772,3.2382759358797994e-08,9.61345569138577e-06,0.8125,0.2256331542594014
5,ARPC1B,5.4686117,1.5829219,4.535744325338665e-08,1.2825291961891546e-05,1.0,0.7448196469685342
5,KLF4,5.466977,3.1888564,4.577753689059544e-08,1.2825291961891546e-05,0.6875,0.113584036838066
5,TYMP,5.4060307,2.5133939,6.443684442911199e-08,1.756002236462302e-05,0.9375,0.3415195702225633
5,FCER1G,5.4028783,2.6976526,6.558004837403148e-08,1.756002236462302e-05,1.0,0.3503453568687644
5,LST1,5.332591,2.5727684,9.682121525798257e-08,2.4946990859679433e-05,0.96875,0.34919416730621644
5,ACTG1,5.3083057,1.3192189,1.1064889761425208e-07,2.7981876774448636e-05,1.0,0.8622409823484267
5,LAP3,5.2983813,2.6370735,1.1683363587275296e-07,2.9008729663242076e-05,0.75,0.148119723714505
5,CD1C,5.2863555,5.5477247,1.2477716855765077e-07,3.0427803818272836e-05,0.5625,0.019953952417498082
5,PHACTR1,5.256116,3.9671156,1.4712957755900225e-07,3.464140536458163e-05,0.59375,0.039907904834996163
5,EIF4A1,5.2459583,1.6110686,1.5547219096178056e-07,3.598522440295043e-05,1.0,0.6811204911742134
5,IFI30,5.22179,2.538767,1.7720215375275876e-07,4.033121019412789e-05,0.75,0.15848042977743668
5,IGSF6,5.20054,3.0424151,1.987102201867356e-07,4.4485028965082975e-05,0.65625,0.10207214121258634
5,AMICA1,5.189682,2.3330255,2.1065372138383546e-07,4.566170189234377e-05,0.8125,0.2567152724481965
5,RAC1,5.179407,2.0259569,2.225919842408298e-07,4.7495564637387056e-05,0.9375,0.43399846508058326
5,ANXA5,5.1554723,2.206098,2.52992371480396e-07,5.315175115286597e-05,0.875,0.30084420567920184
5,SRGN,5.136908,1.9029161,2.792953487065657e-07,5.778874669601305e-05,0.96875,0.5943975441289332
5,SLC25A6,5.1048,1.292796,3.311440219024151e-07,6.749407109103553e-05,1.0,0.8307751343054489
5,C1orf162,5.096861,2.2246842,3.4533187419874273e-07,6.935076579497105e-05,0.875,0.3829623944742901
5,PRELID1,5.030894,1.9245608,4.881984417542103e-07,9.52405417227928e-05,0.9375,0.46431312356101306
5,IL1B,4.985943,3.5597837,6.166037901372586e-07,0.00011859635715654089,0.59375,0.07290867229470453
5,FTH1,4.964693,1.1256218,6.88097386745338e-07,0.00013043581039066506,1.0,0.9896392939370683
5,ALDH2,4.962125,3.317971,6.972623138926881e-07,0.00013043581039066506,0.625,0.10514198004604758
5,RNASE6,4.9052644,3.0454607,9.330151735481143e-07,0.00017217912445909524,0.625,0.09516500383729855
5,TYROBP,4.888802,2.7915092,1.0145150340329e-06,0.00018472289739671042,1.0,0.39025326170376057
5,AIF1,4.862065,2.314878,1.161675542391308e-06,0.0002087347527223119,0.96875,0.36722947045280124
5,ARF5,4.7728634,2.0350378,1.8162502595184646e-06,0.00032211316290888507,0.8125,0.29201841903300074
5,SH3BGRL3,4.7549996,1.2688583,1.9844670698339155e-06,0.00034743438853399933,1.0,0.8568687643898696
5,CSTB,4.7408724,1.9331291,2.1280009074633654e-06,0.00036523030667819925,0.875,0.3645433614735226
5,TAGLN2,4.7383037,1.8079709,2.1551474750028522e-06,0.00036523030667819925,1.0,0.5061396776669225
5,BID,4.7372527,2.1839418,2.1663484798575087e-06,0.00036523030667819925,0.75,0.19992325402916347
5,PYCARD,4.7330494,1.922803,2.2117141367861935e-06,0.00036833132014575925,0.90625,0.3649270913277053
5,RPS11,4.7150693,0.85775393,2.4162861918320198e-06,0.00039755185826094046,1.0,0.9485801995395242
5,SAMHD1,4.707247,2.0892508,2.510851579808884e-06,0.0004081927282603586,0.78125,0.23637759017651575
5,MYL6,4.6326394,1.1437825,3.610328148005686e-06,0.0005800310728137136,1.0,0.850729086722947
5,RGS2,4.6098723,2.0651202,4.02916667360062e-06,0.000639794187147559,0.8125,0.2709132770529547
5,S100A11,4.605786,1.925887,4.1091139651205556e-06,0.0006449891989389231,1.0,0.5207214121258634
5,TUBA1B,4.5948105,1.897242,4.331424111973654e-06,0.0006721582690126388,0.8125,0.4274750575594781
5,CEBPD,4.5624695,2.2554903,5.055549504593005e-06,0.0007757144273564279,0.71875,0.21872601688411358
5,ENHO,4.5202036,7.163847,6.178017405326627e-06,0.0009271099526059388,0.46875,0.00422102839600921
5,PGLS,4.4714,1.9160652,7.770930843148934e-06,0.0011517129690955777,0.84375,0.29163468917881813
5,LGALS9,4.4694147,2.193762,7.843387970554242e-06,0.0011517129690955777,0.6875,0.1688411358403684
5,MS4A6A,4.413489,2.525471,1.0171799442629632e-05,0.0014621694019847395,0.625,0.15272448196469685
5,SPINT2,4.41092,2.4912581,1.029322757208145e-05,0.0014642116221285865,0.625,0.15003837298541828
5,MNDA,4.357796,2.5625076,1.313786178047764e-05,0.0018258078329879202,0.59375,0.1204911742133538
5,GSN,4.3451867,3.6959946,1.3915732585146952e-05,0.0019003324418276678,0.5,0.044896392939370686
5,PLD4,4.329775,3.5343554,1.4926189527990606e-05,0.0019983533744533308,0.5,0.04182655410590944
5,CYBA,4.3256884,1.2894052,1.5205627177236976e-05,0.0020160004342946423,1.0,0.8453568687643899
5,ARF3,4.319267,2.6391287,1.5654844381172356e-05,0.002055601489127786,0.5625,0.08557175748273216
5,CLIC1,4.2829556,1.490976,1.844268942910475e-05,0.0023537697835874245,1.0,0.6408288564850345
5,HLA-DQB2,4.268361,4.2743473,1.9691427243317156e-05,0.0024670287195847625,0.46875,0.021488871834228703
5,LAMTOR1,4.250264,1.7453907,2.1351864162928193e-05,0.0026282260447961932,0.84375,0.3380660015349194
5,CD1D,4.2501473,3.3818638,2.1362997288545508e-05,0.0026282260447961932,0.5,0.049501151189562546
5,PPA1,4.246061,1.8477243,2.175615660488479e-05,0.0026526970946098814,0.78125,0.31005372217958554
5,RGS1,4.2319336,2.588568,2.316910305814826e-05,0.002799975852761705,0.5625,0.09938603223330775
5,ID2,4.222476,1.8448889,2.416329573583445e-05,0.002882749999913735,0.84375,0.38181120491174214
5,TGFBI,4.2214255,2.5322628,2.4276233889138806e-05,0.002882749999913735,0.5625,0.10168841135840369
5,ARPC3,4.2183895,1.1656109,2.460532752339313e-05,0.002896640971202212,0.96875,0.8154259401381427
5,RAB7A,4.1744895,1.7721934,2.986549904071073e-05,0.0034466392549739487,0.8125,0.3069838833461243
5,ANXA1,4.1520724,1.8118842,3.2947802197674825e-05,0.0037494598900953947,0.96875,0.5886415963161934
5,EIF3L,4.141915,1.5429997,3.444185747638378e-05,0.0038552295548975155,0.9375,0.5429777436684574
5,PFN1,4.1143603,0.8202828,3.8825472718627536e-05,0.004310574434516891,1.0,0.9447429009976976
5,TPM4,4.083887,2.1251128,4.428858433751923e-05,0.004838439261705301,0.59375,0.12432847275518036
5,CFL1,4.056216,0.8911134,4.9874181936261836e-05,0.0054054113374729495,1.0,0.9148119723714505
5,FIBP,4.0113816,1.9070759,6.036446213400516e-05,0.00649084326694468,0.65625,0.16653875671527243
5,ATP5B,4.008696,1.6242774,6.10549111074176e-05,0.006513795828772615,0.8125,0.40176515732924023
5,PPIA,3.973319,1.1158464,7.087798335206694e-05,0.007445459543506354,0.96875,0.7398311588641596
5,S100A6,3.966781,1.3857163,7.284993446189353e-05,0.007594188587874947,1.0,0.7801227935533385
5,APEX1,3.959542,1.8850192,7.509365697063112e-05,0.0077687801484162015,0.6875,0.23445894090560246
5,EPSTI1,3.9422622,2.066054,8.071670885896029e-05,0.00822587594162658,0.625,0.17689946277820415
5,SERPINF1,3.9123726,6.6467566,9.13937684119624e-05,0.009244987418027841,0.40625,0.0034535686876438986
5,SULF2,3.8928742,3.8946848,9.906347357623394e-05,0.009941301231365093,0.4375,0.03223330775134305
5,FGR,3.8912396,1.7734773,9.973332371829363e-05,0.009941301231365093,0.6875,0.21028396009209516
5,IGFLR1,3.8802648,2.552361,0.0001043428459276846,0.010325405101365658,0.5,0.07175748273215656
5,LGALS3,3.8761783,1.7536389,0.00010610996536812395,0.010424731561633819,0.71875,0.24059861857252493
5,POMP,3.8737264,2.1045318,0.00010718375285269564,0.010455009492545797,0.59375,0.1515732924021489
5,SYK,3.8622842,2.5728405,0.00011233173518247862,0.010879448054268994,0.5,0.07559478127398311
5,RGS10,3.853411,1.5576816,0.00011648368803256932,0.011202121435019483,0.875,0.41097467382962394
5,CNPY3,3.8353138,1.7381097,0.00012540413773299276,0.011975656677494747,0.6875,0.27398311588641594
5,PLSCR1,3.8216534,2.1594067,0.00013255999435819716,0.012484408847969244,0.5625,0.13584036838066002
5,COX5B,3.819902,1.4430577,0.00013350475386006752,0.01248726656652796,0.9375,0.4984650805832694
5,CD302,3.8154652,3.0890398,0.00013592661737594824,0.01262730535296564,0.46875,0.0602455871066769
5,RNASET2,3.8022718,1.478402,0.0001433753214666773,0.013227484234392392,0.90625,0.4946277820414428
5,RHOG,3.8006372,1.5349504,0.0001443244838111062,0.013227484234392392,0.8125,0.3856485034535687
5,ATP5G2,3.7966676,1.0123886,0.00014665428601941559,0.013338112797046957,1.0,0.8207981580966999
5,ATG3,3.7952664,1.8138679,0.00014748499065276,0.013338112797046957,0.65625,0.20721412125863392
5,CACNA2D3,3.783474,4.804077,0.00015465443614782323,0.013894480131807068,0.40625,0.01343054489639294
5,FUOM,3.767712,2.8804262,0.00016475058814037735,0.014704797592450934,0.46875,0.0644666155026861
5,TMEM219,3.740975,1.55453,0.00018330779717465472,0.016254878429981072,0.78125,0.2693783576362241
5,ACAA1,3.733269,2.0763795,0.00018901050006352684,0.016652434766887242,0.5625,0.1343054489639294
5,ZNF385A,3.728482,3.3131454,0.00019263661579805184,0.016786778206539895,0.4375,0.04528012279355334
5,ZFP36,3.7240453,1.3189157,0.00019605569058871305,0.01694516778911054,1.0,0.7022256331542595
5,VAMP8,3.7128367,1.4486668,0.00020494907101306336,0.01760241832549933,0.9375,0.5030698388334612
5,GNG5,3.696491,1.7737768,0.0002186000432313005,0.0186575136897915,0.71875,0.2881811204911742
5,ATP5J2,3.6803787,1.531425,0.0002328878747914399,0.019694605331483157,0.78125,0.3192632386799693
5,DRAP1,3.6795614,1.4427761,0.00023363547625221672,0.019694605331483157,0.96875,0.4604758250191865
5,YBX1,3.6765256,1.077224,0.00023643204467973646,0.019808073632800495,1.0,0.8154259401381427
5,ATP5C1,3.6690533,1.7168627,0.00024345029950312684,0.02027169079277256,0.75,0.3054489639293937
5,TNFSF13B,3.65586,2.063065,0.00025632130903138306,0.02121408361292465,0.5625,0.15732924021488873
5,SUMO3,3.6530578,1.7299802,0.00025913590018562533,0.021317830439366862,0.65625,0.20683039140445125
5,ID1,3.650489,3.2639856,0.00026174137520690104,0.021403234849254136,0.4375,0.05717574827321566
5,TPI1,3.63858,1.3942314,0.00027414542543431744,0.02228410672458952,0.90625,0.5034535686876439
5,CCDC88A,3.6174471,3.7288334,0.0002975229650862711,0.024041263971704842,0.40625,0.026477359938603222
5,NAGK,3.605188,2.0719008,0.0003119272020593346,0.0250569286548369,0.53125,0.11933998465080584
5,SAT1,3.6035533,1.495383,0.0003138963657057946,0.02506765362618907,1.0,0.5859554873369148
5,GDI2,3.5991166,1.8250896,0.00031930006206195406,0.025350939811151423,0.6875,0.30007674597083656
5,NCF2,3.597482,1.8114693,0.0003213127552243408,0.025363277371928308,0.59375,0.17114351496546432
5,BLVRB,3.5924616,1.9639645,0.00032756909705837544,0.02570852637602974,0.5625,0.15694551036070606
5,LAMTOR2,3.5810194,1.674135,0.00034225624143164517,0.026707721331374553,0.65625,0.21872601688411358
5,MRPL23,3.554399,1.5719475,0.0003788439072742892,0.029064564032234234,0.75,0.28434382194934765
5,UQCRFS1,3.5521808,1.5337878,0.00038205239829629305,0.029146969559408813,0.75,0.28242517267843437
5,IFITM3,3.549612,1.883309,0.00038579921627345497,0.02926930054127945,0.625,0.2210283960092095
5,PRDX3,3.543891,2.0303304,0.0003942681674225012,0.029746553007302078,0.53125,0.1300844205679202
5,PABPC1,3.541556,0.9122597,0.0003977745466848179,0.029846204447955348,1.0,0.8587874136607828
5,ATP5G3,3.5263777,1.4850758,0.0004212857720396337,0.031193837470416604,0.90625,0.4263238679969302
5,SEMA4A,3.5263777,3.4498954,0.0004212857720396337,0.031193837470416604,0.40625,0.03415195702225633
5,AKR1A1,3.5255604,1.8178282,0.0004225878684847006,0.031193837470416604,0.5625,0.1435149654643131
5,TNFAIP2,3.5157528,2.749898,0.0004385089615035442,0.032149846705501334,0.4375,0.06101304681504221
5,RGS19,3.514702,1.6139141,0.0004402476079326852,0.032149846705501334,0.71875,0.26477359938603223
5,CYC1,3.511316,1.7395023,0.00044589378465017594,0.0323889655488447,0.625,0.18879508825786645
5,HMGN3,3.5078135,1.6228385,0.00045180572721081967,0.0326447566708516,0.6875,0.23292402148887184
5,YIF1B,3.4815433,2.7303538,0.000498532999549511,0.03583140337814801,0.4375,0.06600153491941672
5,FKBP1A,3.4760559,1.4154296,0.000508846275078554,0.03638117660980489,0.875,0.46085955487336916
5,AURKAIP1,3.468817,1.5406842,0.0005227553984730014,0.037118786586345306,0.71875,0.28280890253261703
5,RPS6KA4,3.4672992,3.2552867,0.0005257164096163623,0.037118786586345306,0.40625,0.039140445126630855
5,GNB2,3.466482,1.6462874,0.0005273172669706349,0.037118786586345306,0.6875,0.261703760552571
5,EIF3K,3.432973,1.1462739,0.0005970016580812232,0.04159517674876114,1.0,0.7390636991557943
5,NDUFAB1,3.4313383,1.7709306,0.0006006109302998067,0.04163422773692467,0.59375,0.19915579432079816
5,SLC25A5,3.4230487,1.4464796,0.000619229821814281,0.04249347963163729,0.875,0.5049884881043745
5,OAZ1,3.41616,0.8565194,0.0006351089460721619,0.04336523883780721,1.0,0.9109746738296239
5,BASP1,3.4137082,4.1197214,0.0006408516563817351,0.04353965283357699,0.375,0.020337682271680736
5,LCP1,3.3979461,1.4188931,0.0006789377364817443,0.04584851832273509,0.8125,0.38181120491174214
5,PPT1,3.381367,1.8941588,0.0007212617822587957,0.04828211224767703,0.5625,0.1884113584036838
5,CALM2,3.3763463,1.1914531,0.0007345538698357719,0.04893203729988927,0.84375,0.5372217958557176
5,UBL7,3.3724935,2.126688,0.0007449086998508939,0.04926754281010723,0.46875,0.08710667689946278
5,TRAPPC1,3.3717928,1.3794341,0.0007468058993623459,0.04926754281010723,0.90625,0.44474290099769764
5,FAM26F,3.3670058,1.6657006,0.0007598906793973698,0.04965103884138986,0.625,0.22448196469685341
5,HLA-A,-3.3696914,-0.5026154,0.0007525244561844639,0.049406124873341534,1.0,0.9650805832693784
5,CD52,-3.3968954,-0.6434172,0.000681550177175983,0.04584851832273509,0.9375,0.8944742900997698
5,CD7,-3.4287698,-5.217127,0.0006063236994051866,0.041817961813521355,0.03125,0.3718342287029931
5,RPL31,-3.43344,-0.41317648,0.0005959741515653007,0.04159517674876114,1.0,0.9719877206446662
5,RPL30,-3.5552163,-0.3546499,0.0003776681935113355,0.029064564032234234,1.0,0.9846508058326938
5,RPS15A,-3.5706282,-0.34222463,0.0003561262030385984,0.027632155844858522,1.0,0.986569455103607
5,RPLP2,-3.728015,-0.32857877,0.00019299386192345955,0.016786778206539895,1.0,0.9923254029163469
5,EEF1A1,-3.830877,-0.29973173,0.00012768734544607902,0.012109016593136493,1.0,0.9915579432079816
5,RPL13,-3.953821,-0.334856,7.691299043697369e-05,0.007897171409077537,1.0,0.9973138910207214
5,TPT1,-3.986746,-0.47986317,6.698565421257307e-05,0.007091132511061224,1.0,0.9858019953952417
5,RPS12,-4.0904255,-0.43997747,4.305829301562506e-05,0.004741968140494966,1.0,0.9934765924788949
5,CD3E,-4.1438994,-3.7972758,3.414494845559559e-05,0.0038535819513191186,0.125,0.49002302379125096
5,RPS6,-4.1732054,-0.4167552,3.003442233025043e-05,0.0034466392549739487,1.0,0.9961627014581734
5,HLA-C,-4.2074146,-0.6112372,2.5830890464998536e-05,0.0030149285486326493,1.0,0.9811972371450499
5,RPS20,-4.2715135,-0.6362905,1.9415065599919597e-05,0.002454927183634278,0.96875,0.954336147352264
5,RPL9,-4.310627,-0.47729897,1.6279241143546728e-05,0.0020972577080780575,1.0,0.9773599386032233
5,GLTSCR2,-4.3114443,-0.8955307,1.621917500614779e-05,0.0020972577080780575,0.90625,0.8326937835763623
5,IL32,-4.332927,-3.3136585,1.4713976094467722e-05,0.0019894461143173388,0.21875,0.5564082885648504
5,RPS25,-4.3561616,-0.5235462,1.3236304588884307e-05,0.0018258078329879202,1.0,0.9808135072908672
5,EEF1D,-4.4036813,-0.63725436,1.0642926980318368e-05,0.0014983485653940992,0.96875,0.9662317728319263
5,HLA-E,-4.459491,-0.8221047,8.215468035174463e-06,0.001193515228599388,0.9375,0.8867996930161166
5,CD3D,-4.5326967,-4.3437796,5.8235453477451845e-06,0.0008836259474312027,0.125,0.5249424405218726
5,RPL23A,-5.039884,-0.5821705,4.6581401001585365e-07,9.219066841705068e-05,1.0,0.991174213353799
5,LTB,-5.1956363,-2.9675825,2.0402071022949903e-07,4.493720675635546e-05,0.46875,0.7068303914044513
5,RPS27A,-5.2801676,-1.0021347,1.2906575478014784e-07,3.0921437671538576e-05,0.96875,0.9739063699155794
5,BTG1,-5.3629475,-1.1834366,8.187479127491424e-08,2.150157980096594e-05,0.90625,0.8806600153491941
5,PTPRCAP,-5.466043,-3.5309927,4.601928135125115e-08,1.2825291961891546e-05,0.21875,0.646968534151957
5,RPL21,-5.572291,-0.82511294,2.5141127414019766e-08,7.732455393395262e-06,1.0,0.9927091327705295
5,RPS27,-5.845266,-0.801414,5.0575927296017275e-09,1.9185135087622553e-06,1.0,0.9934765924788949
5,B2M,-5.8462,-0.64688486,5.029290245950262e-09,1.9185135087622553e-06,1.0,0.9996162701458173
5,MALAT1,-6.9993978,-1.2285522,2.5706490347312048e-12,2.3403188812192886e-09,1.0,0.9996162701458173
